<?xml version="1.0" encoding="UTF-8"?>
<gpx version="1.1" creator="Kurviger" xmlns="http://www.topografix.com/GPX/1/1" xmlns:xsi="http://www.w3.org/2001/XMLSchema-instance" xsi:schemaLocation="http://www.topografix.com/GPX/1/1 http://www.topografix.com/GPX/1/1/gpx.xsd http://www.garmin.com/xmlschemas/GpxExtensions/v3 http://www.garmin.com/xmlschemas/GpxExtensionsv3.xsd http://www.garmin.com/xmlschemas/TripExtensions/v1 http://www.garmin.com/xmlschemas/TripExtensionsv1.xsd" xmlns:gpxx="http://www.garmin.com/xmlschemas/GpxExtensions/v3" xmlns:trp="http://www.garmin.com/xmlschemas/TripExtensions/v1">
	<metadata>
		<name>Kühtaisattel</name>
		<copyright author="OpenStreetMap contributors"/>
		<link href="https://kurviger.com">
			<text>Kurviger.com GPX</text>
		</link>
		<time>2026-09-22T12:57:28.618Z</time>
	</metadata>
	<trk>
		<name>Kühtaisattel</name>
		<trkseg>
			<trkpt lat="47.4916" lon="11.09861">
				<ele>708.26</ele>
				<time>2026-09-22T12:57:28.618Z</time>
			</trkpt>
			<trkpt lat="47.49175" lon="11.0992">
				<ele>710.03</ele>
				<time>2026-09-22T12:57:34.030Z</time>
			</trkpt>
			<trkpt lat="47.49203" lon="11.10027">
				<ele>709.01</ele>
				<time>2026-09-22T12:57:43.931Z</time>
			</trkpt>
			<trkpt lat="47.49226" lon="11.101">
				<ele>710.51</ele>
				<time>2026-09-22T12:57:50.917Z</time>
			</trkpt>
			<trkpt lat="47.49236" lon="11.10126">
				<ele>709.92</ele>
				<time>2026-09-22T12:57:53.518Z</time>
			</trkpt>
			<trkpt lat="47.49297" lon="11.10264">
				<ele>707.52</ele>
				<time>2026-09-22T12:58:07.914Z</time>
			</trkpt>
			<trkpt lat="47.49314" lon="11.10313">
				<ele>709.28</ele>
				<time>2026-09-22T12:58:12.742Z</time>
			</trkpt>
			<trkpt lat="47.49326" lon="11.10361">
				<ele>711.02</ele>
				<time>2026-09-22T12:58:17.235Z</time>
			</trkpt>
			<trkpt lat="47.49358" lon="11.10448">
				<ele>708.25</ele>
				<time>2026-09-22T12:58:25.949Z</time>
			</trkpt>
			<trkpt lat="47.49386" lon="11.1053">
				<ele>709</ele>
				<time>2026-09-22T12:58:34.050Z</time>
			</trkpt>
			<trkpt lat="47.49384" lon="11.10537">
				<ele>709</ele>
				<time>2026-09-22T12:58:34.733Z</time>
			</trkpt>
			<trkpt lat="47.4938" lon="11.10577">
				<ele>709</ele>
				<time>2026-09-22T12:58:38.514Z</time>
			</trkpt>
			<trkpt lat="47.49372" lon="11.10602">
				<ele>709</ele>
				<time>2026-09-22T12:58:40.770Z</time>
			</trkpt>
			<trkpt lat="47.49336" lon="11.10638">
				<ele>711</ele>
				<time>2026-09-22T12:58:45.304Z</time>
			</trkpt>
			<trkpt lat="47.49254" lon="11.10713">
				<ele>712.82</ele>
				<time>2026-09-22T12:58:55.262Z</time>
			</trkpt>
			<trkpt lat="47.49219" lon="11.1075">
				<ele>712.88</ele>
				<time>2026-09-22T12:58:59.659Z</time>
			</trkpt>
			<trkpt lat="47.49182" lon="11.10795">
				<ele>712</ele>
				<time>2026-09-22T12:59:04.523Z</time>
			</trkpt>
			<trkpt lat="47.49167" lon="11.10818">
				<ele>712</ele>
				<time>2026-09-22T12:59:06.705Z</time>
			</trkpt>
			<trkpt lat="47.49155" lon="11.10841">
				<ele>713</ele>
				<time>2026-09-22T12:59:08.683Z</time>
			</trkpt>
			<trkpt lat="47.4911" lon="11.10949">
				<ele>714</ele>
				<time>2026-09-22T12:59:17.253Z</time>
			</trkpt>
			<trkpt lat="47.49087" lon="11.11027">
				<ele>715.98</ele>
				<time>2026-09-22T12:59:22.941Z</time>
			</trkpt>
			<trkpt lat="47.49074" lon="11.11065">
				<ele>717.35</ele>
				<time>2026-09-22T12:59:25.769Z</time>
			</trkpt>
			<trkpt lat="47.49052" lon="11.11146">
				<ele>718.61</ele>
				<time>2026-09-22T12:59:31.531Z</time>
			</trkpt>
			<trkpt lat="47.49027" lon="11.11222">
				<ele>718.95</ele>
				<time>2026-09-22T12:59:37.062Z</time>
			</trkpt>
			<trkpt lat="47.49007" lon="11.11264">
				<ele>717.26</ele>
				<time>2026-09-22T12:59:40.402Z</time>
			</trkpt>
			<trkpt lat="47.4897" lon="11.11322">
				<ele>718.07</ele>
				<time>2026-09-22T12:59:45.554Z</time>
			</trkpt>
			<trkpt lat="47.48962" lon="11.11333">
				<ele>718.36</ele>
				<time>2026-09-22T12:59:46.593Z</time>
			</trkpt>
			<trkpt lat="47.48887" lon="11.11415">
				<ele>718.1</ele>
				<time>2026-09-22T12:59:55.400Z</time>
			</trkpt>
			<trkpt lat="47.48868" lon="11.11432">
				<ele>718.57</ele>
				<time>2026-09-22T12:59:57.479Z</time>
			</trkpt>
			<trkpt lat="47.48854" lon="11.1145">
				<ele>719.45</ele>
				<time>2026-09-22T12:59:59.211Z</time>
			</trkpt>
			<trkpt lat="47.48669" lon="11.11729">
				<ele>726.9</ele>
				<time>2026-09-22T13:00:23.392Z</time>
			</trkpt>
			<trkpt lat="47.48643" lon="11.11764">
				<ele>726.56</ele>
				<time>2026-09-22T13:00:26.543Z</time>
			</trkpt>
			<trkpt lat="47.48612" lon="11.11799">
				<ele>724.53</ele>
				<time>2026-09-22T13:00:30.020Z</time>
			</trkpt>
			<trkpt lat="47.48468" lon="11.11981">
				<ele>732.34</ele>
				<time>2026-09-22T13:00:46.646Z</time>
			</trkpt>
			<trkpt lat="47.48436" lon="11.12024">
				<ele>731.31</ele>
				<time>2026-09-22T13:00:50.380Z</time>
			</trkpt>
			<trkpt lat="47.48416" lon="11.12067">
				<ele>735.16</ele>
				<time>2026-09-22T13:00:53.412Z</time>
			</trkpt>
			<trkpt lat="47.48404" lon="11.12113">
				<ele>739.85</ele>
				<time>2026-09-22T13:00:56.263Z</time>
			</trkpt>
			<trkpt lat="47.484" lon="11.12167">
				<ele>737.6</ele>
				<time>2026-09-22T13:00:59.389Z</time>
			</trkpt>
			<trkpt lat="47.48401" lon="11.12196">
				<ele>737.73</ele>
				<time>2026-09-22T13:01:01.054Z</time>
			</trkpt>
			<trkpt lat="47.48404" lon="11.1223">
				<ele>739.39</ele>
				<time>2026-09-22T13:01:03.014Z</time>
			</trkpt>
			<trkpt lat="47.48409" lon="11.12259">
				<ele>741.42</ele>
				<time>2026-09-22T13:01:04.720Z</time>
			</trkpt>
			<trkpt lat="47.48417" lon="11.12297">
				<ele>742.64</ele>
				<time>2026-09-22T13:01:06.982Z</time>
			</trkpt>
			<trkpt lat="47.4843" lon="11.12338">
				<ele>743.05</ele>
				<time>2026-09-22T13:01:09.546Z</time>
			</trkpt>
			<trkpt lat="47.48449" lon="11.124">
				<ele>745.94</ele>
				<time>2026-09-22T13:01:13.380Z</time>
			</trkpt>
			<trkpt lat="47.4847" lon="11.12494">
				<ele>747.76</ele>
				<time>2026-09-22T13:01:18.916Z</time>
			</trkpt>
			<trkpt lat="47.48482" lon="11.12535">
				<ele>749.76</ele>
				<time>2026-09-22T13:01:21.398Z</time>
			</trkpt>
			<trkpt lat="47.48517" lon="11.12615">
				<ele>753.29</ele>
				<time>2026-09-22T13:01:26.661Z</time>
			</trkpt>
			<trkpt lat="47.48532" lon="11.12664">
				<ele>754.1</ele>
				<time>2026-09-22T13:01:29.612Z</time>
			</trkpt>
			<trkpt lat="47.48561" lon="11.12808">
				<ele>752.15</ele>
				<time>2026-09-22T13:01:37.785Z</time>
			</trkpt>
			<trkpt lat="47.48587" lon="11.12923">
				<ele>762.92</ele>
				<time>2026-09-22T13:01:44.305Z</time>
			</trkpt>
			<trkpt lat="47.4859" lon="11.12942">
				<ele>765.2</ele>
				<time>2026-09-22T13:01:45.348Z</time>
			</trkpt>
			<trkpt lat="47.48594" lon="11.12992">
				<ele>768.87</ele>
				<time>2026-09-22T13:01:48.032Z</time>
			</trkpt>
			<trkpt lat="47.48594" lon="11.13016">
				<ele>769.65</ele>
				<time>2026-09-22T13:01:49.307Z</time>
			</trkpt>
			<trkpt lat="47.48592" lon="11.13058">
				<ele>769.64</ele>
				<time>2026-09-22T13:01:51.538Z</time>
			</trkpt>
			<trkpt lat="47.48585" lon="11.13098">
				<ele>770.34</ele>
				<time>2026-09-22T13:01:53.720Z</time>
			</trkpt>
			<trkpt lat="47.48578" lon="11.13127">
				<ele>771.25</ele>
				<time>2026-09-22T13:01:55.342Z</time>
			</trkpt>
			<trkpt lat="47.48567" lon="11.1319">
				<ele>772.52</ele>
				<time>2026-09-22T13:01:58.755Z</time>
			</trkpt>
			<trkpt lat="47.48566" lon="11.13218">
				<ele>774.85</ele>
				<time>2026-09-22T13:02:00.220Z</time>
			</trkpt>
			<trkpt lat="47.4857" lon="11.1327">
				<ele>779.89</ele>
				<time>2026-09-22T13:02:02.946Z</time>
			</trkpt>
			<trkpt lat="47.48569" lon="11.13287">
				<ele>780.57</ele>
				<time>2026-09-22T13:02:03.832Z</time>
			</trkpt>
			<trkpt lat="47.48566" lon="11.13302">
				<ele>780.54</ele>
				<time>2026-09-22T13:02:04.644Z</time>
			</trkpt>
			<trkpt lat="47.48552" lon="11.13331">
				<ele>780.15</ele>
				<time>2026-09-22T13:02:06.489Z</time>
			</trkpt>
			<trkpt lat="47.48523" lon="11.13365">
				<ele>781.45</ele>
				<time>2026-09-22T13:02:09.313Z</time>
			</trkpt>
			<trkpt lat="47.48511" lon="11.13381">
				<ele>780.32</ele>
				<time>2026-09-22T13:02:10.542Z</time>
			</trkpt>
			<trkpt lat="47.48502" lon="11.13397">
				<ele>779.48</ele>
				<time>2026-09-22T13:02:11.611Z</time>
			</trkpt>
			<trkpt lat="47.48491" lon="11.13432">
				<ele>779.4</ele>
				<time>2026-09-22T13:02:13.588Z</time>
			</trkpt>
			<trkpt lat="47.4849" lon="11.13448">
				<ele>780.3</ele>
				<time>2026-09-22T13:02:14.409Z</time>
			</trkpt>
			<trkpt lat="47.4849" lon="11.13463">
				<ele>780.87</ele>
				<time>2026-09-22T13:02:15.175Z</time>
			</trkpt>
			<trkpt lat="47.48492" lon="11.13481">
				<ele>782.39</ele>
				<time>2026-09-22T13:02:16.105Z</time>
			</trkpt>
			<trkpt lat="47.48496" lon="11.13495">
				<ele>784.26</ele>
				<time>2026-09-22T13:02:16.879Z</time>
			</trkpt>
			<trkpt lat="47.48508" lon="11.13519">
				<ele>788.27</ele>
				<time>2026-09-22T13:02:18.396Z</time>
			</trkpt>
			<trkpt lat="47.48526" lon="11.13547">
				<ele>792.57</ele>
				<time>2026-09-22T13:02:20.355Z</time>
			</trkpt>
			<trkpt lat="47.48531" lon="11.13561">
				<ele>793.75</ele>
				<time>2026-09-22T13:02:21.156Z</time>
			</trkpt>
			<trkpt lat="47.48534" lon="11.13577">
				<ele>795.01</ele>
				<time>2026-09-22T13:02:21.995Z</time>
			</trkpt>
			<trkpt lat="47.48535" lon="11.13597">
				<ele>796.11</ele>
				<time>2026-09-22T13:02:23.007Z</time>
			</trkpt>
			<trkpt lat="47.48528" lon="11.13699">
				<ele>799.21</ele>
				<time>2026-09-22T13:02:28.157Z</time>
			</trkpt>
			<trkpt lat="47.48524" lon="11.13787">
				<ele>799.09</ele>
				<time>2026-09-22T13:02:32.556Z</time>
			</trkpt>
			<trkpt lat="47.48525" lon="11.13836">
				<ele>798.42</ele>
				<time>2026-09-22T13:02:34.988Z</time>
			</trkpt>
			<trkpt lat="47.48528" lon="11.1388">
				<ele>802.05</ele>
				<time>2026-09-22T13:02:37.176Z</time>
			</trkpt>
			<trkpt lat="47.48545" lon="11.14037">
				<ele>807</ele>
				<time>2026-09-22T13:02:44.983Z</time>
			</trkpt>
			<trkpt lat="47.48547" lon="11.14068">
				<ele>808.33</ele>
				<time>2026-09-22T13:02:46.501Z</time>
			</trkpt>
			<trkpt lat="47.48541" lon="11.1425">
				<ele>818.97</ele>
				<time>2026-09-22T13:02:55.324Z</time>
			</trkpt>
			<trkpt lat="47.48541" lon="11.14287">
				<ele>820.12</ele>
				<time>2026-09-22T13:02:57.102Z</time>
			</trkpt>
			<trkpt lat="47.48545" lon="11.14357">
				<ele>824.13</ele>
				<time>2026-09-22T13:03:00.466Z</time>
			</trkpt>
			<trkpt lat="47.48557" lon="11.14449">
				<ele>824.35</ele>
				<time>2026-09-22T13:03:04.930Z</time>
			</trkpt>
			<trkpt lat="47.48587" lon="11.14622">
				<ele>834.59</ele>
				<time>2026-09-22T13:03:13.364Z</time>
			</trkpt>
			<trkpt lat="47.48612" lon="11.14851">
				<ele>837.45</ele>
				<time>2026-09-22T13:03:24.183Z</time>
			</trkpt>
			<trkpt lat="47.48642" lon="11.15061">
				<ele>846.74</ele>
				<time>2026-09-22T13:03:34.065Z</time>
			</trkpt>
			<trkpt lat="47.48649" lon="11.15142">
				<ele>847.5</ele>
				<time>2026-09-22T13:03:37.794Z</time>
			</trkpt>
			<trkpt lat="47.48658" lon="11.15212">
				<ele>848.45</ele>
				<time>2026-09-22T13:03:41.034Z</time>
			</trkpt>
			<trkpt lat="47.48675" lon="11.15285">
				<ele>853.03</ele>
				<time>2026-09-22T13:03:44.533Z</time>
			</trkpt>
			<trkpt lat="47.48696" lon="11.15349">
				<ele>857.31</ele>
				<time>2026-09-22T13:03:47.744Z</time>
			</trkpt>
			<trkpt lat="47.48736" lon="11.15438">
				<ele>867.2</ele>
				<time>2026-09-22T13:03:52.548Z</time>
			</trkpt>
			<trkpt lat="47.48753" lon="11.15482">
				<ele>873.4</ele>
				<time>2026-09-22T13:03:54.817Z</time>
			</trkpt>
			<trkpt lat="47.48762" lon="11.15517">
				<ele>874.87</ele>
				<time>2026-09-22T13:03:56.490Z</time>
			</trkpt>
			<trkpt lat="47.48766" lon="11.15548">
				<ele>875.46</ele>
				<time>2026-09-22T13:03:57.898Z</time>
			</trkpt>
			<trkpt lat="47.48771" lon="11.15717">
				<ele>870.68</ele>
				<time>2026-09-22T13:04:05.411Z</time>
			</trkpt>
			<trkpt lat="47.48777" lon="11.15785">
				<ele>873.18</ele>
				<time>2026-09-22T13:04:08.441Z</time>
			</trkpt>
			<trkpt lat="47.48785" lon="11.15846">
				<ele>873.08</ele>
				<time>2026-09-22T13:04:11.179Z</time>
			</trkpt>
			<trkpt lat="47.4881" lon="11.16007">
				<ele>877.44</ele>
				<time>2026-09-22T13:04:18.427Z</time>
			</trkpt>
			<trkpt lat="47.48818" lon="11.16096">
				<ele>876.32</ele>
				<time>2026-09-22T13:04:22.348Z</time>
			</trkpt>
			<trkpt lat="47.48822" lon="11.16162">
				<ele>877.5</ele>
				<time>2026-09-22T13:04:25.233Z</time>
			</trkpt>
			<trkpt lat="47.48828" lon="11.16249">
				<ele>879.41</ele>
				<time>2026-09-22T13:04:29.032Z</time>
			</trkpt>
			<trkpt lat="47.4884" lon="11.1637">
				<ele>880.26</ele>
				<time>2026-09-22T13:04:34.326Z</time>
			</trkpt>
			<trkpt lat="47.48846" lon="11.16421">
				<ele>877.32</ele>
				<time>2026-09-22T13:04:36.561Z</time>
			</trkpt>
			<trkpt lat="47.4889" lon="11.1672">
				<ele>873.4</ele>
				<time>2026-09-22T13:04:49.711Z</time>
			</trkpt>
			<trkpt lat="47.48904" lon="11.16834">
				<ele>870.34</ele>
				<time>2026-09-22T13:04:54.665Z</time>
			</trkpt>
			<trkpt lat="47.48908" lon="11.16894">
				<ele>871.48</ele>
				<time>2026-09-22T13:04:57.238Z</time>
			</trkpt>
			<trkpt lat="47.48914" lon="11.1701">
				<ele>875.78</ele>
				<time>2026-09-22T13:05:02.195Z</time>
			</trkpt>
			<trkpt lat="47.48915" lon="11.17131">
				<ele>873.09</ele>
				<time>2026-09-22T13:05:07.341Z</time>
			</trkpt>
			<trkpt lat="47.48913" lon="11.17218">
				<ele>870.41</ele>
				<time>2026-09-22T13:05:11.038Z</time>
			</trkpt>
			<trkpt lat="47.4891" lon="11.17254">
				<ele>869.48</ele>
				<time>2026-09-22T13:05:12.577Z</time>
			</trkpt>
			<trkpt lat="47.48898" lon="11.17382">
				<ele>861.9</ele>
				<time>2026-09-22T13:05:18.055Z</time>
			</trkpt>
			<trkpt lat="47.48882" lon="11.17492">
				<ele>861.56</ele>
				<time>2026-09-22T13:05:22.820Z</time>
			</trkpt>
			<trkpt lat="47.48874" lon="11.17563">
				<ele>860.58</ele>
				<time>2026-09-22T13:05:25.867Z</time>
			</trkpt>
			<trkpt lat="47.4886" lon="11.17796">
				<ele>859.25</ele>
				<time>2026-09-22T13:05:35.761Z</time>
			</trkpt>
			<trkpt lat="47.48851" lon="11.17862">
				<ele>859.39</ele>
				<time>2026-09-22T13:05:38.609Z</time>
			</trkpt>
			<trkpt lat="47.48838" lon="11.17936">
				<ele>859.38</ele>
				<time>2026-09-22T13:05:41.843Z</time>
			</trkpt>
			<trkpt lat="47.488" lon="11.18102">
				<ele>866.54</ele>
				<time>2026-09-22T13:05:49.259Z</time>
			</trkpt>
			<trkpt lat="47.48789" lon="11.18179">
				<ele>869.06</ele>
				<time>2026-09-22T13:05:52.592Z</time>
			</trkpt>
			<trkpt lat="47.48783" lon="11.18257">
				<ele>874.52</ele>
				<time>2026-09-22T13:05:55.919Z</time>
			</trkpt>
			<trkpt lat="47.48782" lon="11.18409">
				<ele>871.13</ele>
				<time>2026-09-22T13:06:02.369Z</time>
			</trkpt>
			<trkpt lat="47.4878" lon="11.18473">
				<ele>867.48</ele>
				<time>2026-09-22T13:06:05.091Z</time>
			</trkpt>
			<trkpt lat="47.48771" lon="11.18605">
				<ele>870.77</ele>
				<time>2026-09-22T13:06:10.736Z</time>
			</trkpt>
			<trkpt lat="47.4877" lon="11.18692">
				<ele>871.94</ele>
				<time>2026-09-22T13:06:14.445Z</time>
			</trkpt>
			<trkpt lat="47.48776" lon="11.18777">
				<ele>875.94</ele>
				<time>2026-09-22T13:06:18.094Z</time>
			</trkpt>
			<trkpt lat="47.48782" lon="11.18835">
				<ele>879.3</ele>
				<time>2026-09-22T13:06:20.603Z</time>
			</trkpt>
			<trkpt lat="47.48798" lon="11.18932">
				<ele>880.8</ele>
				<time>2026-09-22T13:06:24.880Z</time>
			</trkpt>
			<trkpt lat="47.48806" lon="11.18992">
				<ele>881.28</ele>
				<time>2026-09-22T13:06:27.505Z</time>
			</trkpt>
			<trkpt lat="47.48813" lon="11.1907">
				<ele>884.3</ele>
				<time>2026-09-22T13:06:30.888Z</time>
			</trkpt>
			<trkpt lat="47.48814" lon="11.1914">
				<ele>883.77</ele>
				<time>2026-09-22T13:06:33.904Z</time>
			</trkpt>
			<trkpt lat="47.48806" lon="11.19271">
				<ele>890.6</ele>
				<time>2026-09-22T13:06:39.587Z</time>
			</trkpt>
			<trkpt lat="47.48804" lon="11.19325">
				<ele>891.24</ele>
				<time>2026-09-22T13:06:41.930Z</time>
			</trkpt>
			<trkpt lat="47.48806" lon="11.19378">
				<ele>891</ele>
				<time>2026-09-22T13:06:44.234Z</time>
			</trkpt>
			<trkpt lat="47.48808" lon="11.19404">
				<ele>891.83</ele>
				<time>2026-09-22T13:06:45.371Z</time>
			</trkpt>
			<trkpt lat="47.48814" lon="11.19437">
				<ele>895.68</ele>
				<time>2026-09-22T13:06:46.858Z</time>
			</trkpt>
			<trkpt lat="47.48842" lon="11.19564">
				<ele>911.89</ele>
				<time>2026-09-22T13:06:52.685Z</time>
			</trkpt>
			<trkpt lat="47.48848" lon="11.19613">
				<ele>911.23</ele>
				<time>2026-09-22T13:06:54.865Z</time>
			</trkpt>
			<trkpt lat="47.48851" lon="11.19647">
				<ele>910.59</ele>
				<time>2026-09-22T13:06:56.368Z</time>
			</trkpt>
			<trkpt lat="47.48851" lon="11.19695">
				<ele>906.05</ele>
				<time>2026-09-22T13:06:58.476Z</time>
			</trkpt>
			<trkpt lat="47.48845" lon="11.198">
				<ele>897.67</ele>
				<time>2026-09-22T13:07:03.116Z</time>
			</trkpt>
			<trkpt lat="47.48845" lon="11.19842">
				<ele>900.78</ele>
				<time>2026-09-22T13:07:04.972Z</time>
			</trkpt>
			<trkpt lat="47.48848" lon="11.19885">
				<ele>903.27</ele>
				<time>2026-09-22T13:07:06.884Z</time>
			</trkpt>
			<trkpt lat="47.48852" lon="11.19918">
				<ele>903.56</ele>
				<time>2026-09-22T13:07:08.370Z</time>
			</trkpt>
			<trkpt lat="47.48862" lon="11.19964">
				<ele>899.27</ele>
				<time>2026-09-22T13:07:10.516Z</time>
			</trkpt>
			<trkpt lat="47.48875" lon="11.20008">
				<ele>896.44</ele>
				<time>2026-09-22T13:07:12.653Z</time>
			</trkpt>
			<trkpt lat="47.48886" lon="11.2004">
				<ele>893.73</ele>
				<time>2026-09-22T13:07:14.253Z</time>
			</trkpt>
			<trkpt lat="47.4894" lon="11.20174">
				<ele>894.73</ele>
				<time>2026-09-22T13:07:21.239Z</time>
			</trkpt>
			<trkpt lat="47.4896" lon="11.20232">
				<ele>895.21</ele>
				<time>2026-09-22T13:07:24.170Z</time>
			</trkpt>
			<trkpt lat="47.48972" lon="11.20279">
				<ele>894.99</ele>
				<time>2026-09-22T13:07:26.438Z</time>
			</trkpt>
			<trkpt lat="47.48978" lon="11.20314">
				<ele>895.32</ele>
				<time>2026-09-22T13:07:28.072Z</time>
			</trkpt>
			<trkpt lat="47.48987" lon="11.20408">
				<ele>897.31</ele>
				<time>2026-09-22T13:07:32.381Z</time>
			</trkpt>
			<trkpt lat="47.48988" lon="11.20461">
				<ele>898.59</ele>
				<time>2026-09-22T13:07:34.797Z</time>
			</trkpt>
			<trkpt lat="47.48986" lon="11.20556">
				<ele>901.59</ele>
				<time>2026-09-22T13:07:39.145Z</time>
			</trkpt>
			<trkpt lat="47.48977" lon="11.20641">
				<ele>907.89</ele>
				<time>2026-09-22T13:07:43.101Z</time>
			</trkpt>
			<trkpt lat="47.48944" lon="11.20881">
				<ele>913.46</ele>
				<time>2026-09-22T13:07:54.468Z</time>
			</trkpt>
			<trkpt lat="47.4893" lon="11.21022">
				<ele>918.77</ele>
				<time>2026-09-22T13:08:01.159Z</time>
			</trkpt>
			<trkpt lat="47.48927" lon="11.21091">
				<ele>915.45</ele>
				<time>2026-09-22T13:08:04.427Z</time>
			</trkpt>
			<trkpt lat="47.48928" lon="11.21237">
				<ele>917.61</ele>
				<time>2026-09-22T13:08:11.374Z</time>
			</trkpt>
			<trkpt lat="47.48942" lon="11.21486">
				<ele>924.76</ele>
				<time>2026-09-22T13:08:23.420Z</time>
			</trkpt>
			<trkpt lat="47.48945" lon="11.21564">
				<ele>925.1</ele>
				<time>2026-09-22T13:08:27.229Z</time>
			</trkpt>
			<trkpt lat="47.48942" lon="11.21662">
				<ele>926.37</ele>
				<time>2026-09-22T13:08:32.041Z</time>
			</trkpt>
			<trkpt lat="47.48935" lon="11.2173">
				<ele>927.4</ele>
				<time>2026-09-22T13:08:35.435Z</time>
			</trkpt>
			<trkpt lat="47.48927" lon="11.21783">
				<ele>929.59</ele>
				<time>2026-09-22T13:08:38.127Z</time>
			</trkpt>
			<trkpt lat="47.48923" lon="11.21846">
				<ele>929.7</ele>
				<time>2026-09-22T13:08:41.277Z</time>
			</trkpt>
			<trkpt lat="47.48924" lon="11.2201">
				<ele>929.86</ele>
				<time>2026-09-22T13:08:49.510Z</time>
			</trkpt>
			<trkpt lat="47.48921" lon="11.22064">
				<ele>932.06</ele>
				<time>2026-09-22T13:08:52.252Z</time>
			</trkpt>
			<trkpt lat="47.48916" lon="11.22109">
				<ele>929.99</ele>
				<time>2026-09-22T13:08:54.569Z</time>
			</trkpt>
			<trkpt lat="47.48907" lon="11.22154">
				<ele>932.75</ele>
				<time>2026-09-22T13:08:56.961Z</time>
			</trkpt>
			<trkpt lat="47.48896" lon="11.22201">
				<ele>936.07</ele>
				<time>2026-09-22T13:08:59.507Z</time>
			</trkpt>
			<trkpt lat="47.4888" lon="11.22255">
				<ele>935.17</ele>
				<time>2026-09-22T13:09:02.537Z</time>
			</trkpt>
			<trkpt lat="47.4886" lon="11.22308">
				<ele>935.27</ele>
				<time>2026-09-22T13:09:05.671Z</time>
			</trkpt>
			<trkpt lat="47.48795" lon="11.22496">
				<ele>930.94</ele>
				<time>2026-09-22T13:09:16.695Z</time>
			</trkpt>
			<trkpt lat="47.48754" lon="11.22588">
				<ele>931.35</ele>
				<time>2026-09-22T13:09:22.523Z</time>
			</trkpt>
			<trkpt lat="47.48729" lon="11.22632">
				<ele>932.36</ele>
				<time>2026-09-22T13:09:25.584Z</time>
			</trkpt>
			<trkpt lat="47.48642" lon="11.22766">
				<ele>927.99</ele>
				<time>2026-09-22T13:09:35.580Z</time>
			</trkpt>
			<trkpt lat="47.486" lon="11.22839">
				<ele>928.95</ele>
				<time>2026-09-22T13:09:40.799Z</time>
			</trkpt>
			<trkpt lat="47.48587" lon="11.22866">
				<ele>927.11</ele>
				<time>2026-09-22T13:09:42.614Z</time>
			</trkpt>
			<trkpt lat="47.48559" lon="11.2293">
				<ele>927.62</ele>
				<time>2026-09-22T13:09:46.807Z</time>
			</trkpt>
			<trkpt lat="47.48518" lon="11.23046">
				<ele>924.44</ele>
				<time>2026-09-22T13:09:54.072Z</time>
			</trkpt>
			<trkpt lat="47.48492" lon="11.2313">
				<ele>923</ele>
				<time>2026-09-22T13:09:59.249Z</time>
			</trkpt>
			<trkpt lat="47.48462" lon="11.23214">
				<ele>924.23</ele>
				<time>2026-09-22T13:10:04.618Z</time>
			</trkpt>
			<trkpt lat="47.48443" lon="11.23273">
				<ele>922.87</ele>
				<time>2026-09-22T13:10:08.338Z</time>
			</trkpt>
			<trkpt lat="47.48421" lon="11.23384">
				<ele>925.06</ele>
				<time>2026-09-22T13:10:14.975Z</time>
			</trkpt>
			<trkpt lat="47.48386" lon="11.23585">
				<ele>933.75</ele>
				<time>2026-09-22T13:10:27.061Z</time>
			</trkpt>
			<trkpt lat="47.48346" lon="11.23789">
				<ele>933.17</ele>
				<time>2026-09-22T13:10:39.671Z</time>
			</trkpt>
			<trkpt lat="47.4834" lon="11.23818">
				<ele>931.92</ele>
				<time>2026-09-22T13:10:41.492Z</time>
			</trkpt>
			<trkpt lat="47.48319" lon="11.23889">
				<ele>934.59</ele>
				<time>2026-09-22T13:10:46.169Z</time>
			</trkpt>
			<trkpt lat="47.48285" lon="11.24017">
				<ele>936.56</ele>
				<time>2026-09-22T13:10:54.552Z</time>
			</trkpt>
			<trkpt lat="47.48267" lon="11.24045">
				<ele>936</ele>
				<time>2026-09-22T13:10:57.066Z</time>
			</trkpt>
			<trkpt lat="47.4826" lon="11.2406">
				<ele>935.73</ele>
				<time>2026-09-22T13:10:58.429Z</time>
			</trkpt>
			<trkpt lat="47.48247" lon="11.24065">
				<ele>935.33</ele>
				<time>2026-09-22T13:10:59.707Z</time>
			</trkpt>
			<trkpt lat="47.48227" lon="11.24083">
				<ele>934.8</ele>
				<time>2026-09-22T13:11:01.508Z</time>
			</trkpt>
			<trkpt lat="47.48219" lon="11.241">
				<ele>935.38</ele>
				<time>2026-09-22T13:11:02.573Z</time>
			</trkpt>
			<trkpt lat="47.48216" lon="11.24111">
				<ele>935.85</ele>
				<time>2026-09-22T13:11:03.178Z</time>
			</trkpt>
			<trkpt lat="47.48214" lon="11.24136">
				<ele>936.29</ele>
				<time>2026-09-22T13:11:04.454Z</time>
			</trkpt>
			<trkpt lat="47.4822" lon="11.24184">
				<ele>934.46</ele>
				<time>2026-09-22T13:11:06.888Z</time>
			</trkpt>
			<trkpt lat="47.48223" lon="11.24249">
				<ele>934.91</ele>
				<time>2026-09-22T13:11:10.062Z</time>
			</trkpt>
			<trkpt lat="47.48219" lon="11.24343">
				<ele>938.95</ele>
				<time>2026-09-22T13:11:14.503Z</time>
			</trkpt>
			<trkpt lat="47.48217" lon="11.24357">
				<ele>939.81</ele>
				<time>2026-09-22T13:11:15.163Z</time>
			</trkpt>
			<trkpt lat="47.48209" lon="11.24406">
				<ele>943.66</ele>
				<time>2026-09-22T13:11:17.458Z</time>
			</trkpt>
			<trkpt lat="47.48177" lon="11.24489">
				<ele>940.95</ele>
				<time>2026-09-22T13:11:21.684Z</time>
			</trkpt>
			<trkpt lat="47.48155" lon="11.24528">
				<ele>939.89</ele>
				<time>2026-09-22T13:11:23.866Z</time>
			</trkpt>
			<trkpt lat="47.48137" lon="11.24549">
				<ele>940.01</ele>
				<time>2026-09-22T13:11:25.300Z</time>
			</trkpt>
			<trkpt lat="47.48047" lon="11.24625">
				<ele>939.19</ele>
				<time>2026-09-22T13:11:31.555Z</time>
			</trkpt>
			<trkpt lat="47.48014" lon="11.24659">
				<ele>939.45</ele>
				<time>2026-09-22T13:11:33.888Z</time>
			</trkpt>
			<trkpt lat="47.47975" lon="11.24723">
				<ele>934.25</ele>
				<time>2026-09-22T13:11:37.182Z</time>
			</trkpt>
			<trkpt lat="47.47757" lon="11.25137">
				<ele>941.45</ele>
				<time>2026-09-22T13:11:55.432Z</time>
			</trkpt>
			<trkpt lat="47.47729" lon="11.25183">
				<ele>940.84</ele>
				<time>2026-09-22T13:11:57.423Z</time>
			</trkpt>
			<trkpt lat="47.47678" lon="11.25251">
				<ele>944.55</ele>
				<time>2026-09-22T13:12:00.637Z</time>
			</trkpt>
			<trkpt lat="47.47611" lon="11.25327">
				<ele>944.2</ele>
				<time>2026-09-22T13:12:04.513Z</time>
			</trkpt>
			<trkpt lat="47.47497" lon="11.25464">
				<ele>956.73</ele>
				<time>2026-09-22T13:12:11.115Z</time>
			</trkpt>
			<trkpt lat="47.47475" lon="11.25488">
				<ele>955.19</ele>
				<time>2026-09-22T13:12:12.331Z</time>
			</trkpt>
			<trkpt lat="47.47457" lon="11.25502">
				<ele>954.53</ele>
				<time>2026-09-22T13:12:13.235Z</time>
			</trkpt>
			<trkpt lat="47.47317" lon="11.25584">
				<ele>962.22</ele>
				<time>2026-09-22T13:12:19.914Z</time>
			</trkpt>
			<trkpt lat="47.47286" lon="11.25605">
				<ele>965.97</ele>
				<time>2026-09-22T13:12:21.431Z</time>
			</trkpt>
			<trkpt lat="47.47221" lon="11.25658">
				<ele>967.71</ele>
				<time>2026-09-22T13:12:24.754Z</time>
			</trkpt>
			<trkpt lat="47.47134" lon="11.25715">
				<ele>968.34</ele>
				<time>2026-09-22T13:12:29.070Z</time>
			</trkpt>
			<trkpt lat="47.47107" lon="11.25727">
				<ele>967.17</ele>
				<time>2026-09-22T13:12:30.365Z</time>
			</trkpt>
			<trkpt lat="47.47093" lon="11.25728">
				<ele>967.87</ele>
				<time>2026-09-22T13:12:31.012Z</time>
			</trkpt>
			<trkpt lat="47.47033" lon="11.25715">
				<ele>971.11</ele>
				<time>2026-09-22T13:12:33.840Z</time>
			</trkpt>
			<trkpt lat="47.46995" lon="11.25717">
				<ele>971.55</ele>
				<time>2026-09-22T13:12:35.638Z</time>
			</trkpt>
			<trkpt lat="47.46978" lon="11.25722">
				<ele>972.55</ele>
				<time>2026-09-22T13:12:36.464Z</time>
			</trkpt>
			<trkpt lat="47.46961" lon="11.2573">
				<ele>973.46</ele>
				<time>2026-09-22T13:12:37.320Z</time>
			</trkpt>
			<trkpt lat="47.46893" lon="11.25773">
				<ele>975.28</ele>
				<time>2026-09-22T13:12:40.925Z</time>
			</trkpt>
			<trkpt lat="47.46877" lon="11.25792">
				<ele>975.3</ele>
				<time>2026-09-22T13:12:41.943Z</time>
			</trkpt>
			<trkpt lat="47.46858" lon="11.25833">
				<ele>973.91</ele>
				<time>2026-09-22T13:12:43.627Z</time>
			</trkpt>
			<trkpt lat="47.46849" lon="11.25863">
				<ele>972.42</ele>
				<time>2026-09-22T13:12:44.753Z</time>
			</trkpt>
			<trkpt lat="47.46829" lon="11.259">
				<ele>969.94</ele>
				<time>2026-09-22T13:12:46.396Z</time>
			</trkpt>
			<trkpt lat="47.46808" lon="11.2592">
				<ele>968.97</ele>
				<time>2026-09-22T13:12:47.693Z</time>
			</trkpt>
			<trkpt lat="47.4678" lon="11.25937">
				<ele>967.11</ele>
				<time>2026-09-22T13:12:49.285Z</time>
			</trkpt>
			<trkpt lat="47.46764" lon="11.25943">
				<ele>963.63</ele>
				<time>2026-09-22T13:12:50.162Z</time>
			</trkpt>
			<trkpt lat="47.46682" lon="11.25974">
				<ele>960.15</ele>
				<time>2026-09-22T13:12:54.650Z</time>
			</trkpt>
			<trkpt lat="47.46649" lon="11.25965">
				<ele>961.23</ele>
				<time>2026-09-22T13:12:56.382Z</time>
			</trkpt>
			<trkpt lat="47.46624" lon="11.25963">
				<ele>962.2</ele>
				<time>2026-09-22T13:12:57.658Z</time>
			</trkpt>
			<trkpt lat="47.46598" lon="11.25987">
				<ele>960.24</ele>
				<time>2026-09-22T13:12:59.200Z</time>
			</trkpt>
			<trkpt lat="47.46581" lon="11.26006">
				<ele>957.56</ele>
				<time>2026-09-22T13:13:00.261Z</time>
			</trkpt>
			<trkpt lat="47.4657" lon="11.26029">
				<ele>952.53</ele>
				<time>2026-09-22T13:13:01.201Z</time>
			</trkpt>
			<trkpt lat="47.46555" lon="11.26074">
				<ele>946.95</ele>
				<time>2026-09-22T13:13:02.858Z</time>
			</trkpt>
			<trkpt lat="47.46544" lon="11.26089">
				<ele>946.2</ele>
				<time>2026-09-22T13:13:03.582Z</time>
			</trkpt>
			<trkpt lat="47.46529" lon="11.26095">
				<ele>946.53</ele>
				<time>2026-09-22T13:13:04.330Z</time>
			</trkpt>
			<trkpt lat="47.46514" lon="11.26094">
				<ele>946.52</ele>
				<time>2026-09-22T13:13:05.049Z</time>
			</trkpt>
			<trkpt lat="47.4647" lon="11.26078">
				<ele>948.56</ele>
				<time>2026-09-22T13:13:07.197Z</time>
			</trkpt>
			<trkpt lat="47.46453" lon="11.26081">
				<ele>946.91</ele>
				<time>2026-09-22T13:13:08.000Z</time>
			</trkpt>
			<trkpt lat="47.46437" lon="11.26099">
				<ele>943.59</ele>
				<time>2026-09-22T13:13:08.939Z</time>
			</trkpt>
			<trkpt lat="47.46406" lon="11.26169">
				<ele>944.17</ele>
				<time>2026-09-22T13:13:11.551Z</time>
			</trkpt>
			<trkpt lat="47.46392" lon="11.26219">
				<ele>944.49</ele>
				<time>2026-09-22T13:13:13.222Z</time>
			</trkpt>
			<trkpt lat="47.46379" lon="11.26242">
				<ele>942.88</ele>
				<time>2026-09-22T13:13:14.142Z</time>
			</trkpt>
			<trkpt lat="47.46357" lon="11.26262">
				<ele>940.43</ele>
				<time>2026-09-22T13:13:15.308Z</time>
			</trkpt>
			<trkpt lat="47.46333" lon="11.26266">
				<ele>941.22</ele>
				<time>2026-09-22T13:13:16.395Z</time>
			</trkpt>
			<trkpt lat="47.46305" lon="11.26261">
				<ele>943.68</ele>
				<time>2026-09-22T13:13:17.658Z</time>
			</trkpt>
			<trkpt lat="47.46288" lon="11.26267">
				<ele>941.85</ele>
				<time>2026-09-22T13:13:18.439Z</time>
			</trkpt>
			<trkpt lat="47.46204" lon="11.26334">
				<ele>935.98</ele>
				<time>2026-09-22T13:13:22.680Z</time>
			</trkpt>
			<trkpt lat="47.46187" lon="11.2635">
				<ele>936.52</ele>
				<time>2026-09-22T13:13:23.572Z</time>
			</trkpt>
			<trkpt lat="47.46168" lon="11.26379">
				<ele>937.85</ele>
				<time>2026-09-22T13:13:24.781Z</time>
			</trkpt>
			<trkpt lat="47.46154" lon="11.26397">
				<ele>937.97</ele>
				<time>2026-09-22T13:13:25.603Z</time>
			</trkpt>
			<trkpt lat="47.46135" lon="11.2641">
				<ele>937.34</ele>
				<time>2026-09-22T13:13:26.531Z</time>
			</trkpt>
			<trkpt lat="47.46104" lon="11.26423">
				<ele>936.64</ele>
				<time>2026-09-22T13:13:27.961Z</time>
			</trkpt>
			<trkpt lat="47.46037" lon="11.26458">
				<ele>936.52</ele>
				<time>2026-09-22T13:13:31.127Z</time>
			</trkpt>
			<trkpt lat="47.45938" lon="11.26505">
				<ele>941.8</ele>
				<time>2026-09-22T13:13:35.819Z</time>
			</trkpt>
			<trkpt lat="47.45843" lon="11.26538">
				<ele>951.25</ele>
				<time>2026-09-22T13:13:40.319Z</time>
			</trkpt>
			<trkpt lat="47.45807" lon="11.26546">
				<ele>953.32</ele>
				<time>2026-09-22T13:13:42.029Z</time>
			</trkpt>
			<trkpt lat="47.45764" lon="11.2655">
				<ele>955.3</ele>
				<time>2026-09-22T13:13:44.080Z</time>
			</trkpt>
			<trkpt lat="47.45747" lon="11.26563">
				<ele>958.2</ele>
				<time>2026-09-22T13:13:45.000Z</time>
			</trkpt>
			<trkpt lat="47.45725" lon="11.26602">
				<ele>963.61</ele>
				<time>2026-09-22T13:13:46.669Z</time>
			</trkpt>
			<trkpt lat="47.45677" lon="11.26668">
				<ele>963.28</ele>
				<time>2026-09-22T13:13:49.916Z</time>
			</trkpt>
			<trkpt lat="47.45649" lon="11.2671">
				<ele>959.16</ele>
				<time>2026-09-22T13:13:51.936Z</time>
			</trkpt>
			<trkpt lat="47.45637" lon="11.26743">
				<ele>954.86</ele>
				<time>2026-09-22T13:13:53.238Z</time>
			</trkpt>
			<trkpt lat="47.45618" lon="11.26799">
				<ele>954.75</ele>
				<time>2026-09-22T13:13:55.450Z</time>
			</trkpt>
			<trkpt lat="47.45607" lon="11.26819">
				<ele>954.05</ele>
				<time>2026-09-22T13:13:56.374Z</time>
			</trkpt>
			<trkpt lat="47.45591" lon="11.26834">
				<ele>953.21</ele>
				<time>2026-09-22T13:13:57.386Z</time>
			</trkpt>
			<trkpt lat="47.45565" lon="11.26845">
				<ele>949.26</ele>
				<time>2026-09-22T13:13:58.849Z</time>
			</trkpt>
			<trkpt lat="47.45553" lon="11.26852">
				<ele>946.68</ele>
				<time>2026-09-22T13:13:59.553Z</time>
			</trkpt>
			<trkpt lat="47.4554" lon="11.26863">
				<ele>944.33</ele>
				<time>2026-09-22T13:14:00.378Z</time>
			</trkpt>
			<trkpt lat="47.45529" lon="11.26879">
				<ele>942.56</ele>
				<time>2026-09-22T13:14:01.233Z</time>
			</trkpt>
			<trkpt lat="47.45466" lon="11.26993">
				<ele>939.76</ele>
				<time>2026-09-22T13:14:06.932Z</time>
			</trkpt>
			<trkpt lat="47.45439" lon="11.27031">
				<ele>937.39</ele>
				<time>2026-09-22T13:14:09.149Z</time>
			</trkpt>
			<trkpt lat="47.45419" lon="11.27045">
				<ele>938.02</ele>
				<time>2026-09-22T13:14:10.488Z</time>
			</trkpt>
			<trkpt lat="47.45406" lon="11.27048">
				<ele>935.46</ele>
				<time>2026-09-22T13:14:11.293Z</time>
			</trkpt>
			<trkpt lat="47.45389" lon="11.27047">
				<ele>931.48</ele>
				<time>2026-09-22T13:14:12.343Z</time>
			</trkpt>
			<trkpt lat="47.45374" lon="11.27037">
				<ele>930.41</ele>
				<time>2026-09-22T13:14:13.368Z</time>
			</trkpt>
			<trkpt lat="47.45352" lon="11.27011">
				<ele>932.26</ele>
				<time>2026-09-22T13:14:15.147Z</time>
			</trkpt>
			<trkpt lat="47.45321" lon="11.27003">
				<ele>922.14</ele>
				<time>2026-09-22T13:14:17.171Z</time>
			</trkpt>
			<trkpt lat="47.45308" lon="11.26993">
				<ele>918.41</ele>
				<time>2026-09-22T13:14:18.127Z</time>
			</trkpt>
			<trkpt lat="47.45289" lon="11.26967">
				<ele>922.05</ele>
				<time>2026-09-22T13:14:19.837Z</time>
			</trkpt>
			<trkpt lat="47.4524" lon="11.26912">
				<ele>928.04</ele>
				<time>2026-09-22T13:14:24.014Z</time>
			</trkpt>
			<trkpt lat="47.45219" lon="11.26893">
				<ele>928.71</ele>
				<time>2026-09-22T13:14:25.731Z</time>
			</trkpt>
			<trkpt lat="47.45197" lon="11.26877">
				<ele>924.73</ele>
				<time>2026-09-22T13:14:27.469Z</time>
			</trkpt>
			<trkpt lat="47.45147" lon="11.2681">
				<ele>918.45</ele>
				<time>2026-09-22T13:14:32.395Z</time>
			</trkpt>
			<trkpt lat="47.45112" lon="11.2676">
				<ele>918.45</ele>
				<time>2026-09-22T13:14:36.084Z</time>
			</trkpt>
			<trkpt lat="47.45079" lon="11.26708">
				<ele>919.13</ele>
				<time>2026-09-22T13:14:39.857Z</time>
			</trkpt>
			<trkpt lat="47.45054" lon="11.26676">
				<ele>919.08</ele>
				<time>2026-09-22T13:14:42.514Z</time>
			</trkpt>
			<trkpt lat="47.45031" lon="11.26653">
				<ele>920.24</ele>
				<time>2026-09-22T13:14:44.790Z</time>
			</trkpt>
			<trkpt lat="47.45016" lon="11.26643">
				<ele>919.42</ele>
				<time>2026-09-22T13:14:46.159Z</time>
			</trkpt>
			<trkpt lat="47.45004" lon="11.26639">
				<ele>917.79</ele>
				<time>2026-09-22T13:14:47.192Z</time>
			</trkpt>
			<trkpt lat="47.44997" lon="11.26645">
				<ele>916.13</ele>
				<time>2026-09-22T13:14:47.876Z</time>
			</trkpt>
			<trkpt lat="47.44991" lon="11.26668">
				<ele>913.7</ele>
				<time>2026-09-22T13:14:49.297Z</time>
			</trkpt>
			<trkpt lat="47.44888" lon="11.26643">
				<ele>910.05</ele>
				<time>2026-09-22T13:14:59.460Z</time>
			</trkpt>
			<trkpt lat="47.44879" lon="11.26642">
				<ele>910.67</ele>
				<time>2026-09-22T13:15:00.501Z</time>
			</trkpt>
			<trkpt lat="47.44873" lon="11.26645">
				<ele>911.08</ele>
				<time>2026-09-22T13:15:01.247Z</time>
			</trkpt>
			<trkpt lat="47.44848" lon="11.26621">
				<ele>912.44</ele>
				<time>2026-09-22T13:15:04.915Z</time>
			</trkpt>
			<trkpt lat="47.44817" lon="11.26595">
				<ele>913.8</ele>
				<time>2026-09-22T13:15:09.629Z</time>
			</trkpt>
			<trkpt lat="47.44759" lon="11.26561">
				<ele>912.43</ele>
				<time>2026-09-22T13:15:18.653Z</time>
			</trkpt>
			<trkpt lat="47.44729" lon="11.26537">
				<ele>912.16</ele>
				<time>2026-09-22T13:15:23.954Z</time>
			</trkpt>
			<trkpt lat="47.447" lon="11.26514">
				<ele>911.61</ele>
				<time>2026-09-22T13:15:29.281Z</time>
			</trkpt>
			<trkpt lat="47.44602" lon="11.26426">
				<ele>915.24</ele>
				<time>2026-09-22T13:15:49.136Z</time>
			</trkpt>
			<trkpt lat="47.44533" lon="11.26373">
				<ele>908.78</ele>
				<time>2026-09-22T13:16:03.368Z</time>
			</trkpt>
			<trkpt lat="47.44514" lon="11.26353">
				<ele>911.33</ele>
				<time>2026-09-22T13:16:07.700Z</time>
			</trkpt>
			<trkpt lat="47.4447" lon="11.26299">
				<ele>914.93</ele>
				<time>2026-09-22T13:16:18.366Z</time>
			</trkpt>
			<trkpt lat="47.44437" lon="11.26268">
				<ele>917.35</ele>
				<time>2026-09-22T13:16:25.643Z</time>
			</trkpt>
			<trkpt lat="47.44392" lon="11.2624">
				<ele>917.16</ele>
				<time>2026-09-22T13:16:34.642Z</time>
			</trkpt>
			<trkpt lat="47.44382" lon="11.26232">
				<ele>916.9</ele>
				<time>2026-09-22T13:16:36.717Z</time>
			</trkpt>
			<trkpt lat="47.44364" lon="11.26202">
				<ele>916.83</ele>
				<time>2026-09-22T13:16:41.622Z</time>
			</trkpt>
			<trkpt lat="47.44353" lon="11.26195">
				<ele>917</ele>
				<time>2026-09-22T13:16:43.766Z</time>
			</trkpt>
			<trkpt lat="47.44323" lon="11.26188">
				<ele>916.25</ele>
				<time>2026-09-22T13:16:49.132Z</time>
			</trkpt>
			<trkpt lat="47.44259" lon="11.26181">
				<ele>913.82</ele>
				<time>2026-09-22T13:17:00.067Z</time>
			</trkpt>
			<trkpt lat="47.44223" lon="11.26182">
				<ele>915.37</ele>
				<time>2026-09-22T13:17:05.909Z</time>
			</trkpt>
			<trkpt lat="47.44207" lon="11.26179">
				<ele>915.81</ele>
				<time>2026-09-22T13:17:08.446Z</time>
			</trkpt>
			<trkpt lat="47.44201" lon="11.26176">
				<ele>916.13</ele>
				<time>2026-09-22T13:17:09.428Z</time>
			</trkpt>
			<trkpt lat="47.44191" lon="11.26156">
				<ele>917.39</ele>
				<time>2026-09-22T13:17:11.996Z</time>
			</trkpt>
			<trkpt lat="47.44187" lon="11.26151">
				<ele>917.67</ele>
				<time>2026-09-22T13:17:12.783Z</time>
			</trkpt>
			<trkpt lat="47.44183" lon="11.26149">
				<ele>917.88</ele>
				<time>2026-09-22T13:17:13.413Z</time>
			</trkpt>
			<trkpt lat="47.44173" lon="11.26153">
				<ele>917.84</ele>
				<time>2026-09-22T13:17:14.941Z</time>
			</trkpt>
			<trkpt lat="47.44157" lon="11.26173">
				<ele>916.59</ele>
				<time>2026-09-22T13:17:17.954Z</time>
			</trkpt>
			<trkpt lat="47.44142" lon="11.26183">
				<ele>916.3</ele>
				<time>2026-09-22T13:17:20.245Z</time>
			</trkpt>
			<trkpt lat="47.44137" lon="11.26191">
				<ele>916.16</ele>
				<time>2026-09-22T13:17:21.249Z</time>
			</trkpt>
			<trkpt lat="47.44132" lon="11.26208">
				<ele>915.83</ele>
				<time>2026-09-22T13:17:22.923Z</time>
			</trkpt>
			<trkpt lat="47.44107" lon="11.2619">
				<ele>917.13</ele>
				<time>2026-09-22T13:17:26.483Z</time>
			</trkpt>
			<trkpt lat="47.44066" lon="11.26158">
				<ele>916.23</ele>
				<time>2026-09-22T13:17:32.200Z</time>
			</trkpt>
			<trkpt lat="47.44051" lon="11.2615">
				<ele>915.47</ele>
				<time>2026-09-22T13:17:34.146Z</time>
			</trkpt>
			<trkpt lat="47.44036" lon="11.26147">
				<ele>915.49</ele>
				<time>2026-09-22T13:17:35.984Z</time>
			</trkpt>
			<trkpt lat="47.44012" lon="11.26146">
				<ele>916.69</ele>
				<time>2026-09-22T13:17:38.880Z</time>
			</trkpt>
			<trkpt lat="47.43999" lon="11.26142">
				<ele>917.3</ele>
				<time>2026-09-22T13:17:40.472Z</time>
			</trkpt>
			<trkpt lat="47.43975" lon="11.26125">
				<ele>917.87</ele>
				<time>2026-09-22T13:17:43.643Z</time>
			</trkpt>
			<trkpt lat="47.43921" lon="11.26075">
				<ele>917.78</ele>
				<time>2026-09-22T13:17:51.123Z</time>
			</trkpt>
			<trkpt lat="47.43902" lon="11.26054">
				<ele>917</ele>
				<time>2026-09-22T13:17:53.869Z</time>
			</trkpt>
			<trkpt lat="47.43838" lon="11.26019">
				<ele>917.83</ele>
				<time>2026-09-22T13:18:01.654Z</time>
			</trkpt>
			<trkpt lat="47.43807" lon="11.2601">
				<ele>918.93</ele>
				<time>2026-09-22T13:18:05.203Z</time>
			</trkpt>
			<trkpt lat="47.43708" lon="11.25997">
				<ele>918.52</ele>
				<time>2026-09-22T13:18:16.145Z</time>
			</trkpt>
			<trkpt lat="47.43601" lon="11.25957">
				<ele>920.61</ele>
				<time>2026-09-22T13:18:27.920Z</time>
			</trkpt>
			<trkpt lat="47.43578" lon="11.25955">
				<ele>918.71</ele>
				<time>2026-09-22T13:18:30.331Z</time>
			</trkpt>
			<trkpt lat="47.43559" lon="11.25965">
				<ele>917.92</ele>
				<time>2026-09-22T13:18:32.429Z</time>
			</trkpt>
			<trkpt lat="47.43529" lon="11.25989">
				<ele>918.63</ele>
				<time>2026-09-22T13:18:35.950Z</time>
			</trkpt>
			<trkpt lat="47.43513" lon="11.25996">
				<ele>919.44</ele>
				<time>2026-09-22T13:18:37.660Z</time>
			</trkpt>
			<trkpt lat="47.43496" lon="11.25996">
				<ele>920</ele>
				<time>2026-09-22T13:18:39.395Z</time>
			</trkpt>
			<trkpt lat="47.43385" lon="11.25968">
				<ele>926.28</ele>
				<time>2026-09-22T13:18:50.685Z</time>
			</trkpt>
			<trkpt lat="47.4336" lon="11.25967">
				<ele>923.25</ele>
				<time>2026-09-22T13:18:53.148Z</time>
			</trkpt>
			<trkpt lat="47.4334" lon="11.25973">
				<ele>920.79</ele>
				<time>2026-09-22T13:18:55.147Z</time>
			</trkpt>
			<trkpt lat="47.43328" lon="11.2598">
				<ele>919.6</ele>
				<time>2026-09-22T13:18:56.405Z</time>
			</trkpt>
			<trkpt lat="47.43299" lon="11.26012">
				<ele>917.28</ele>
				<time>2026-09-22T13:18:59.912Z</time>
			</trkpt>
			<trkpt lat="47.43277" lon="11.26031">
				<ele>918.87</ele>
				<time>2026-09-22T13:19:02.363Z</time>
			</trkpt>
			<trkpt lat="47.43197" lon="11.26071">
				<ele>921.76</ele>
				<time>2026-09-22T13:19:10.384Z</time>
			</trkpt>
			<trkpt lat="47.43153" lon="11.26078">
				<ele>922.09</ele>
				<time>2026-09-22T13:19:14.526Z</time>
			</trkpt>
			<trkpt lat="47.4297" lon="11.26046">
				<ele>923.37</ele>
				<time>2026-09-22T13:19:31.374Z</time>
			</trkpt>
			<trkpt lat="47.42882" lon="11.26036">
				<ele>921.3</ele>
				<time>2026-09-22T13:19:39.241Z</time>
			</trkpt>
			<trkpt lat="47.42678" lon="11.26019">
				<ele>922.12</ele>
				<time>2026-09-22T13:19:57.052Z</time>
			</trkpt>
			<trkpt lat="47.42624" lon="11.26009">
				<ele>924.21</ele>
				<time>2026-09-22T13:20:01.719Z</time>
			</trkpt>
			<trkpt lat="47.42589" lon="11.26">
				<ele>925</ele>
				<time>2026-09-22T13:20:04.751Z</time>
			</trkpt>
			<trkpt lat="47.42557" lon="11.25989">
				<ele>923.09</ele>
				<time>2026-09-22T13:20:07.546Z</time>
			</trkpt>
			<trkpt lat="47.42501" lon="11.25964">
				<ele>924.89</ele>
				<time>2026-09-22T13:20:12.504Z</time>
			</trkpt>
			<trkpt lat="47.42464" lon="11.25942">
				<ele>927.21</ele>
				<time>2026-09-22T13:20:15.872Z</time>
			</trkpt>
			<trkpt lat="47.42432" lon="11.25912">
				<ele>927.9</ele>
				<time>2026-09-22T13:20:19.064Z</time>
			</trkpt>
			<trkpt lat="47.42416" lon="11.259">
				<ele>928</ele>
				<time>2026-09-22T13:20:20.573Z</time>
			</trkpt>
			<trkpt lat="47.42404" lon="11.25898">
				<ele>928</ele>
				<time>2026-09-22T13:20:21.588Z</time>
			</trkpt>
			<trkpt lat="47.42395" lon="11.25905">
				<ele>928</ele>
				<time>2026-09-22T13:20:22.442Z</time>
			</trkpt>
			<trkpt lat="47.42386" lon="11.25925">
				<ele>928.33</ele>
				<time>2026-09-22T13:20:23.807Z</time>
			</trkpt>
			<trkpt lat="47.42382" lon="11.25944">
				<ele>928.4</ele>
				<time>2026-09-22T13:20:24.937Z</time>
			</trkpt>
			<trkpt lat="47.42107" lon="11.25848">
				<ele>931.73</ele>
				<time>2026-09-22T13:20:48.465Z</time>
			</trkpt>
			<trkpt lat="47.41876" lon="11.25771">
				<ele>932.87</ele>
				<time>2026-09-22T13:21:07.887Z</time>
			</trkpt>
			<trkpt lat="47.41756" lon="11.25741">
				<ele>934.4</ele>
				<time>2026-09-22T13:21:17.767Z</time>
			</trkpt>
			<trkpt lat="47.41679" lon="11.25728">
				<ele>933.69</ele>
				<time>2026-09-22T13:21:24.022Z</time>
			</trkpt>
			<trkpt lat="47.41617" lon="11.25723">
				<ele>934.26</ele>
				<time>2026-09-22T13:21:29.014Z</time>
			</trkpt>
			<trkpt lat="47.41559" lon="11.25721">
				<ele>934.99</ele>
				<time>2026-09-22T13:21:33.663Z</time>
			</trkpt>
			<trkpt lat="47.41491" lon="11.25724">
				<ele>935.99</ele>
				<time>2026-09-22T13:21:39.095Z</time>
			</trkpt>
			<trkpt lat="47.41435" lon="11.2573">
				<ele>937.86</ele>
				<time>2026-09-22T13:21:43.562Z</time>
			</trkpt>
			<trkpt lat="47.4137" lon="11.25743">
				<ele>938.79</ele>
				<time>2026-09-22T13:21:48.764Z</time>
			</trkpt>
			<trkpt lat="47.41299" lon="11.25764">
				<ele>936.11</ele>
				<time>2026-09-22T13:21:54.484Z</time>
			</trkpt>
			<trkpt lat="47.41222" lon="11.2579">
				<ele>940.92</ele>
				<time>2026-09-22T13:22:00.697Z</time>
			</trkpt>
			<trkpt lat="47.41108" lon="11.25839">
				<ele>942.83</ele>
				<time>2026-09-22T13:22:09.986Z</time>
			</trkpt>
			<trkpt lat="47.41023" lon="11.25888">
				<ele>943.16</ele>
				<time>2026-09-22T13:22:17.085Z</time>
			</trkpt>
			<trkpt lat="47.40958" lon="11.2593">
				<ele>944.49</ele>
				<time>2026-09-22T13:22:22.580Z</time>
			</trkpt>
			<trkpt lat="47.40783" lon="11.26061">
				<ele>945.09</ele>
				<time>2026-09-22T13:22:37.667Z</time>
			</trkpt>
			<trkpt lat="47.40716" lon="11.26106">
				<ele>944.94</ele>
				<time>2026-09-22T13:22:43.287Z</time>
			</trkpt>
			<trkpt lat="47.40668" lon="11.26134">
				<ele>948.9</ele>
				<time>2026-09-22T13:22:47.215Z</time>
			</trkpt>
			<trkpt lat="47.4062" lon="11.26155">
				<ele>949.97</ele>
				<time>2026-09-22T13:22:51.014Z</time>
			</trkpt>
			<trkpt lat="47.40501" lon="11.26196">
				<ele>953.48</ele>
				<time>2026-09-22T13:23:00.249Z</time>
			</trkpt>
			<trkpt lat="47.4044" lon="11.26221">
				<ele>947.64</ele>
				<time>2026-09-22T13:23:05.010Z</time>
			</trkpt>
			<trkpt lat="47.40377" lon="11.26258">
				<ele>948.5</ele>
				<time>2026-09-22T13:23:10.092Z</time>
			</trkpt>
			<trkpt lat="47.40338" lon="11.26285">
				<ele>946.6</ele>
				<time>2026-09-22T13:23:13.311Z</time>
			</trkpt>
			<trkpt lat="47.40259" lon="11.26345">
				<ele>951.44</ele>
				<time>2026-09-22T13:23:19.929Z</time>
			</trkpt>
			<trkpt lat="47.40182" lon="11.26412">
				<ele>949.21</ele>
				<time>2026-09-22T13:23:26.557Z</time>
			</trkpt>
			<trkpt lat="47.40104" lon="11.26485">
				<ele>955.71</ele>
				<time>2026-09-22T13:23:33.375Z</time>
			</trkpt>
			<trkpt lat="47.40019" lon="11.26566">
				<ele>959.35</ele>
				<time>2026-09-22T13:23:40.808Z</time>
			</trkpt>
			<trkpt lat="47.39929" lon="11.2665">
				<ele>952.92</ele>
				<time>2026-09-22T13:23:48.592Z</time>
			</trkpt>
			<trkpt lat="47.39894" lon="11.2668">
				<ele>954.6</ele>
				<time>2026-09-22T13:23:51.540Z</time>
			</trkpt>
			<trkpt lat="47.39875" lon="11.26694">
				<ele>954.98</ele>
				<time>2026-09-22T13:23:53.085Z</time>
			</trkpt>
			<trkpt lat="47.39825" lon="11.26722">
				<ele>956.01</ele>
				<time>2026-09-22T13:23:56.968Z</time>
			</trkpt>
			<trkpt lat="47.39783" lon="11.26737">
				<ele>957.12</ele>
				<time>2026-09-22T13:24:00.099Z</time>
			</trkpt>
			<trkpt lat="47.39729" lon="11.26747">
				<ele>955.88</ele>
				<time>2026-09-22T13:24:04.033Z</time>
			</trkpt>
			<trkpt lat="47.39709" lon="11.26744">
				<ele>956.71</ele>
				<time>2026-09-22T13:24:05.484Z</time>
			</trkpt>
			<trkpt lat="47.39681" lon="11.26729">
				<ele>957.26</ele>
				<time>2026-09-22T13:24:07.631Z</time>
			</trkpt>
			<trkpt lat="47.39649" lon="11.2669">
				<ele>957.08</ele>
				<time>2026-09-22T13:24:10.616Z</time>
			</trkpt>
			<trkpt lat="47.39564" lon="11.26554">
				<ele>960.41</ele>
				<time>2026-09-22T13:24:19.599Z</time>
			</trkpt>
			<trkpt lat="47.39495" lon="11.26452">
				<ele>972.39</ele>
				<time>2026-09-22T13:24:26.561Z</time>
			</trkpt>
			<trkpt lat="47.3943" lon="11.26362">
				<ele>970.06</ele>
				<time>2026-09-22T13:24:32.888Z</time>
			</trkpt>
			<trkpt lat="47.39282" lon="11.26176">
				<ele>972.79</ele>
				<time>2026-09-22T13:24:46.603Z</time>
			</trkpt>
			<trkpt lat="47.3926" lon="11.26147">
				<ele>973.21</ele>
				<time>2026-09-22T13:24:48.674Z</time>
			</trkpt>
			<trkpt lat="47.39211" lon="11.26069">
				<ele>974.27</ele>
				<time>2026-09-22T13:24:53.723Z</time>
			</trkpt>
			<trkpt lat="47.39177" lon="11.26009">
				<ele>975.05</ele>
				<time>2026-09-22T13:24:57.425Z</time>
			</trkpt>
			<trkpt lat="47.39145" lon="11.25946">
				<ele>975.85</ele>
				<time>2026-09-22T13:25:01.144Z</time>
			</trkpt>
			<trkpt lat="47.39014" lon="11.2565">
				<ele>979.57</ele>
				<time>2026-09-22T13:25:17.739Z</time>
			</trkpt>
			<trkpt lat="47.38986" lon="11.2558">
				<ele>980.44</ele>
				<time>2026-09-22T13:25:21.532Z</time>
			</trkpt>
			<trkpt lat="47.38949" lon="11.25461">
				<ele>981.86</ele>
				<time>2026-09-22T13:25:27.622Z</time>
			</trkpt>
			<trkpt lat="47.38933" lon="11.25422">
				<ele>982.34</ele>
				<time>2026-09-22T13:25:29.738Z</time>
			</trkpt>
			<trkpt lat="47.3891" lon="11.25378">
				<ele>982.92</ele>
				<time>2026-09-22T13:25:32.314Z</time>
			</trkpt>
			<trkpt lat="47.38881" lon="11.25336">
				<ele>980.46</ele>
				<time>2026-09-22T13:25:35.090Z</time>
			</trkpt>
			<trkpt lat="47.38857" lon="11.25307">
				<ele>979.43</ele>
				<time>2026-09-22T13:25:37.206Z</time>
			</trkpt>
			<trkpt lat="47.38836" lon="11.25288">
				<ele>977.86</ele>
				<time>2026-09-22T13:25:38.885Z</time>
			</trkpt>
			<trkpt lat="47.38805" lon="11.25264">
				<ele>978.04</ele>
				<time>2026-09-22T13:25:41.269Z</time>
			</trkpt>
			<trkpt lat="47.38782" lon="11.25251">
				<ele>977.06</ele>
				<time>2026-09-22T13:25:42.944Z</time>
			</trkpt>
			<trkpt lat="47.38759" lon="11.2524">
				<ele>975.9</ele>
				<time>2026-09-22T13:25:44.587Z</time>
			</trkpt>
			<trkpt lat="47.38721" lon="11.25228">
				<ele>975.94</ele>
				<time>2026-09-22T13:25:47.224Z</time>
			</trkpt>
			<trkpt lat="47.38642" lon="11.25218">
				<ele>970.87</ele>
				<time>2026-09-22T13:25:52.594Z</time>
			</trkpt>
			<trkpt lat="47.38628" lon="11.25215">
				<ele>971.86</ele>
				<time>2026-09-22T13:25:53.551Z</time>
			</trkpt>
			<trkpt lat="47.38591" lon="11.252">
				<ele>973.89</ele>
				<time>2026-09-22T13:25:56.142Z</time>
			</trkpt>
			<trkpt lat="47.38576" lon="11.2519">
				<ele>974.11</ele>
				<time>2026-09-22T13:25:57.253Z</time>
			</trkpt>
			<trkpt lat="47.38549" lon="11.25168">
				<ele>974.96</ele>
				<time>2026-09-22T13:25:59.332Z</time>
			</trkpt>
			<trkpt lat="47.3852" lon="11.25138">
				<ele>978.83</ele>
				<time>2026-09-22T13:26:01.716Z</time>
			</trkpt>
			<trkpt lat="47.38506" lon="11.25119">
				<ele>981.03</ele>
				<time>2026-09-22T13:26:02.995Z</time>
			</trkpt>
			<trkpt lat="47.38482" lon="11.25073">
				<ele>982.9</ele>
				<time>2026-09-22T13:26:05.637Z</time>
			</trkpt>
			<trkpt lat="47.38456" lon="11.25006">
				<ele>982.46</ele>
				<time>2026-09-22T13:26:09.145Z</time>
			</trkpt>
			<trkpt lat="47.38443" lon="11.24967">
				<ele>979.54</ele>
				<time>2026-09-22T13:26:11.117Z</time>
			</trkpt>
			<trkpt lat="47.38416" lon="11.24874">
				<ele>985.48</ele>
				<time>2026-09-22T13:26:15.699Z</time>
			</trkpt>
			<trkpt lat="47.38339" lon="11.24597">
				<ele>996.61</ele>
				<time>2026-09-22T13:26:29.195Z</time>
			</trkpt>
			<trkpt lat="47.38226" lon="11.24167">
				<ele>1003.93</ele>
				<time>2026-09-22T13:26:49.811Z</time>
			</trkpt>
			<trkpt lat="47.38207" lon="11.24112">
				<ele>1003.01</ele>
				<time>2026-09-22T13:26:52.555Z</time>
			</trkpt>
			<trkpt lat="47.38181" lon="11.24056">
				<ele>1003.39</ele>
				<time>2026-09-22T13:26:55.569Z</time>
			</trkpt>
			<trkpt lat="47.38158" lon="11.24017">
				<ele>1003.02</ele>
				<time>2026-09-22T13:26:57.862Z</time>
			</trkpt>
			<trkpt lat="47.38121" lon="11.23969">
				<ele>1000.57</ele>
				<time>2026-09-22T13:27:01.083Z</time>
			</trkpt>
			<trkpt lat="47.38068" lon="11.2392">
				<ele>1008.15</ele>
				<time>2026-09-22T13:27:05.165Z</time>
			</trkpt>
			<trkpt lat="47.37996" lon="11.23871">
				<ele>1010.55</ele>
				<time>2026-09-22T13:27:10.330Z</time>
			</trkpt>
			<trkpt lat="47.37909" lon="11.23809">
				<ele>1010.92</ele>
				<time>2026-09-22T13:27:16.608Z</time>
			</trkpt>
			<trkpt lat="47.37862" lon="11.2377">
				<ele>1011.7</ele>
				<time>2026-09-22T13:27:20.105Z</time>
			</trkpt>
			<trkpt lat="47.37787" lon="11.23701">
				<ele>1013.5</ele>
				<time>2026-09-22T13:27:25.825Z</time>
			</trkpt>
			<trkpt lat="47.37756" lon="11.23674">
				<ele>1012.29</ele>
				<time>2026-09-22T13:27:28.150Z</time>
			</trkpt>
			<trkpt lat="47.37719" lon="11.23648">
				<ele>1013.09</ele>
				<time>2026-09-22T13:27:30.796Z</time>
			</trkpt>
			<trkpt lat="47.37683" lon="11.23627">
				<ele>1014.33</ele>
				<time>2026-09-22T13:27:33.292Z</time>
			</trkpt>
			<trkpt lat="47.37582" lon="11.23574">
				<ele>1011.67</ele>
				<time>2026-09-22T13:27:40.192Z</time>
			</trkpt>
			<trkpt lat="47.37525" lon="11.23552">
				<ele>1008.87</ele>
				<time>2026-09-22T13:27:43.977Z</time>
			</trkpt>
			<trkpt lat="47.3746" lon="11.2353">
				<ele>1008.15</ele>
				<time>2026-09-22T13:27:48.255Z</time>
			</trkpt>
			<trkpt lat="47.37354" lon="11.23502">
				<ele>1002.16</ele>
				<time>2026-09-22T13:27:55.148Z</time>
			</trkpt>
			<trkpt lat="47.37177" lon="11.23457">
				<ele>1004.78</ele>
				<time>2026-09-22T13:28:06.608Z</time>
			</trkpt>
			<trkpt lat="47.37064" lon="11.23424">
				<ele>1006.84</ele>
				<time>2026-09-22T13:28:13.935Z</time>
			</trkpt>
			<trkpt lat="47.37023" lon="11.23407">
				<ele>1009.65</ele>
				<time>2026-09-22T13:28:16.639Z</time>
			</trkpt>
			<trkpt lat="47.36903" lon="11.2334">
				<ele>1016.1</ele>
				<time>2026-09-22T13:28:24.773Z</time>
			</trkpt>
			<trkpt lat="47.36797" lon="11.23287">
				<ele>1017.32</ele>
				<time>2026-09-22T13:28:31.852Z</time>
			</trkpt>
			<trkpt lat="47.36704" lon="11.2325">
				<ele>1021.38</ele>
				<time>2026-09-22T13:28:37.933Z</time>
			</trkpt>
			<trkpt lat="47.36554" lon="11.23199">
				<ele>1021.91</ele>
				<time>2026-09-22T13:28:47.631Z</time>
			</trkpt>
			<trkpt lat="47.36516" lon="11.23178">
				<ele>1019.84</ele>
				<time>2026-09-22T13:28:50.183Z</time>
			</trkpt>
			<trkpt lat="47.36494" lon="11.23163">
				<ele>1018.46</ele>
				<time>2026-09-22T13:28:51.707Z</time>
			</trkpt>
			<trkpt lat="47.36391" lon="11.23074">
				<ele>1019.4</ele>
				<time>2026-09-22T13:28:59.203Z</time>
			</trkpt>
			<trkpt lat="47.36348" lon="11.2304">
				<ele>1020.55</ele>
				<time>2026-09-22T13:29:02.263Z</time>
			</trkpt>
			<trkpt lat="47.36305" lon="11.2301">
				<ele>1024.54</ele>
				<time>2026-09-22T13:29:05.245Z</time>
			</trkpt>
			<trkpt lat="47.36175" lon="11.22932">
				<ele>1026.83</ele>
				<time>2026-09-22T13:29:14.031Z</time>
			</trkpt>
			<trkpt lat="47.36134" lon="11.22905">
				<ele>1028.22</ele>
				<time>2026-09-22T13:29:16.839Z</time>
			</trkpt>
			<trkpt lat="47.36084" lon="11.22859">
				<ele>1034.69</ele>
				<time>2026-09-22T13:29:20.522Z</time>
			</trkpt>
			<trkpt lat="47.35993" lon="11.22762">
				<ele>1049.13</ele>
				<time>2026-09-22T13:29:27.531Z</time>
			</trkpt>
			<trkpt lat="47.35955" lon="11.2273">
				<ele>1047.61</ele>
				<time>2026-09-22T13:29:30.261Z</time>
			</trkpt>
			<trkpt lat="47.35919" lon="11.22706">
				<ele>1048.64</ele>
				<time>2026-09-22T13:29:32.725Z</time>
			</trkpt>
			<trkpt lat="47.35808" lon="11.22653">
				<ele>1050.3</ele>
				<time>2026-09-22T13:29:39.997Z</time>
			</trkpt>
			<trkpt lat="47.35782" lon="11.22636">
				<ele>1047.23</ele>
				<time>2026-09-22T13:29:41.768Z</time>
			</trkpt>
			<trkpt lat="47.35762" lon="11.22617">
				<ele>1049.89</ele>
				<time>2026-09-22T13:29:43.249Z</time>
			</trkpt>
			<trkpt lat="47.35748" lon="11.22601">
				<ele>1052.94</ele>
				<time>2026-09-22T13:29:44.352Z</time>
			</trkpt>
			<trkpt lat="47.35721" lon="11.22559">
				<ele>1056.31</ele>
				<time>2026-09-22T13:29:46.794Z</time>
			</trkpt>
			<trkpt lat="47.35664" lon="11.22456">
				<ele>1059.52</ele>
				<time>2026-09-22T13:29:52.400Z</time>
			</trkpt>
			<trkpt lat="47.35641" lon="11.22419">
				<ele>1064.46</ele>
				<time>2026-09-22T13:29:54.516Z</time>
			</trkpt>
			<trkpt lat="47.35615" lon="11.22384">
				<ele>1067.92</ele>
				<time>2026-09-22T13:29:56.705Z</time>
			</trkpt>
			<trkpt lat="47.35485" lon="11.22229">
				<ele>1074.93</ele>
				<time>2026-09-22T13:30:07.091Z</time>
			</trkpt>
			<trkpt lat="47.35423" lon="11.22161">
				<ele>1074.3</ele>
				<time>2026-09-22T13:30:11.890Z</time>
			</trkpt>
			<trkpt lat="47.35397" lon="11.22135">
				<ele>1077.8</ele>
				<time>2026-09-22T13:30:13.840Z</time>
			</trkpt>
			<trkpt lat="47.35342" lon="11.22086">
				<ele>1082.32</ele>
				<time>2026-09-22T13:30:17.829Z</time>
			</trkpt>
			<trkpt lat="47.3529" lon="11.22046">
				<ele>1078.67</ele>
				<time>2026-09-22T13:30:21.470Z</time>
			</trkpt>
			<trkpt lat="47.35214" lon="11.21992">
				<ele>1077.36</ele>
				<time>2026-09-22T13:30:26.706Z</time>
			</trkpt>
			<trkpt lat="47.35172" lon="11.21952">
				<ele>1073.85</ele>
				<time>2026-09-22T13:30:29.808Z</time>
			</trkpt>
			<trkpt lat="47.35151" lon="11.21926">
				<ele>1073.9</ele>
				<time>2026-09-22T13:30:31.510Z</time>
			</trkpt>
			<trkpt lat="47.35133" lon="11.21896">
				<ele>1075.15</ele>
				<time>2026-09-22T13:30:33.195Z</time>
			</trkpt>
			<trkpt lat="47.35118" lon="11.21869">
				<ele>1077.24</ele>
				<time>2026-09-22T13:30:34.663Z</time>
			</trkpt>
			<trkpt lat="47.35108" lon="11.21845">
				<ele>1077.34</ele>
				<time>2026-09-22T13:30:35.848Z</time>
			</trkpt>
			<trkpt lat="47.3505" lon="11.21681">
				<ele>1076.71</ele>
				<time>2026-09-22T13:30:43.627Z</time>
			</trkpt>
			<trkpt lat="47.35032" lon="11.21635">
				<ele>1075.3</ele>
				<time>2026-09-22T13:30:45.861Z</time>
			</trkpt>
			<trkpt lat="47.35011" lon="11.21591">
				<ele>1075.7</ele>
				<time>2026-09-22T13:30:48.125Z</time>
			</trkpt>
			<trkpt lat="47.34991" lon="11.21553">
				<ele>1076.17</ele>
				<time>2026-09-22T13:30:50.148Z</time>
			</trkpt>
			<trkpt lat="47.34962" lon="11.21506">
				<ele>1079.4</ele>
				<time>2026-09-22T13:30:52.822Z</time>
			</trkpt>
			<trkpt lat="47.34879" lon="11.21385">
				<ele>1087.77</ele>
				<time>2026-09-22T13:31:00.066Z</time>
			</trkpt>
			<trkpt lat="47.34846" lon="11.21324">
				<ele>1088.41</ele>
				<time>2026-09-22T13:31:03.351Z</time>
			</trkpt>
			<trkpt lat="47.34797" lon="11.21205">
				<ele>1098.63</ele>
				<time>2026-09-22T13:31:09.213Z</time>
			</trkpt>
			<trkpt lat="47.34772" lon="11.21154">
				<ele>1102.04</ele>
				<time>2026-09-22T13:31:11.864Z</time>
			</trkpt>
			<trkpt lat="47.34749" lon="11.21117">
				<ele>1105.14</ele>
				<time>2026-09-22T13:31:13.979Z</time>
			</trkpt>
			<trkpt lat="47.34698" lon="11.21043">
				<ele>1112.17</ele>
				<time>2026-09-22T13:31:18.426Z</time>
			</trkpt>
			<trkpt lat="47.3467" lon="11.20994">
				<ele>1111.33</ele>
				<time>2026-09-22T13:31:21.127Z</time>
			</trkpt>
			<trkpt lat="47.34655" lon="11.20959">
				<ele>1111.8</ele>
				<time>2026-09-22T13:31:22.873Z</time>
			</trkpt>
			<trkpt lat="47.346" lon="11.20789">
				<ele>1121.97</ele>
				<time>2026-09-22T13:31:30.819Z</time>
			</trkpt>
			<trkpt lat="47.34584" lon="11.20752">
				<ele>1124</ele>
				<time>2026-09-22T13:31:32.671Z</time>
			</trkpt>
			<trkpt lat="47.34563" lon="11.20713">
				<ele>1127.96</ele>
				<time>2026-09-22T13:31:34.774Z</time>
			</trkpt>
			<trkpt lat="47.34523" lon="11.20651">
				<ele>1132.42</ele>
				<time>2026-09-22T13:31:38.390Z</time>
			</trkpt>
			<trkpt lat="47.34507" lon="11.20621">
				<ele>1135.29</ele>
				<time>2026-09-22T13:31:40.003Z</time>
			</trkpt>
			<trkpt lat="47.34496" lon="11.20596">
				<ele>1136.08</ele>
				<time>2026-09-22T13:31:41.262Z</time>
			</trkpt>
			<trkpt lat="47.34485" lon="11.2056">
				<ele>1137.6</ele>
				<time>2026-09-22T13:31:42.931Z</time>
			</trkpt>
			<trkpt lat="47.34478" lon="11.20524">
				<ele>1137.6</ele>
				<time>2026-09-22T13:31:44.515Z</time>
			</trkpt>
			<trkpt lat="47.34468" lon="11.20431">
				<ele>1144.1</ele>
				<time>2026-09-22T13:31:48.498Z</time>
			</trkpt>
			<trkpt lat="47.34459" lon="11.20383">
				<ele>1146.28</ele>
				<time>2026-09-22T13:31:50.605Z</time>
			</trkpt>
			<trkpt lat="47.34455" lon="11.20366">
				<ele>1146.36</ele>
				<time>2026-09-22T13:31:51.367Z</time>
			</trkpt>
			<trkpt lat="47.34443" lon="11.20334">
				<ele>1148.5</ele>
				<time>2026-09-22T13:31:52.915Z</time>
			</trkpt>
			<trkpt lat="47.34427" lon="11.20303">
				<ele>1153.25</ele>
				<time>2026-09-22T13:31:54.565Z</time>
			</trkpt>
			<trkpt lat="47.34408" lon="11.20276">
				<ele>1156.58</ele>
				<time>2026-09-22T13:31:56.214Z</time>
			</trkpt>
			<trkpt lat="47.34379" lon="11.20244">
				<ele>1159.99</ele>
				<time>2026-09-22T13:31:58.479Z</time>
			</trkpt>
			<trkpt lat="47.34321" lon="11.202">
				<ele>1164.58</ele>
				<time>2026-09-22T13:32:02.560Z</time>
			</trkpt>
			<trkpt lat="47.34291" lon="11.20174">
				<ele>1163.44</ele>
				<time>2026-09-22T13:32:04.738Z</time>
			</trkpt>
			<trkpt lat="47.34273" lon="11.20155">
				<ele>1165.1</ele>
				<time>2026-09-22T13:32:06.124Z</time>
			</trkpt>
			<trkpt lat="47.3424" lon="11.20112">
				<ele>1168.11</ele>
				<time>2026-09-22T13:32:08.883Z</time>
			</trkpt>
			<trkpt lat="47.34199" lon="11.20043">
				<ele>1167.81</ele>
				<time>2026-09-22T13:32:12.783Z</time>
			</trkpt>
			<trkpt lat="47.34172" lon="11.20001">
				<ele>1166.71</ele>
				<time>2026-09-22T13:32:15.245Z</time>
			</trkpt>
			<trkpt lat="47.3413" lon="11.19953">
				<ele>1176.33</ele>
				<time>2026-09-22T13:32:18.580Z</time>
			</trkpt>
			<trkpt lat="47.34076" lon="11.19899">
				<ele>1180.17</ele>
				<time>2026-09-22T13:32:22.680Z</time>
			</trkpt>
			<trkpt lat="47.34059" lon="11.1988">
				<ele>1181.03</ele>
				<time>2026-09-22T13:32:24.021Z</time>
			</trkpt>
			<trkpt lat="47.34043" lon="11.19857">
				<ele>1179.3</ele>
				<time>2026-09-22T13:32:25.426Z</time>
			</trkpt>
			<trkpt lat="47.34005" lon="11.19796">
				<ele>1185.54</ele>
				<time>2026-09-22T13:32:28.961Z</time>
			</trkpt>
			<trkpt lat="47.33977" lon="11.19758">
				<ele>1188.05</ele>
				<time>2026-09-22T13:32:31.358Z</time>
			</trkpt>
			<trkpt lat="47.33958" lon="11.19737">
				<ele>1191.57</ele>
				<time>2026-09-22T13:32:32.854Z</time>
			</trkpt>
			<trkpt lat="47.33922" lon="11.19708">
				<ele>1195.23</ele>
				<time>2026-09-22T13:32:35.440Z</time>
			</trkpt>
			<trkpt lat="47.3388" lon="11.19686">
				<ele>1198.58</ele>
				<time>2026-09-22T13:32:38.253Z</time>
			</trkpt>
			<trkpt lat="47.33862" lon="11.19679">
				<ele>1201.63</ele>
				<time>2026-09-22T13:32:39.428Z</time>
			</trkpt>
			<trkpt lat="47.33739" lon="11.19651">
				<ele>1208.04</ele>
				<time>2026-09-22T13:32:47.297Z</time>
			</trkpt>
			<trkpt lat="47.33711" lon="11.1964">
				<ele>1208</ele>
				<time>2026-09-22T13:32:49.132Z</time>
			</trkpt>
			<trkpt lat="47.33681" lon="11.19624">
				<ele>1209.09</ele>
				<time>2026-09-22T13:32:51.152Z</time>
			</trkpt>
			<trkpt lat="47.33642" lon="11.196">
				<ele>1209.62</ele>
				<time>2026-09-22T13:32:53.831Z</time>
			</trkpt>
			<trkpt lat="47.33607" lon="11.19583">
				<ele>1213.86</ele>
				<time>2026-09-22T13:32:56.169Z</time>
			</trkpt>
			<trkpt lat="47.33587" lon="11.19577">
				<ele>1218.07</ele>
				<time>2026-09-22T13:32:57.464Z</time>
			</trkpt>
			<trkpt lat="47.33568" lon="11.19574">
				<ele>1219.05</ele>
				<time>2026-09-22T13:32:58.678Z</time>
			</trkpt>
			<trkpt lat="47.33551" lon="11.19574">
				<ele>1218.97</ele>
				<time>2026-09-22T13:32:59.758Z</time>
			</trkpt>
			<trkpt lat="47.33526" lon="11.19578">
				<ele>1217.11</ele>
				<time>2026-09-22T13:33:01.356Z</time>
			</trkpt>
			<trkpt lat="47.335" lon="11.19589">
				<ele>1217.59</ele>
				<time>2026-09-22T13:33:03.076Z</time>
			</trkpt>
			<trkpt lat="47.33484" lon="11.19598">
				<ele>1216.75</ele>
				<time>2026-09-22T13:33:04.165Z</time>
			</trkpt>
			<trkpt lat="47.33458" lon="11.19619">
				<ele>1215.26</ele>
				<time>2026-09-22T13:33:06.052Z</time>
			</trkpt>
			<trkpt lat="47.33299" lon="11.19782">
				<ele>1227.9</ele>
				<time>2026-09-22T13:33:18.405Z</time>
			</trkpt>
			<trkpt lat="47.33258" lon="11.19818">
				<ele>1227.47</ele>
				<time>2026-09-22T13:33:21.457Z</time>
			</trkpt>
			<trkpt lat="47.33212" lon="11.19852">
				<ele>1230.02</ele>
				<time>2026-09-22T13:33:24.752Z</time>
			</trkpt>
			<trkpt lat="47.33176" lon="11.19873">
				<ele>1229.17</ele>
				<time>2026-09-22T13:33:27.234Z</time>
			</trkpt>
			<trkpt lat="47.33161" lon="11.19881">
				<ele>1228.82</ele>
				<time>2026-09-22T13:33:28.258Z</time>
			</trkpt>
			<trkpt lat="47.33117" lon="11.19895">
				<ele>1229.58</ele>
				<time>2026-09-22T13:33:31.148Z</time>
			</trkpt>
			<trkpt lat="47.33082" lon="11.19904">
				<ele>1227.39</ele>
				<time>2026-09-22T13:33:33.431Z</time>
			</trkpt>
			<trkpt lat="47.33007" lon="11.19903">
				<ele>1221.09</ele>
				<time>2026-09-22T13:33:38.258Z</time>
			</trkpt>
			<trkpt lat="47.32931" lon="11.19897">
				<ele>1216.28</ele>
				<time>2026-09-22T13:33:43.165Z</time>
			</trkpt>
			<trkpt lat="47.32894" lon="11.19894">
				<ele>1213.88</ele>
				<time>2026-09-22T13:33:45.558Z</time>
			</trkpt>
			<trkpt lat="47.32795" lon="11.19886">
				<ele>1210.88</ele>
				<time>2026-09-22T13:33:51.972Z</time>
			</trkpt>
			<trkpt lat="47.32719" lon="11.19877">
				<ele>1205.82</ele>
				<time>2026-09-22T13:33:56.916Z</time>
			</trkpt>
			<trkpt lat="47.32624" lon="11.19874">
				<ele>1200.44</ele>
				<time>2026-09-22T13:34:03.092Z</time>
			</trkpt>
			<trkpt lat="47.32525" lon="11.19879">
				<ele>1195.03</ele>
				<time>2026-09-22T13:34:09.548Z</time>
			</trkpt>
			<trkpt lat="47.32434" lon="11.19886">
				<ele>1193.94</ele>
				<time>2026-09-22T13:34:15.503Z</time>
			</trkpt>
			<trkpt lat="47.32263" lon="11.19914">
				<ele>1197.61</ele>
				<time>2026-09-22T13:34:26.792Z</time>
			</trkpt>
			<trkpt lat="47.3218" lon="11.1992">
				<ele>1190.06</ele>
				<time>2026-09-22T13:34:32.266Z</time>
			</trkpt>
			<trkpt lat="47.32137" lon="11.19919">
				<ele>1188.01</ele>
				<time>2026-09-22T13:34:35.104Z</time>
			</trkpt>
			<trkpt lat="47.32078" lon="11.19912">
				<ele>1185.04</ele>
				<time>2026-09-22T13:34:39.017Z</time>
			</trkpt>
			<trkpt lat="47.32047" lon="11.19906">
				<ele>1187.72</ele>
				<time>2026-09-22T13:34:41.087Z</time>
			</trkpt>
			<trkpt lat="47.31896" lon="11.19859">
				<ele>1189.26</ele>
				<time>2026-09-22T13:34:51.336Z</time>
			</trkpt>
			<trkpt lat="47.31869" lon="11.19854">
				<ele>1189.34</ele>
				<time>2026-09-22T13:34:53.149Z</time>
			</trkpt>
			<trkpt lat="47.3182" lon="11.19851">
				<ele>1190.64</ele>
				<time>2026-09-22T13:34:56.420Z</time>
			</trkpt>
			<trkpt lat="47.31798" lon="11.19855">
				<ele>1189.81</ele>
				<time>2026-09-22T13:34:57.901Z</time>
			</trkpt>
			<trkpt lat="47.31761" lon="11.19865">
				<ele>1187.07</ele>
				<time>2026-09-22T13:35:00.415Z</time>
			</trkpt>
			<trkpt lat="47.31727" lon="11.19883">
				<ele>1185.37</ele>
				<time>2026-09-22T13:35:02.834Z</time>
			</trkpt>
			<trkpt lat="47.31706" lon="11.19899">
				<ele>1185.67</ele>
				<time>2026-09-22T13:35:04.417Z</time>
			</trkpt>
			<trkpt lat="47.31584" lon="11.20011">
				<ele>1180.05</ele>
				<time>2026-09-22T13:35:14.074Z</time>
			</trkpt>
			<trkpt lat="47.31535" lon="11.20048">
				<ele>1174.57</ele>
				<time>2026-09-22T13:35:17.786Z</time>
			</trkpt>
			<trkpt lat="47.31506" lon="11.20066">
				<ele>1172.57</ele>
				<time>2026-09-22T13:35:19.910Z</time>
			</trkpt>
			<trkpt lat="47.31461" lon="11.20086">
				<ele>1166.77</ele>
				<time>2026-09-22T13:35:23.087Z</time>
			</trkpt>
			<trkpt lat="47.31421" lon="11.20098">
				<ele>1162.45</ele>
				<time>2026-09-22T13:35:25.851Z</time>
			</trkpt>
			<trkpt lat="47.31362" lon="11.20114">
				<ele>1161.26</ele>
				<time>2026-09-22T13:35:29.918Z</time>
			</trkpt>
			<trkpt lat="47.31285" lon="11.20126">
				<ele>1159.7</ele>
				<time>2026-09-22T13:35:35.178Z</time>
			</trkpt>
			<trkpt lat="47.31218" lon="11.20132">
				<ele>1157.68</ele>
				<time>2026-09-22T13:35:39.747Z</time>
			</trkpt>
			<trkpt lat="47.31167" lon="11.20143">
				<ele>1153.23</ele>
				<time>2026-09-22T13:35:43.262Z</time>
			</trkpt>
			<trkpt lat="47.31134" lon="11.20156">
				<ele>1149.85</ele>
				<time>2026-09-22T13:35:45.593Z</time>
			</trkpt>
			<trkpt lat="47.31059" lon="11.20191">
				<ele>1151.69</ele>
				<time>2026-09-22T13:35:50.971Z</time>
			</trkpt>
			<trkpt lat="47.31014" lon="11.20207">
				<ele>1147.92</ele>
				<time>2026-09-22T13:35:54.141Z</time>
			</trkpt>
			<trkpt lat="47.3098" lon="11.20215">
				<ele>1147.57</ele>
				<time>2026-09-22T13:35:56.500Z</time>
			</trkpt>
			<trkpt lat="47.30933" lon="11.20219">
				<ele>1146.63</ele>
				<time>2026-09-22T13:35:59.730Z</time>
			</trkpt>
			<trkpt lat="47.30907" lon="11.20217">
				<ele>1145.61</ele>
				<time>2026-09-22T13:36:01.518Z</time>
			</trkpt>
			<trkpt lat="47.30858" lon="11.2021">
				<ele>1142.25</ele>
				<time>2026-09-22T13:36:04.901Z</time>
			</trkpt>
			<trkpt lat="47.30823" lon="11.20199">
				<ele>1141.22</ele>
				<time>2026-09-22T13:36:07.363Z</time>
			</trkpt>
			<trkpt lat="47.30789" lon="11.20184">
				<ele>1140.18</ele>
				<time>2026-09-22T13:36:09.806Z</time>
			</trkpt>
			<trkpt lat="47.30746" lon="11.20159">
				<ele>1134.31</ele>
				<time>2026-09-22T13:36:12.991Z</time>
			</trkpt>
			<trkpt lat="47.30705" lon="11.20128">
				<ele>1132.04</ele>
				<time>2026-09-22T13:36:16.169Z</time>
			</trkpt>
			<trkpt lat="47.30678" lon="11.20104">
				<ele>1129.95</ele>
				<time>2026-09-22T13:36:18.345Z</time>
			</trkpt>
			<trkpt lat="47.30587" lon="11.20013">
				<ele>1130.86</ele>
				<time>2026-09-22T13:36:25.944Z</time>
			</trkpt>
			<trkpt lat="47.30549" lon="11.19981">
				<ele>1125.52</ele>
				<time>2026-09-22T13:36:28.973Z</time>
			</trkpt>
			<trkpt lat="47.30499" lon="11.1995">
				<ele>1121.56</ele>
				<time>2026-09-22T13:36:32.730Z</time>
			</trkpt>
			<trkpt lat="47.30455" lon="11.19931">
				<ele>1116.19</ele>
				<time>2026-09-22T13:36:35.909Z</time>
			</trkpt>
			<trkpt lat="47.30422" lon="11.19921">
				<ele>1112.13</ele>
				<time>2026-09-22T13:36:38.247Z</time>
			</trkpt>
			<trkpt lat="47.30362" lon="11.19913">
				<ele>1108.44</ele>
				<time>2026-09-22T13:36:42.429Z</time>
			</trkpt>
			<trkpt lat="47.3031" lon="11.19913">
				<ele>1105.01</ele>
				<time>2026-09-22T13:36:46.043Z</time>
			</trkpt>
			<trkpt lat="47.30246" lon="11.19919">
				<ele>1105</ele>
				<time>2026-09-22T13:36:50.503Z</time>
			</trkpt>
			<trkpt lat="47.30188" lon="11.19932">
				<ele>1105.26</ele>
				<time>2026-09-22T13:36:54.586Z</time>
			</trkpt>
			<trkpt lat="47.30148" lon="11.19945">
				<ele>1110.77</ele>
				<time>2026-09-22T13:36:57.439Z</time>
			</trkpt>
			<trkpt lat="47.30106" lon="11.19963">
				<ele>1109.06</ele>
				<time>2026-09-22T13:37:00.487Z</time>
			</trkpt>
			<trkpt lat="47.30078" lon="11.19978">
				<ele>1108.26</ele>
				<time>2026-09-22T13:37:02.564Z</time>
			</trkpt>
			<trkpt lat="47.30022" lon="11.20012">
				<ele>1105.31</ele>
				<time>2026-09-22T13:37:06.788Z</time>
			</trkpt>
			<trkpt lat="47.29948" lon="11.20072">
				<ele>1103.71</ele>
				<time>2026-09-22T13:37:12.683Z</time>
			</trkpt>
			<trkpt lat="47.29898" lon="11.20127">
				<ele>1100.81</ele>
				<time>2026-09-22T13:37:17.040Z</time>
			</trkpt>
			<trkpt lat="47.29874" lon="11.20157">
				<ele>1100.9</ele>
				<time>2026-09-22T13:37:19.239Z</time>
			</trkpt>
			<trkpt lat="47.29834" lon="11.20219">
				<ele>1103.78</ele>
				<time>2026-09-22T13:37:23.296Z</time>
			</trkpt>
			<trkpt lat="47.29798" lon="11.20283">
				<ele>1107.26</ele>
				<time>2026-09-22T13:37:27.239Z</time>
			</trkpt>
			<trkpt lat="47.2972" lon="11.20449">
				<ele>1088.98</ele>
				<time>2026-09-22T13:37:36.823Z</time>
			</trkpt>
			<trkpt lat="47.29684" lon="11.2052">
				<ele>1088.35</ele>
				<time>2026-09-22T13:37:41.032Z</time>
			</trkpt>
			<trkpt lat="47.29648" lon="11.20578">
				<ele>1088.49</ele>
				<time>2026-09-22T13:37:44.767Z</time>
			</trkpt>
			<trkpt lat="47.29613" lon="11.20623">
				<ele>1086.46</ele>
				<time>2026-09-22T13:37:48.019Z</time>
			</trkpt>
			<trkpt lat="47.29572" lon="11.20667">
				<ele>1088.25</ele>
				<time>2026-09-22T13:37:51.571Z</time>
			</trkpt>
			<trkpt lat="47.29544" lon="11.20691">
				<ele>1086.41</ele>
				<time>2026-09-22T13:37:53.840Z</time>
			</trkpt>
			<trkpt lat="47.29512" lon="11.20714">
				<ele>1081.21</ele>
				<time>2026-09-22T13:37:56.334Z</time>
			</trkpt>
			<trkpt lat="47.29402" lon="11.20776">
				<ele>1070.79</ele>
				<time>2026-09-22T13:38:04.585Z</time>
			</trkpt>
			<trkpt lat="47.29385" lon="11.20789">
				<ele>1069.06</ele>
				<time>2026-09-22T13:38:05.927Z</time>
			</trkpt>
			<trkpt lat="47.29357" lon="11.20818">
				<ele>1065.78</ele>
				<time>2026-09-22T13:38:08.324Z</time>
			</trkpt>
			<trkpt lat="47.29346" lon="11.20832">
				<ele>1065.77</ele>
				<time>2026-09-22T13:38:09.343Z</time>
			</trkpt>
			<trkpt lat="47.29328" lon="11.20862">
				<ele>1065.35</ele>
				<time>2026-09-22T13:38:11.246Z</time>
			</trkpt>
			<trkpt lat="47.29313" lon="11.20897">
				<ele>1063.73</ele>
				<time>2026-09-22T13:38:13.213Z</time>
			</trkpt>
			<trkpt lat="47.29305" lon="11.2092">
				<ele>1062.27</ele>
				<time>2026-09-22T13:38:14.441Z</time>
			</trkpt>
			<trkpt lat="47.29254" lon="11.21116">
				<ele>1048.7</ele>
				<time>2026-09-22T13:38:24.414Z</time>
			</trkpt>
			<trkpt lat="47.29211" lon="11.21261">
				<ele>1046.33</ele>
				<time>2026-09-22T13:38:31.928Z</time>
			</trkpt>
			<trkpt lat="47.29107" lon="11.21589">
				<ele>1037.52</ele>
				<time>2026-09-22T13:38:49.102Z</time>
			</trkpt>
			<trkpt lat="47.29078" lon="11.21681">
				<ele>1031.15</ele>
				<time>2026-09-22T13:38:53.909Z</time>
			</trkpt>
			<trkpt lat="47.29066" lon="11.21713">
				<ele>1029.55</ele>
				<time>2026-09-22T13:38:55.640Z</time>
			</trkpt>
			<trkpt lat="47.29042" lon="11.21763">
				<ele>1026.87</ele>
				<time>2026-09-22T13:38:58.540Z</time>
			</trkpt>
			<trkpt lat="47.29026" lon="11.21807">
				<ele>1026.68</ele>
				<time>2026-09-22T13:39:00.902Z</time>
			</trkpt>
			<trkpt lat="47.29016" lon="11.21846">
				<ele>1027.32</ele>
				<time>2026-09-22T13:39:02.875Z</time>
			</trkpt>
			<trkpt lat="47.29005" lon="11.21922">
				<ele>1020.91</ele>
				<time>2026-09-22T13:39:06.549Z</time>
			</trkpt>
			<trkpt lat="47.28999" lon="11.21944">
				<ele>1018.86</ele>
				<time>2026-09-22T13:39:07.670Z</time>
			</trkpt>
			<trkpt lat="47.28961" lon="11.22018">
				<ele>1017.34</ele>
				<time>2026-09-22T13:39:12.055Z</time>
			</trkpt>
			<trkpt lat="47.28913" lon="11.22136">
				<ele>1005.8</ele>
				<time>2026-09-22T13:39:18.549Z</time>
			</trkpt>
			<trkpt lat="47.2889" lon="11.22183">
				<ele>1007.96</ele>
				<time>2026-09-22T13:39:21.282Z</time>
			</trkpt>
			<trkpt lat="47.28852" lon="11.22247">
				<ele>1009.22</ele>
				<time>2026-09-22T13:39:25.290Z</time>
			</trkpt>
			<trkpt lat="47.28822" lon="11.22302">
				<ele>1005.41</ele>
				<time>2026-09-22T13:39:28.613Z</time>
			</trkpt>
			<trkpt lat="47.28805" lon="11.22342">
				<ele>1006.27</ele>
				<time>2026-09-22T13:39:30.834Z</time>
			</trkpt>
			<trkpt lat="47.28787" lon="11.22394">
				<ele>1007.87</ele>
				<time>2026-09-22T13:39:33.579Z</time>
			</trkpt>
			<trkpt lat="47.28743" lon="11.22544">
				<ele>1001.4</ele>
				<time>2026-09-22T13:39:41.254Z</time>
			</trkpt>
			<trkpt lat="47.28723" lon="11.22627">
				<ele>1000.04</ele>
				<time>2026-09-22T13:39:45.384Z</time>
			</trkpt>
			<trkpt lat="47.2871" lon="11.227">
				<ele>1004.65</ele>
				<time>2026-09-22T13:39:48.920Z</time>
			</trkpt>
			<trkpt lat="47.28705" lon="11.22744">
				<ele>1004.73</ele>
				<time>2026-09-22T13:39:51.008Z</time>
			</trkpt>
			<trkpt lat="47.28698" lon="11.22881">
				<ele>1009.32</ele>
				<time>2026-09-22T13:39:57.430Z</time>
			</trkpt>
			<trkpt lat="47.28692" lon="11.22921">
				<ele>1010.4</ele>
				<time>2026-09-22T13:39:59.343Z</time>
			</trkpt>
			<trkpt lat="47.28684" lon="11.22962">
				<ele>1005.55</ele>
				<time>2026-09-22T13:40:01.333Z</time>
			</trkpt>
			<trkpt lat="47.28675" lon="11.22995">
				<ele>1002.62</ele>
				<time>2026-09-22T13:40:02.991Z</time>
			</trkpt>
			<trkpt lat="47.28663" lon="11.2303">
				<ele>1000.55</ele>
				<time>2026-09-22T13:40:04.819Z</time>
			</trkpt>
			<trkpt lat="47.28652" lon="11.23055">
				<ele>997.97</ele>
				<time>2026-09-22T13:40:06.207Z</time>
			</trkpt>
			<trkpt lat="47.28605" lon="11.23142">
				<ele>991.72</ele>
				<time>2026-09-22T13:40:11.381Z</time>
			</trkpt>
			<trkpt lat="47.28551" lon="11.23251">
				<ele>974.03</ele>
				<time>2026-09-22T13:40:17.648Z</time>
			</trkpt>
			<trkpt lat="47.28528" lon="11.23288">
				<ele>965.45</ele>
				<time>2026-09-22T13:40:19.974Z</time>
			</trkpt>
			<trkpt lat="47.28493" lon="11.23332">
				<ele>952.36</ele>
				<time>2026-09-22T13:40:23.115Z</time>
			</trkpt>
			<trkpt lat="47.2847" lon="11.23356">
				<ele>949.41</ele>
				<time>2026-09-22T13:40:25.036Z</time>
			</trkpt>
			<trkpt lat="47.28447" lon="11.23378">
				<ele>946.28</ele>
				<time>2026-09-22T13:40:26.905Z</time>
			</trkpt>
			<trkpt lat="47.28388" lon="11.23425">
				<ele>932.5</ele>
				<time>2026-09-22T13:40:31.469Z</time>
			</trkpt>
			<trkpt lat="47.28365" lon="11.2344">
				<ele>931.09</ele>
				<time>2026-09-22T13:40:33.178Z</time>
			</trkpt>
			<trkpt lat="47.28347" lon="11.23445">
				<ele>931.32</ele>
				<time>2026-09-22T13:40:34.422Z</time>
			</trkpt>
			<trkpt lat="47.2833" lon="11.23442">
				<ele>931.62</ele>
				<time>2026-09-22T13:40:35.585Z</time>
			</trkpt>
			<trkpt lat="47.2831" lon="11.23435">
				<ele>929.06</ele>
				<time>2026-09-22T13:40:36.980Z</time>
			</trkpt>
			<trkpt lat="47.28288" lon="11.23417">
				<ele>922.86</ele>
				<time>2026-09-22T13:40:38.686Z</time>
			</trkpt>
			<trkpt lat="47.28277" lon="11.23405">
				<ele>918.63</ele>
				<time>2026-09-22T13:40:39.613Z</time>
			</trkpt>
			<trkpt lat="47.28255" lon="11.23372">
				<ele>913.62</ele>
				<time>2026-09-22T13:40:41.739Z</time>
			</trkpt>
			<trkpt lat="47.28245" lon="11.23349">
				<ele>912.73</ele>
				<time>2026-09-22T13:40:42.993Z</time>
			</trkpt>
			<trkpt lat="47.28216" lon="11.23271">
				<ele>898.42</ele>
				<time>2026-09-22T13:40:47.071Z</time>
			</trkpt>
			<trkpt lat="47.28203" lon="11.23231">
				<ele>892.93</ele>
				<time>2026-09-22T13:40:49.102Z</time>
			</trkpt>
			<trkpt lat="47.28193" lon="11.23195">
				<ele>890.54</ele>
				<time>2026-09-22T13:40:50.881Z</time>
			</trkpt>
			<trkpt lat="47.28176" lon="11.23114">
				<ele>883.53</ele>
				<time>2026-09-22T13:40:54.754Z</time>
			</trkpt>
			<trkpt lat="47.28168" lon="11.23055">
				<ele>882.22</ele>
				<time>2026-09-22T13:40:57.498Z</time>
			</trkpt>
			<trkpt lat="47.28167" lon="11.23008">
				<ele>880.01</ele>
				<time>2026-09-22T13:40:59.640Z</time>
			</trkpt>
			<trkpt lat="47.28172" lon="11.22892">
				<ele>867.53</ele>
				<time>2026-09-22T13:41:04.924Z</time>
			</trkpt>
			<trkpt lat="47.28172" lon="11.22852">
				<ele>861.78</ele>
				<time>2026-09-22T13:41:06.739Z</time>
			</trkpt>
			<trkpt lat="47.2817" lon="11.22764">
				<ele>854.93</ele>
				<time>2026-09-22T13:41:10.728Z</time>
			</trkpt>
			<trkpt lat="47.28169" lon="11.22742">
				<ele>851.87</ele>
				<time>2026-09-22T13:41:11.726Z</time>
			</trkpt>
			<trkpt lat="47.2816" lon="11.22671">
				<ele>839.53</ele>
				<time>2026-09-22T13:41:14.990Z</time>
			</trkpt>
			<trkpt lat="47.28159" lon="11.22649">
				<ele>835.65</ele>
				<time>2026-09-22T13:41:15.985Z</time>
			</trkpt>
			<trkpt lat="47.28159" lon="11.22629">
				<ele>832.58</ele>
				<time>2026-09-22T13:41:16.887Z</time>
			</trkpt>
			<trkpt lat="47.28167" lon="11.22573">
				<ele>829.03</ele>
				<time>2026-09-22T13:41:19.466Z</time>
			</trkpt>
			<trkpt lat="47.28167" lon="11.22564">
				<ele>828.48</ele>
				<time>2026-09-22T13:41:19.871Z</time>
			</trkpt>
			<trkpt lat="47.28166" lon="11.22555">
				<ele>826.96</ele>
				<time>2026-09-22T13:41:20.282Z</time>
			</trkpt>
			<trkpt lat="47.28162" lon="11.22543">
				<ele>824.84</ele>
				<time>2026-09-22T13:41:20.884Z</time>
			</trkpt>
			<trkpt lat="47.28157" lon="11.22536">
				<ele>822.89</ele>
				<time>2026-09-22T13:41:21.341Z</time>
			</trkpt>
			<trkpt lat="47.28151" lon="11.22533">
				<ele>821.14</ele>
				<time>2026-09-22T13:41:21.761Z</time>
			</trkpt>
			<trkpt lat="47.28142" lon="11.22533">
				<ele>819.29</ele>
				<time>2026-09-22T13:41:22.357Z</time>
			</trkpt>
			<trkpt lat="47.28135" lon="11.22537">
				<ele>817.94</ele>
				<time>2026-09-22T13:41:22.855Z</time>
			</trkpt>
			<trkpt lat="47.2813" lon="11.22544">
				<ele>817.01</ele>
				<time>2026-09-22T13:41:23.312Z</time>
			</trkpt>
			<trkpt lat="47.28127" lon="11.22553">
				<ele>816.52</ele>
				<time>2026-09-22T13:41:23.762Z</time>
			</trkpt>
			<trkpt lat="47.2812" lon="11.22612">
				<ele>813.97</ele>
				<time>2026-09-22T13:41:26.450Z</time>
			</trkpt>
			<trkpt lat="47.28115" lon="11.22636">
				<ele>812.66</ele>
				<time>2026-09-22T13:41:27.576Z</time>
			</trkpt>
			<trkpt lat="47.28103" lon="11.22674">
				<ele>813.21</ele>
				<time>2026-09-22T13:41:29.453Z</time>
			</trkpt>
			<trkpt lat="47.28077" lon="11.22741">
				<ele>805.13</ele>
				<time>2026-09-22T13:41:32.904Z</time>
			</trkpt>
			<trkpt lat="47.28062" lon="11.22786">
				<ele>796.49</ele>
				<time>2026-09-22T13:41:35.142Z</time>
			</trkpt>
			<trkpt lat="47.28051" lon="11.22829">
				<ele>793.11</ele>
				<time>2026-09-22T13:41:37.190Z</time>
			</trkpt>
			<trkpt lat="47.28038" lon="11.22904">
				<ele>795.15</ele>
				<time>2026-09-22T13:41:40.634Z</time>
			</trkpt>
			<trkpt lat="47.28028" lon="11.22955">
				<ele>793.25</ele>
				<time>2026-09-22T13:41:42.991Z</time>
			</trkpt>
			<trkpt lat="47.28021" lon="11.22977">
				<ele>789.51</ele>
				<time>2026-09-22T13:41:44.068Z</time>
			</trkpt>
			<trkpt lat="47.27992" lon="11.23046">
				<ele>774.32</ele>
				<time>2026-09-22T13:41:47.663Z</time>
			</trkpt>
			<trkpt lat="47.27972" lon="11.23113">
				<ele>771.36</ele>
				<time>2026-09-22T13:41:50.896Z</time>
			</trkpt>
			<trkpt lat="47.2794" lon="11.23201">
				<ele>762.52</ele>
				<time>2026-09-22T13:41:55.295Z</time>
			</trkpt>
			<trkpt lat="47.27922" lon="11.23235">
				<ele>757.88</ele>
				<time>2026-09-22T13:41:57.190Z</time>
			</trkpt>
			<trkpt lat="47.27901" lon="11.23266">
				<ele>749.9</ele>
				<time>2026-09-22T13:41:59.113Z</time>
			</trkpt>
			<trkpt lat="47.27887" lon="11.23281">
				<ele>744.89</ele>
				<time>2026-09-22T13:42:00.231Z</time>
			</trkpt>
			<trkpt lat="47.27838" lon="11.23324">
				<ele>727.54</ele>
				<time>2026-09-22T13:42:03.910Z</time>
			</trkpt>
			<trkpt lat="47.27824" lon="11.23344">
				<ele>723.49</ele>
				<time>2026-09-22T13:42:05.165Z</time>
			</trkpt>
			<trkpt lat="47.27783" lon="11.23416">
				<ele>706.83</ele>
				<time>2026-09-22T13:42:09.263Z</time>
			</trkpt>
			<trkpt lat="47.27775" lon="11.23431">
				<ele>703.64</ele>
				<time>2026-09-22T13:42:10.093Z</time>
			</trkpt>
			<trkpt lat="47.2777" lon="11.23447">
				<ele>699.24</ele>
				<time>2026-09-22T13:42:10.859Z</time>
			</trkpt>
			<trkpt lat="47.27766" lon="11.2347">
				<ele>690.98</ele>
				<time>2026-09-22T13:42:11.890Z</time>
			</trkpt>
			<trkpt lat="47.27764" lon="11.23511">
				<ele>686.58</ele>
				<time>2026-09-22T13:42:13.674Z</time>
			</trkpt>
			<trkpt lat="47.27764" lon="11.23587">
				<ele>683.62</ele>
				<time>2026-09-22T13:42:16.965Z</time>
			</trkpt>
			<trkpt lat="47.27765" lon="11.23605">
				<ele>685.96</ele>
				<time>2026-09-22T13:42:17.746Z</time>
			</trkpt>
			<trkpt lat="47.27775" lon="11.23669">
				<ele>693.1</ele>
				<time>2026-09-22T13:42:20.581Z</time>
			</trkpt>
			<trkpt lat="47.27779" lon="11.23705">
				<ele>692.75</ele>
				<time>2026-09-22T13:42:22.153Z</time>
			</trkpt>
			<trkpt lat="47.27779" lon="11.23759">
				<ele>693.19</ele>
				<time>2026-09-22T13:42:24.475Z</time>
			</trkpt>
			<trkpt lat="47.27775" lon="11.23803">
				<ele>688.43</ele>
				<time>2026-09-22T13:42:26.382Z</time>
			</trkpt>
			<trkpt lat="47.2776" lon="11.23896">
				<ele>689.53</ele>
				<time>2026-09-22T13:42:30.475Z</time>
			</trkpt>
			<trkpt lat="47.27714" lon="11.2416">
				<ele>667.17</ele>
				<time>2026-09-22T13:42:42.063Z</time>
			</trkpt>
			<trkpt lat="47.27698" lon="11.24234">
				<ele>661.83</ele>
				<time>2026-09-22T13:42:45.342Z</time>
			</trkpt>
			<trkpt lat="47.27678" lon="11.24303">
				<ele>669.04</ele>
				<time>2026-09-22T13:42:48.500Z</time>
			</trkpt>
			<trkpt lat="47.2766" lon="11.24349">
				<ele>664.28</ele>
				<time>2026-09-22T13:42:50.729Z</time>
			</trkpt>
			<trkpt lat="47.2754" lon="11.24643">
				<ele>656.26</ele>
				<time>2026-09-22T13:43:05.007Z</time>
			</trkpt>
			<trkpt lat="47.27514" lon="11.24709">
				<ele>652.84</ele>
				<time>2026-09-22T13:43:08.153Z</time>
			</trkpt>
			<trkpt lat="47.27497" lon="11.24769">
				<ele>652.87</ele>
				<time>2026-09-22T13:43:10.825Z</time>
			</trkpt>
			<trkpt lat="47.27486" lon="11.24833">
				<ele>654.04</ele>
				<time>2026-09-22T13:43:13.529Z</time>
			</trkpt>
			<trkpt lat="47.27468" lon="11.24998">
				<ele>658.42</ele>
				<time>2026-09-22T13:43:20.338Z</time>
			</trkpt>
			<trkpt lat="47.27463" lon="11.25033">
				<ele>655.07</ele>
				<time>2026-09-22T13:43:21.788Z</time>
			</trkpt>
			<trkpt lat="47.27446" lon="11.25102">
				<ele>648.26</ele>
				<time>2026-09-22T13:43:24.756Z</time>
			</trkpt>
			<trkpt lat="47.27434" lon="11.25142">
				<ele>642.82</ele>
				<time>2026-09-22T13:43:26.519Z</time>
			</trkpt>
			<trkpt lat="47.27409" lon="11.25202">
				<ele>642.8</ele>
				<time>2026-09-22T13:43:29.349Z</time>
			</trkpt>
			<trkpt lat="47.27375" lon="11.25269">
				<ele>641.08</ele>
				<time>2026-09-22T13:43:32.699Z</time>
			</trkpt>
			<trkpt lat="47.27173" lon="11.25635">
				<ele>613.26</ele>
				<time>2026-09-22T13:43:51.313Z</time>
			</trkpt>
			<trkpt lat="47.27137" lon="11.25695">
				<ele>609</ele>
				<time>2026-09-22T13:43:54.425Z</time>
			</trkpt>
			<trkpt lat="47.27106" lon="11.25744">
				<ele>609</ele>
				<time>2026-09-22T13:43:57.018Z</time>
			</trkpt>
			<trkpt lat="47.27069" lon="11.25796">
				<ele>608.67</ele>
				<time>2026-09-22T13:43:59.921Z</time>
			</trkpt>
			<trkpt lat="47.27043" lon="11.2582">
				<ele>607.4</ele>
				<time>2026-09-22T13:44:01.657Z</time>
			</trkpt>
			<trkpt lat="47.26991" lon="11.25883">
				<ele>603.9</ele>
				<time>2026-09-22T13:44:05.450Z</time>
			</trkpt>
			<trkpt lat="47.26957" lon="11.25917">
				<ele>602.5</ele>
				<time>2026-09-22T13:44:07.754Z</time>
			</trkpt>
			<trkpt lat="47.26933" lon="11.25925">
				<ele>603.2</ele>
				<time>2026-09-22T13:44:09.130Z</time>
			</trkpt>
			<trkpt lat="47.26916" lon="11.25926">
				<ele>603.99</ele>
				<time>2026-09-22T13:44:10.079Z</time>
			</trkpt>
			<trkpt lat="47.26908" lon="11.25922">
				<ele>603.69</ele>
				<time>2026-09-22T13:44:10.550Z</time>
			</trkpt>
			<trkpt lat="47.269" lon="11.25915">
				<ele>603.35</ele>
				<time>2026-09-22T13:44:11.068Z</time>
			</trkpt>
			<trkpt lat="47.26889" lon="11.25897">
				<ele>601.65</ele>
				<time>2026-09-22T13:44:11.983Z</time>
			</trkpt>
			<trkpt lat="47.26885" lon="11.25883">
				<ele>600.72</ele>
				<time>2026-09-22T13:44:12.555Z</time>
			</trkpt>
			<trkpt lat="47.26885" lon="11.25857">
				<ele>601.47</ele>
				<time>2026-09-22T13:44:13.529Z</time>
			</trkpt>
			<trkpt lat="47.26889" lon="11.25844">
				<ele>602</ele>
				<time>2026-09-22T13:44:14.054Z</time>
			</trkpt>
			<trkpt lat="47.269" lon="11.25818">
				<ele>602.72</ele>
				<time>2026-09-22T13:44:15.161Z</time>
			</trkpt>
			<trkpt lat="47.26922" lon="11.25791">
				<ele>603.61</ele>
				<time>2026-09-22T13:44:16.647Z</time>
			</trkpt>
			<trkpt lat="47.26944" lon="11.25775">
				<ele>604.06</ele>
				<time>2026-09-22T13:44:17.893Z</time>
			</trkpt>
			<trkpt lat="47.26958" lon="11.25769">
				<ele>605.16</ele>
				<time>2026-09-22T13:44:18.626Z</time>
			</trkpt>
			<trkpt lat="47.26978" lon="11.25764">
				<ele>606</ele>
				<time>2026-09-22T13:44:19.638Z</time>
			</trkpt>
			<trkpt lat="47.26992" lon="11.25773">
				<ele>606</ele>
				<time>2026-09-22T13:44:20.397Z</time>
			</trkpt>
			<trkpt lat="47.27" lon="11.25784">
				<ele>605.76</ele>
				<time>2026-09-22T13:44:20.941Z</time>
			</trkpt>
			<trkpt lat="47.27003" lon="11.25791">
				<ele>605.61</ele>
				<time>2026-09-22T13:44:21.220Z</time>
			</trkpt>
			<trkpt lat="47.27005" lon="11.25819">
				<ele>605.19</ele>
				<time>2026-09-22T13:44:22.172Z</time>
			</trkpt>
			<trkpt lat="47.26976" lon="11.25948">
				<ele>601</ele>
				<time>2026-09-22T13:44:26.866Z</time>
			</trkpt>
			<trkpt lat="47.2695" lon="11.26052">
				<ele>596.38</ele>
				<time>2026-09-22T13:44:31.811Z</time>
			</trkpt>
			<trkpt lat="47.26934" lon="11.26115">
				<ele>597.25</ele>
				<time>2026-09-22T13:44:35.231Z</time>
			</trkpt>
			<trkpt lat="47.2692" lon="11.26178">
				<ele>595.4</ele>
				<time>2026-09-22T13:44:38.774Z</time>
			</trkpt>
			<trkpt lat="47.26903" lon="11.26269">
				<ele>595.92</ele>
				<time>2026-09-22T13:44:43.891Z</time>
			</trkpt>
			<trkpt lat="47.26882" lon="11.26273">
				<ele>594.18</ele>
				<time>2026-09-22T13:44:45.554Z</time>
			</trkpt>
			<trkpt lat="47.26846" lon="11.26298">
				<ele>592.35</ele>
				<time>2026-09-22T13:44:48.579Z</time>
			</trkpt>
			<trkpt lat="47.26781" lon="11.26351">
				<ele>589.09</ele>
				<time>2026-09-22T13:44:53.769Z</time>
			</trkpt>
			<trkpt lat="47.26749" lon="11.26373">
				<ele>587.55</ele>
				<time>2026-09-22T13:44:56.138Z</time>
			</trkpt>
			<trkpt lat="47.26713" lon="11.26392">
				<ele>588.66</ele>
				<time>2026-09-22T13:44:58.655Z</time>
			</trkpt>
			<trkpt lat="47.26636" lon="11.26422">
				<ele>589.96</ele>
				<time>2026-09-22T13:45:03.761Z</time>
			</trkpt>
			<trkpt lat="47.26608" lon="11.26436">
				<ele>590.43</ele>
				<time>2026-09-22T13:45:05.617Z</time>
			</trkpt>
			<trkpt lat="47.26572" lon="11.26465">
				<ele>591.64</ele>
				<time>2026-09-22T13:45:08.164Z</time>
			</trkpt>
			<trkpt lat="47.26546" lon="11.26489">
				<ele>591.7</ele>
				<time>2026-09-22T13:45:10.051Z</time>
			</trkpt>
			<trkpt lat="47.26535" lon="11.26508">
				<ele>591.12</ele>
				<time>2026-09-22T13:45:11.088Z</time>
			</trkpt>
			<trkpt lat="47.26531" lon="11.26526">
				<ele>589.99</ele>
				<time>2026-09-22T13:45:11.872Z</time>
			</trkpt>
			<trkpt lat="47.26531" lon="11.26553">
				<ele>588.91</ele>
				<time>2026-09-22T13:45:12.986Z</time>
			</trkpt>
			<trkpt lat="47.26537" lon="11.26568">
				<ele>589.26</ele>
				<time>2026-09-22T13:45:13.704Z</time>
			</trkpt>
			<trkpt lat="47.26547" lon="11.26582">
				<ele>589.92</ele>
				<time>2026-09-22T13:45:14.540Z</time>
			</trkpt>
			<trkpt lat="47.2656" lon="11.26588">
				<ele>590.36</ele>
				<time>2026-09-22T13:45:15.364Z</time>
			</trkpt>
			<trkpt lat="47.26575" lon="11.26588">
				<ele>590.23</ele>
				<time>2026-09-22T13:45:16.271Z</time>
			</trkpt>
			<trkpt lat="47.26587" lon="11.26579">
				<ele>590.02</ele>
				<time>2026-09-22T13:45:17.085Z</time>
			</trkpt>
			<trkpt lat="47.26596" lon="11.26566">
				<ele>590.28</ele>
				<time>2026-09-22T13:45:17.846Z</time>
			</trkpt>
			<trkpt lat="47.26602" lon="11.26548">
				<ele>590.43</ele>
				<time>2026-09-22T13:45:18.668Z</time>
			</trkpt>
			<trkpt lat="47.26628" lon="11.26388">
				<ele>592.36</ele>
				<time>2026-09-22T13:45:25.434Z</time>
			</trkpt>
			<trkpt lat="47.26627" lon="11.26346">
				<ele>592.39</ele>
				<time>2026-09-22T13:45:27.179Z</time>
			</trkpt>
			<trkpt lat="47.26621" lon="11.26317">
				<ele>593.19</ele>
				<time>2026-09-22T13:45:28.445Z</time>
			</trkpt>
			<trkpt lat="47.26616" lon="11.26303">
				<ele>593.79</ele>
				<time>2026-09-22T13:45:29.108Z</time>
			</trkpt>
			<trkpt lat="47.26597" lon="11.26267">
				<ele>594.29</ele>
				<time>2026-09-22T13:45:31.031Z</time>
			</trkpt>
			<trkpt lat="47.2658" lon="11.26251">
				<ele>595.2</ele>
				<time>2026-09-22T13:45:32.295Z</time>
			</trkpt>
			<trkpt lat="47.26561" lon="11.26239">
				<ele>596.89</ele>
				<time>2026-09-22T13:45:33.599Z</time>
			</trkpt>
			<trkpt lat="47.2654" lon="11.26233">
				<ele>596.73</ele>
				<time>2026-09-22T13:45:34.959Z</time>
			</trkpt>
			<trkpt lat="47.26517" lon="11.26232">
				<ele>595.46</ele>
				<time>2026-09-22T13:45:36.435Z</time>
			</trkpt>
			<trkpt lat="47.26487" lon="11.2624">
				<ele>593.6</ele>
				<time>2026-09-22T13:45:38.414Z</time>
			</trkpt>
			<trkpt lat="47.26459" lon="11.26258">
				<ele>591.55</ele>
				<time>2026-09-22T13:45:40.425Z</time>
			</trkpt>
			<trkpt lat="47.26434" lon="11.26265">
				<ele>592.12</ele>
				<time>2026-09-22T13:45:42.125Z</time>
			</trkpt>
			<trkpt lat="47.26428" lon="11.26263">
				<ele>593.08</ele>
				<time>2026-09-22T13:45:42.539Z</time>
			</trkpt>
			<trkpt lat="47.26421" lon="11.26266">
				<ele>593.73</ele>
				<time>2026-09-22T13:45:43.032Z</time>
			</trkpt>
			<trkpt lat="47.26419" lon="11.26269">
				<ele>593.92</ele>
				<time>2026-09-22T13:45:43.226Z</time>
			</trkpt>
			<trkpt lat="47.26402" lon="11.26276">
				<ele>595.54</ele>
				<time>2026-09-22T13:45:44.429Z</time>
			</trkpt>
			<trkpt lat="47.26397" lon="11.26281">
				<ele>595.99</ele>
				<time>2026-09-22T13:45:44.844Z</time>
			</trkpt>
			<trkpt lat="47.26366" lon="11.26291">
				<ele>596.48</ele>
				<time>2026-09-22T13:45:47.047Z</time>
			</trkpt>
			<trkpt lat="47.26051" lon="11.26493">
				<ele>599.34</ele>
				<time>2026-09-22T13:46:12.846Z</time>
			</trkpt>
			<trkpt lat="47.25992" lon="11.26534">
				<ele>601.33</ele>
				<time>2026-09-22T13:46:18.051Z</time>
			</trkpt>
			<trkpt lat="47.25956" lon="11.26556">
				<ele>601.85</ele>
				<time>2026-09-22T13:46:21.196Z</time>
			</trkpt>
			<trkpt lat="47.25934" lon="11.26566">
				<ele>600.73</ele>
				<time>2026-09-22T13:46:23.066Z</time>
			</trkpt>
			<trkpt lat="47.25912" lon="11.26571">
				<ele>600.04</ele>
				<time>2026-09-22T13:46:24.882Z</time>
			</trkpt>
			<trkpt lat="47.25888" lon="11.26574">
				<ele>600.94</ele>
				<time>2026-09-22T13:46:26.854Z</time>
			</trkpt>
			<trkpt lat="47.25872" lon="11.26574">
				<ele>602.16</ele>
				<time>2026-09-22T13:46:28.169Z</time>
			</trkpt>
			<trkpt lat="47.25845" lon="11.2657">
				<ele>602.7</ele>
				<time>2026-09-22T13:46:30.407Z</time>
			</trkpt>
			<trkpt lat="47.25595" lon="11.2651">
				<ele>611.37</ele>
				<time>2026-09-22T13:46:51.627Z</time>
			</trkpt>
			<trkpt lat="47.25559" lon="11.26504">
				<ele>613</ele>
				<time>2026-09-22T13:46:54.693Z</time>
			</trkpt>
			<trkpt lat="47.25516" lon="11.26504">
				<ele>615.34</ele>
				<time>2026-09-22T13:46:58.334Z</time>
			</trkpt>
			<trkpt lat="47.25484" lon="11.26508">
				<ele>615.29</ele>
				<time>2026-09-22T13:47:01.055Z</time>
			</trkpt>
			<trkpt lat="47.2546" lon="11.26514">
				<ele>615.41</ele>
				<time>2026-09-22T13:47:03.116Z</time>
			</trkpt>
			<trkpt lat="47.25419" lon="11.26528">
				<ele>616.92</ele>
				<time>2026-09-22T13:47:06.679Z</time>
			</trkpt>
			<trkpt lat="47.25355" lon="11.26559">
				<ele>618.51</ele>
				<time>2026-09-22T13:47:12.368Z</time>
			</trkpt>
			<trkpt lat="47.25347" lon="11.26559">
				<ele>618.28</ele>
				<time>2026-09-22T13:47:13.043Z</time>
			</trkpt>
			<trkpt lat="47.25326" lon="11.26568">
				<ele>617.78</ele>
				<time>2026-09-22T13:47:14.884Z</time>
			</trkpt>
			<trkpt lat="47.2532" lon="11.26561">
				<ele>618.26</ele>
				<time>2026-09-22T13:47:15.528Z</time>
			</trkpt>
			<trkpt lat="47.25311" lon="11.2656">
				<ele>618.59</ele>
				<time>2026-09-22T13:47:16.286Z</time>
			</trkpt>
			<trkpt lat="47.25304" lon="11.26568">
				<ele>618.6</ele>
				<time>2026-09-22T13:47:17.030Z</time>
			</trkpt>
			<trkpt lat="47.25301" lon="11.26581">
				<ele>618.33</ele>
				<time>2026-09-22T13:47:17.812Z</time>
			</trkpt>
			<trkpt lat="47.25288" lon="11.2659">
				<ele>619.2</ele>
				<time>2026-09-22T13:47:19.016Z</time>
			</trkpt>
			<trkpt lat="47.25281" lon="11.266">
				<ele>619.72</ele>
				<time>2026-09-22T13:47:19.833Z</time>
			</trkpt>
			<trkpt lat="47.25188" lon="11.26654">
				<ele>620.44</ele>
				<time>2026-09-22T13:47:28.184Z</time>
			</trkpt>
			<trkpt lat="47.24962" lon="11.26781">
				<ele>629.72</ele>
				<time>2026-09-22T13:47:48.573Z</time>
			</trkpt>
			<trkpt lat="47.24907" lon="11.26806">
				<ele>633.59</ele>
				<time>2026-09-22T13:47:53.465Z</time>
			</trkpt>
			<trkpt lat="47.24876" lon="11.26813">
				<ele>635.57</ele>
				<time>2026-09-22T13:47:56.137Z</time>
			</trkpt>
			<trkpt lat="47.24856" lon="11.26814">
				<ele>637.74</ele>
				<time>2026-09-22T13:47:57.844Z</time>
			</trkpt>
			<trkpt lat="47.24839" lon="11.26812">
				<ele>640.35</ele>
				<time>2026-09-22T13:47:59.300Z</time>
			</trkpt>
			<trkpt lat="47.24806" lon="11.26801">
				<ele>643.94</ele>
				<time>2026-09-22T13:48:02.194Z</time>
			</trkpt>
			<trkpt lat="47.24796" lon="11.26795">
				<ele>645.34</ele>
				<time>2026-09-22T13:48:03.118Z</time>
			</trkpt>
			<trkpt lat="47.24762" lon="11.26768">
				<ele>651.59</ele>
				<time>2026-09-22T13:48:06.429Z</time>
			</trkpt>
			<trkpt lat="47.24746" lon="11.26748">
				<ele>654.48</ele>
				<time>2026-09-22T13:48:08.231Z</time>
			</trkpt>
			<trkpt lat="47.24634" lon="11.2658">
				<ele>649.31</ele>
				<time>2026-09-22T13:48:22.015Z</time>
			</trkpt>
			<trkpt lat="47.24616" lon="11.26545">
				<ele>646.35</ele>
				<time>2026-09-22T13:48:24.598Z</time>
			</trkpt>
			<trkpt lat="47.24561" lon="11.26411">
				<ele>654.58</ele>
				<time>2026-09-22T13:48:33.837Z</time>
			</trkpt>
			<trkpt lat="47.24465" lon="11.26162">
				<ele>658.4</ele>
				<time>2026-09-22T13:48:50.850Z</time>
			</trkpt>
			<trkpt lat="47.2444" lon="11.26103">
				<ele>660.94</ele>
				<time>2026-09-22T13:48:55.004Z</time>
			</trkpt>
			<trkpt lat="47.24399" lon="11.2602">
				<ele>674.51</ele>
				<time>2026-09-22T13:49:01.149Z</time>
			</trkpt>
			<trkpt lat="47.24373" lon="11.2597">
				<ele>665.51</ele>
				<time>2026-09-22T13:49:04.929Z</time>
			</trkpt>
			<trkpt lat="47.24353" lon="11.25937">
				<ele>663.28</ele>
				<time>2026-09-22T13:49:07.588Z</time>
			</trkpt>
			<trkpt lat="47.2434" lon="11.25922">
				<ele>665.46</ele>
				<time>2026-09-22T13:49:09.051Z</time>
			</trkpt>
			<trkpt lat="47.24325" lon="11.25912">
				<ele>668.11</ele>
				<time>2026-09-22T13:49:10.511Z</time>
			</trkpt>
			<trkpt lat="47.2428" lon="11.25899">
				<ele>677.82</ele>
				<time>2026-09-22T13:49:14.582Z</time>
			</trkpt>
			<trkpt lat="47.24269" lon="11.25894">
				<ele>678.97</ele>
				<time>2026-09-22T13:49:15.605Z</time>
			</trkpt>
			<trkpt lat="47.24263" lon="11.25887">
				<ele>677.95</ele>
				<time>2026-09-22T13:49:16.286Z</time>
			</trkpt>
			<trkpt lat="47.24229" lon="11.25841">
				<ele>679.59</ele>
				<time>2026-09-22T13:49:20.395Z</time>
			</trkpt>
			<trkpt lat="47.24215" lon="11.25829">
				<ele>681.77</ele>
				<time>2026-09-22T13:49:21.838Z</time>
			</trkpt>
			<trkpt lat="47.24205" lon="11.25827">
				<ele>684.35</ele>
				<time>2026-09-22T13:49:22.738Z</time>
			</trkpt>
			<trkpt lat="47.24194" lon="11.25828">
				<ele>687.41</ele>
				<time>2026-09-22T13:49:23.721Z</time>
			</trkpt>
			<trkpt lat="47.24164" lon="11.25836">
				<ele>693.94</ele>
				<time>2026-09-22T13:49:26.442Z</time>
			</trkpt>
			<trkpt lat="47.24133" lon="11.25848">
				<ele>690.75</ele>
				<time>2026-09-22T13:49:29.306Z</time>
			</trkpt>
			<trkpt lat="47.24122" lon="11.25848">
				<ele>689.53</ele>
				<time>2026-09-22T13:49:30.290Z</time>
			</trkpt>
			<trkpt lat="47.24111" lon="11.25844">
				<ele>687.06</ele>
				<time>2026-09-22T13:49:31.304Z</time>
			</trkpt>
			<trkpt lat="47.24101" lon="11.25837">
				<ele>690.83</ele>
				<time>2026-09-22T13:49:32.295Z</time>
			</trkpt>
			<trkpt lat="47.2409" lon="11.25827">
				<ele>693.09</ele>
				<time>2026-09-22T13:49:33.452Z</time>
			</trkpt>
			<trkpt lat="47.24072" lon="11.25795">
				<ele>695.71</ele>
				<time>2026-09-22T13:49:35.981Z</time>
			</trkpt>
			<trkpt lat="47.24042" lon="11.25721">
				<ele>696.18</ele>
				<time>2026-09-22T13:49:41.232Z</time>
			</trkpt>
			<trkpt lat="47.24033" lon="11.25693">
				<ele>697.81</ele>
				<time>2026-09-22T13:49:43.122Z</time>
			</trkpt>
			<trkpt lat="47.24012" lon="11.25634">
				<ele>698.75</ele>
				<time>2026-09-22T13:49:47.191Z</time>
			</trkpt>
			<trkpt lat="47.23999" lon="11.25608">
				<ele>699.17</ele>
				<time>2026-09-22T13:49:49.166Z</time>
			</trkpt>
			<trkpt lat="47.23987" lon="11.2559">
				<ele>699.48</ele>
				<time>2026-09-22T13:49:50.710Z</time>
			</trkpt>
			<trkpt lat="47.23904" lon="11.2554">
				<ele>700.84</ele>
				<time>2026-09-22T13:49:58.806Z</time>
			</trkpt>
			<trkpt lat="47.23877" lon="11.25515">
				<ele>701.4</ele>
				<time>2026-09-22T13:50:01.692Z</time>
			</trkpt>
			<trkpt lat="47.23857" lon="11.25501">
				<ele>701.77</ele>
				<time>2026-09-22T13:50:03.697Z</time>
			</trkpt>
			<trkpt lat="47.23832" lon="11.25494">
				<ele>702.11</ele>
				<time>2026-09-22T13:50:06.002Z</time>
			</trkpt>
			<trkpt lat="47.238" lon="11.25478">
				<ele>702.63</ele>
				<time>2026-09-22T13:50:09.067Z</time>
			</trkpt>
			<trkpt lat="47.23781" lon="11.25463">
				<ele>702.97</ele>
				<time>2026-09-22T13:50:11.024Z</time>
			</trkpt>
			<trkpt lat="47.23748" lon="11.25409">
				<ele>703.93</ele>
				<time>2026-09-22T13:50:15.506Z</time>
			</trkpt>
			<trkpt lat="47.23697" lon="11.25314">
				<ele>712.62</ele>
				<time>2026-09-22T13:50:22.992Z</time>
			</trkpt>
			<trkpt lat="47.23688" lon="11.25283">
				<ele>707.58</ele>
				<time>2026-09-22T13:50:25.079Z</time>
			</trkpt>
			<trkpt lat="47.23678" lon="11.25228">
				<ele>713.56</ele>
				<time>2026-09-22T13:50:28.607Z</time>
			</trkpt>
			<trkpt lat="47.23673" lon="11.25217">
				<ele>715.41</ele>
				<time>2026-09-22T13:50:29.427Z</time>
			</trkpt>
			<trkpt lat="47.23663" lon="11.25202">
				<ele>718.63</ele>
				<time>2026-09-22T13:50:30.731Z</time>
			</trkpt>
			<trkpt lat="47.23655" lon="11.25197">
				<ele>719.17</ele>
				<time>2026-09-22T13:50:31.525Z</time>
			</trkpt>
			<trkpt lat="47.23625" lon="11.25184">
				<ele>718.75</ele>
				<time>2026-09-22T13:50:34.384Z</time>
			</trkpt>
			<trkpt lat="47.23609" lon="11.2517">
				<ele>717.36</ele>
				<time>2026-09-22T13:50:36.086Z</time>
			</trkpt>
			<trkpt lat="47.23587" lon="11.25135">
				<ele>718.39</ele>
				<time>2026-09-22T13:50:39.050Z</time>
			</trkpt>
			<trkpt lat="47.23568" lon="11.25091">
				<ele>723.6</ele>
				<time>2026-09-22T13:50:42.294Z</time>
			</trkpt>
			<trkpt lat="47.23545" lon="11.25025">
				<ele>728.78</ele>
				<time>2026-09-22T13:50:46.914Z</time>
			</trkpt>
			<trkpt lat="47.23536" lon="11.25006">
				<ele>727.51</ele>
				<time>2026-09-22T13:50:48.358Z</time>
			</trkpt>
			<trkpt lat="47.23526" lon="11.2499">
				<ele>728.98</ele>
				<time>2026-09-22T13:50:49.714Z</time>
			</trkpt>
			<trkpt lat="47.23514" lon="11.24976">
				<ele>732.28</ele>
				<time>2026-09-22T13:50:51.120Z</time>
			</trkpt>
			<trkpt lat="47.23466" lon="11.24926">
				<ele>740.22</ele>
				<time>2026-09-22T13:50:56.525Z</time>
			</trkpt>
			<trkpt lat="47.23456" lon="11.24903">
				<ele>735.35</ele>
				<time>2026-09-22T13:50:58.231Z</time>
			</trkpt>
			<trkpt lat="47.23438" lon="11.24835">
				<ele>733.47</ele>
				<time>2026-09-22T13:51:02.795Z</time>
			</trkpt>
			<trkpt lat="47.2343" lon="11.24808">
				<ele>736.69</ele>
				<time>2026-09-22T13:51:04.639Z</time>
			</trkpt>
			<trkpt lat="47.2342" lon="11.24792">
				<ele>735.17</ele>
				<time>2026-09-22T13:51:06.000Z</time>
			</trkpt>
			<trkpt lat="47.23396" lon="11.24771">
				<ele>736.13</ele>
				<time>2026-09-22T13:51:08.575Z</time>
			</trkpt>
			<trkpt lat="47.23385" lon="11.24757">
				<ele>736.7</ele>
				<time>2026-09-22T13:51:09.917Z</time>
			</trkpt>
			<trkpt lat="47.23376" lon="11.24741">
				<ele>738.08</ele>
				<time>2026-09-22T13:51:11.219Z</time>
			</trkpt>
			<trkpt lat="47.23372" lon="11.24728">
				<ele>739.14</ele>
				<time>2026-09-22T13:51:12.114Z</time>
			</trkpt>
			<trkpt lat="47.23365" lon="11.24694">
				<ele>740.72</ele>
				<time>2026-09-22T13:51:14.342Z</time>
			</trkpt>
			<trkpt lat="47.23358" lon="11.24669">
				<ele>739.93</ele>
				<time>2026-09-22T13:51:16.039Z</time>
			</trkpt>
			<trkpt lat="47.23326" lon="11.2463">
				<ele>748.4</ele>
				<time>2026-09-22T13:51:19.880Z</time>
			</trkpt>
			<trkpt lat="47.23317" lon="11.24612">
				<ele>753.5</ele>
				<time>2026-09-22T13:51:21.284Z</time>
			</trkpt>
			<trkpt lat="47.2328" lon="11.24511">
				<ele>770.07</ele>
				<time>2026-09-22T13:51:28.499Z</time>
			</trkpt>
			<trkpt lat="47.2326" lon="11.24462">
				<ele>764.52</ele>
				<time>2026-09-22T13:51:32.098Z</time>
			</trkpt>
			<trkpt lat="47.23231" lon="11.24379">
				<ele>762.12</ele>
				<time>2026-09-22T13:51:37.979Z</time>
			</trkpt>
			<trkpt lat="47.2322" lon="11.24351">
				<ele>763.72</ele>
				<time>2026-09-22T13:51:40.018Z</time>
			</trkpt>
			<trkpt lat="47.23208" lon="11.24336">
				<ele>764.7</ele>
				<time>2026-09-22T13:51:41.480Z</time>
			</trkpt>
			<trkpt lat="47.23173" lon="11.24308">
				<ele>767</ele>
				<time>2026-09-22T13:51:45.182Z</time>
			</trkpt>
			<trkpt lat="47.23156" lon="11.24285">
				<ele>768.47</ele>
				<time>2026-09-22T13:51:47.328Z</time>
			</trkpt>
			<trkpt lat="47.23148" lon="11.24263">
				<ele>769.69</ele>
				<time>2026-09-22T13:51:48.904Z</time>
			</trkpt>
			<trkpt lat="47.23145" lon="11.24238">
				<ele>770.89</ele>
				<time>2026-09-22T13:51:50.508Z</time>
			</trkpt>
			<trkpt lat="47.23142" lon="11.24197">
				<ele>772.73</ele>
				<time>2026-09-22T13:51:53.113Z</time>
			</trkpt>
			<trkpt lat="47.23133" lon="11.24164">
				<ele>774.34</ele>
				<time>2026-09-22T13:51:55.361Z</time>
			</trkpt>
			<trkpt lat="47.23119" lon="11.2414">
				<ele>775.73</ele>
				<time>2026-09-22T13:51:57.362Z</time>
			</trkpt>
			<trkpt lat="47.23093" lon="11.24119">
				<ele>777.4</ele>
				<time>2026-09-22T13:52:00.125Z</time>
			</trkpt>
			<trkpt lat="47.23044" lon="11.24091">
				<ele>780.34</ele>
				<time>2026-09-22T13:52:05.024Z</time>
			</trkpt>
			<trkpt lat="47.23035" lon="11.24084">
				<ele>780.1</ele>
				<time>2026-09-22T13:52:05.973Z</time>
			</trkpt>
			<trkpt lat="47.23013" lon="11.24059">
				<ele>783.85</ele>
				<time>2026-09-22T13:52:08.565Z</time>
			</trkpt>
			<trkpt lat="47.22943" lon="11.23969">
				<ele>782.14</ele>
				<time>2026-09-22T13:52:17.240Z</time>
			</trkpt>
			<trkpt lat="47.2291" lon="11.23936">
				<ele>775.29</ele>
				<time>2026-09-22T13:52:20.967Z</time>
			</trkpt>
			<trkpt lat="47.2289" lon="11.2392">
				<ele>775.87</ele>
				<time>2026-09-22T13:52:23.094Z</time>
			</trkpt>
			<trkpt lat="47.22853" lon="11.23895">
				<ele>781.02</ele>
				<time>2026-09-22T13:52:26.899Z</time>
			</trkpt>
			<trkpt lat="47.22777" lon="11.23853">
				<ele>790.15</ele>
				<time>2026-09-22T13:52:34.493Z</time>
			</trkpt>
			<trkpt lat="47.22755" lon="11.23838">
				<ele>791.83</ele>
				<time>2026-09-22T13:52:36.762Z</time>
			</trkpt>
			<trkpt lat="47.22633" lon="11.2373">
				<ele>800.22</ele>
				<time>2026-09-22T13:52:50.095Z</time>
			</trkpt>
			<trkpt lat="47.22612" lon="11.23709">
				<ele>800.43</ele>
				<time>2026-09-22T13:52:52.474Z</time>
			</trkpt>
			<trkpt lat="47.2259" lon="11.23673">
				<ele>806.1</ele>
				<time>2026-09-22T13:52:55.557Z</time>
			</trkpt>
			<trkpt lat="47.22584" lon="11.23658">
				<ele>808.35</ele>
				<time>2026-09-22T13:52:56.665Z</time>
			</trkpt>
			<trkpt lat="47.22577" lon="11.23639">
				<ele>811.03</ele>
				<time>2026-09-22T13:52:58.042Z</time>
			</trkpt>
			<trkpt lat="47.2257" lon="11.23609">
				<ele>812.39</ele>
				<time>2026-09-22T13:53:00.062Z</time>
			</trkpt>
			<trkpt lat="47.22567" lon="11.23567">
				<ele>813.23</ele>
				<time>2026-09-22T13:53:02.752Z</time>
			</trkpt>
			<trkpt lat="47.2257" lon="11.23529">
				<ele>814.02</ele>
				<time>2026-09-22T13:53:05.189Z</time>
			</trkpt>
			<trkpt lat="47.22585" lon="11.23467">
				<ele>813.24</ele>
				<time>2026-09-22T13:53:09.382Z</time>
			</trkpt>
			<trkpt lat="47.2259" lon="11.23436">
				<ele>814.1</ele>
				<time>2026-09-22T13:53:11.412Z</time>
			</trkpt>
			<trkpt lat="47.22589" lon="11.23418">
				<ele>816.03</ele>
				<time>2026-09-22T13:53:12.563Z</time>
			</trkpt>
			<trkpt lat="47.22587" lon="11.23399">
				<ele>821.05</ele>
				<time>2026-09-22T13:53:13.789Z</time>
			</trkpt>
			<trkpt lat="47.22582" lon="11.23383">
				<ele>826.07</ele>
				<time>2026-09-22T13:53:14.911Z</time>
			</trkpt>
			<trkpt lat="47.22577" lon="11.2337">
				<ele>829.87</ele>
				<time>2026-09-22T13:53:15.864Z</time>
			</trkpt>
			<trkpt lat="47.22568" lon="11.23353">
				<ele>833.44</ele>
				<time>2026-09-22T13:53:17.237Z</time>
			</trkpt>
			<trkpt lat="47.22535" lon="11.23317">
				<ele>835.47</ele>
				<time>2026-09-22T13:53:21.093Z</time>
			</trkpt>
			<trkpt lat="47.22457" lon="11.23235">
				<ele>835.42</ele>
				<time>2026-09-22T13:53:30.091Z</time>
			</trkpt>
			<trkpt lat="47.22444" lon="11.23219">
				<ele>834.22</ele>
				<time>2026-09-22T13:53:31.681Z</time>
			</trkpt>
			<trkpt lat="47.22402" lon="11.23147">
				<ele>829.39</ele>
				<time>2026-09-22T13:53:37.734Z</time>
			</trkpt>
			<trkpt lat="47.2237" lon="11.23109">
				<ele>838.56</ele>
				<time>2026-09-22T13:53:41.595Z</time>
			</trkpt>
			<trkpt lat="47.2233" lon="11.23052">
				<ele>848.83</ele>
				<time>2026-09-22T13:53:46.822Z</time>
			</trkpt>
			<trkpt lat="47.22272" lon="11.22978">
				<ele>860.63</ele>
				<time>2026-09-22T13:53:54.029Z</time>
			</trkpt>
			<trkpt lat="47.2226" lon="11.22958">
				<ele>863.9</ele>
				<time>2026-09-22T13:53:55.731Z</time>
			</trkpt>
			<trkpt lat="47.22245" lon="11.22927">
				<ele>862.18</ele>
				<time>2026-09-22T13:53:58.158Z</time>
			</trkpt>
			<trkpt lat="47.22218" lon="11.22843">
				<ele>855.32</ele>
				<time>2026-09-22T13:54:04.084Z</time>
			</trkpt>
			<trkpt lat="47.22194" lon="11.22762">
				<ele>864.18</ele>
				<time>2026-09-22T13:54:09.719Z</time>
			</trkpt>
			<trkpt lat="47.22169" lon="11.22679">
				<ele>868.25</ele>
				<time>2026-09-22T13:54:15.506Z</time>
			</trkpt>
			<trkpt lat="47.22157" lon="11.22652">
				<ele>869.47</ele>
				<time>2026-09-22T13:54:17.563Z</time>
			</trkpt>
			<trkpt lat="47.22146" lon="11.22638">
				<ele>870.21</ele>
				<time>2026-09-22T13:54:18.927Z</time>
			</trkpt>
			<trkpt lat="47.22126" lon="11.22628">
				<ele>871.08</ele>
				<time>2026-09-22T13:54:20.909Z</time>
			</trkpt>
			<trkpt lat="47.22031" lon="11.22612">
				<ele>875.52</ele>
				<time>2026-09-22T13:54:29.877Z</time>
			</trkpt>
			<trkpt lat="47.22015" lon="11.22606">
				<ele>873.66</ele>
				<time>2026-09-22T13:54:31.425Z</time>
			</trkpt>
			<trkpt lat="47.21994" lon="11.2259">
				<ele>872.16</ele>
				<time>2026-09-22T13:54:33.642Z</time>
			</trkpt>
			<trkpt lat="47.21976" lon="11.22564">
				<ele>870.75</ele>
				<time>2026-09-22T13:54:36.006Z</time>
			</trkpt>
			<trkpt lat="47.21947" lon="11.22511">
				<ele>869.21</ele>
				<time>2026-09-22T13:54:40.338Z</time>
			</trkpt>
			<trkpt lat="47.21938" lon="11.22501">
				<ele>870.59</ele>
				<time>2026-09-22T13:54:41.394Z</time>
			</trkpt>
			<trkpt lat="47.21889" lon="11.22462">
				<ele>879.84</ele>
				<time>2026-09-22T13:54:46.612Z</time>
			</trkpt>
			<trkpt lat="47.21877" lon="11.22448">
				<ele>883.1</ele>
				<time>2026-09-22T13:54:48.045Z</time>
			</trkpt>
			<trkpt lat="47.21862" lon="11.22421">
				<ele>885.24</ele>
				<time>2026-09-22T13:54:50.263Z</time>
			</trkpt>
			<trkpt lat="47.21833" lon="11.22338">
				<ele>885.72</ele>
				<time>2026-09-22T13:54:56.197Z</time>
			</trkpt>
			<trkpt lat="47.21826" lon="11.22325">
				<ele>887.4</ele>
				<time>2026-09-22T13:54:57.251Z</time>
			</trkpt>
			<trkpt lat="47.21798" lon="11.22287">
				<ele>890.64</ele>
				<time>2026-09-22T13:55:00.813Z</time>
			</trkpt>
			<trkpt lat="47.21777" lon="11.22266">
				<ele>891.23</ele>
				<time>2026-09-22T13:55:03.186Z</time>
			</trkpt>
			<trkpt lat="47.21759" lon="11.22242">
				<ele>894.41</ele>
				<time>2026-09-22T13:55:05.456Z</time>
			</trkpt>
			<trkpt lat="47.21698" lon="11.22131">
				<ele>908.71</ele>
				<time>2026-09-22T13:55:14.515Z</time>
			</trkpt>
			<trkpt lat="47.21687" lon="11.22108">
				<ele>909.44</ele>
				<time>2026-09-22T13:55:16.299Z</time>
			</trkpt>
			<trkpt lat="47.21677" lon="11.22077">
				<ele>904.59</ele>
				<time>2026-09-22T13:55:18.474Z</time>
			</trkpt>
			<trkpt lat="47.21671" lon="11.22065">
				<ele>903.21</ele>
				<time>2026-09-22T13:55:19.419Z</time>
			</trkpt>
			<trkpt lat="47.21638" lon="11.22026">
				<ele>906</ele>
				<time>2026-09-22T13:55:23.366Z</time>
			</trkpt>
			<trkpt lat="47.21622" lon="11.21997">
				<ele>906.04</ele>
				<time>2026-09-22T13:55:25.731Z</time>
			</trkpt>
			<trkpt lat="47.21614" lon="11.21974">
				<ele>904.88</ele>
				<time>2026-09-22T13:55:27.367Z</time>
			</trkpt>
			<trkpt lat="47.21609" lon="11.21955">
				<ele>905.87</ele>
				<time>2026-09-22T13:55:28.657Z</time>
			</trkpt>
			<trkpt lat="47.21603" lon="11.21914">
				<ele>907.77</ele>
				<time>2026-09-22T13:55:31.311Z</time>
			</trkpt>
			<trkpt lat="47.216" lon="11.21855">
				<ele>906.21</ele>
				<time>2026-09-22T13:55:35.052Z</time>
			</trkpt>
			<trkpt lat="47.21598" lon="11.21836">
				<ele>908.77</ele>
				<time>2026-09-22T13:55:36.268Z</time>
			</trkpt>
			<trkpt lat="47.21587" lon="11.21784">
				<ele>912.54</ele>
				<time>2026-09-22T13:55:39.709Z</time>
			</trkpt>
			<trkpt lat="47.21572" lon="11.21743">
				<ele>909.5</ele>
				<time>2026-09-22T13:55:42.651Z</time>
			</trkpt>
			<trkpt lat="47.21541" lon="11.21692">
				<ele>913.76</ele>
				<time>2026-09-22T13:55:46.971Z</time>
			</trkpt>
			<trkpt lat="47.21535" lon="11.21679">
				<ele>916.21</ele>
				<time>2026-09-22T13:55:47.962Z</time>
			</trkpt>
			<trkpt lat="47.21521" lon="11.21637">
				<ele>918.81</ele>
				<time>2026-09-22T13:55:50.913Z</time>
			</trkpt>
			<trkpt lat="47.21509" lon="11.21612">
				<ele>919.08</ele>
				<time>2026-09-22T13:55:52.842Z</time>
			</trkpt>
			<trkpt lat="47.21458" lon="11.21528">
				<ele>925.55</ele>
				<time>2026-09-22T13:55:59.939Z</time>
			</trkpt>
			<trkpt lat="47.21451" lon="11.21519">
				<ele>926.16</ele>
				<time>2026-09-22T13:56:00.800Z</time>
			</trkpt>
			<trkpt lat="47.21367" lon="11.21466">
				<ele>936.69</ele>
				<time>2026-09-22T13:56:09.259Z</time>
			</trkpt>
			<trkpt lat="47.21353" lon="11.21455">
				<ele>938.14</ele>
				<time>2026-09-22T13:56:10.726Z</time>
			</trkpt>
			<trkpt lat="47.2135" lon="11.21451">
				<ele>938.17</ele>
				<time>2026-09-22T13:56:11.101Z</time>
			</trkpt>
			<trkpt lat="47.21344" lon="11.21439">
				<ele>938.47</ele>
				<time>2026-09-22T13:56:12.036Z</time>
			</trkpt>
			<trkpt lat="47.21329" lon="11.21401">
				<ele>940.2</ele>
				<time>2026-09-22T13:56:14.795Z</time>
			</trkpt>
			<trkpt lat="47.21326" lon="11.21352">
				<ele>938.6</ele>
				<time>2026-09-22T13:56:17.881Z</time>
			</trkpt>
			<trkpt lat="47.2132" lon="11.21315">
				<ele>939.11</ele>
				<time>2026-09-22T13:56:20.265Z</time>
			</trkpt>
			<trkpt lat="47.21298" lon="11.21249">
				<ele>944.46</ele>
				<time>2026-09-22T13:56:24.870Z</time>
			</trkpt>
			<trkpt lat="47.21282" lon="11.21186">
				<ele>947.96</ele>
				<time>2026-09-22T13:56:29.078Z</time>
			</trkpt>
			<trkpt lat="47.21256" lon="11.2112">
				<ele>951.17</ele>
				<time>2026-09-22T13:56:33.846Z</time>
			</trkpt>
			<trkpt lat="47.21238" lon="11.21051">
				<ele>953.9</ele>
				<time>2026-09-22T13:56:38.460Z</time>
			</trkpt>
			<trkpt lat="47.2123" lon="11.21028">
				<ele>955.16</ele>
				<time>2026-09-22T13:56:40.072Z</time>
			</trkpt>
			<trkpt lat="47.21213" lon="11.20987">
				<ele>959.67</ele>
				<time>2026-09-22T13:56:43.066Z</time>
			</trkpt>
			<trkpt lat="47.21195" lon="11.20938">
				<ele>959.1</ele>
				<time>2026-09-22T13:56:46.535Z</time>
			</trkpt>
			<trkpt lat="47.21191" lon="11.20924">
				<ele>960.13</ele>
				<time>2026-09-22T13:56:47.481Z</time>
			</trkpt>
			<trkpt lat="47.21125" lon="11.20574">
				<ele>985.61</ele>
				<time>2026-09-22T13:57:10.013Z</time>
			</trkpt>
			<trkpt lat="47.2112" lon="11.20547">
				<ele>990.43</ele>
				<time>2026-09-22T13:57:11.742Z</time>
			</trkpt>
			<trkpt lat="47.2111" lon="11.20516">
				<ele>994.48</ele>
				<time>2026-09-22T13:57:13.862Z</time>
			</trkpt>
			<trkpt lat="47.21103" lon="11.20497">
				<ele>996.59</ele>
				<time>2026-09-22T13:57:15.196Z</time>
			</trkpt>
			<trkpt lat="47.21084" lon="11.20462">
				<ele>997.12</ele>
				<time>2026-09-22T13:57:17.960Z</time>
			</trkpt>
			<trkpt lat="47.21073" lon="11.20446">
				<ele>996.9</ele>
				<time>2026-09-22T13:57:19.364Z</time>
			</trkpt>
			<trkpt lat="47.21051" lon="11.2042">
				<ele>994.39</ele>
				<time>2026-09-22T13:57:21.922Z</time>
			</trkpt>
			<trkpt lat="47.21028" lon="11.204">
				<ele>995.59</ele>
				<time>2026-09-22T13:57:24.343Z</time>
			</trkpt>
			<trkpt lat="47.20993" lon="11.20377">
				<ele>999.91</ele>
				<time>2026-09-22T13:57:27.813Z</time>
			</trkpt>
			<trkpt lat="47.2098" lon="11.20366">
				<ele>1001.96</ele>
				<time>2026-09-22T13:57:29.169Z</time>
			</trkpt>
			<trkpt lat="47.20963" lon="11.20345">
				<ele>1005.88</ele>
				<time>2026-09-22T13:57:31.175Z</time>
			</trkpt>
			<trkpt lat="47.20949" lon="11.20316">
				<ele>1010.87</ele>
				<time>2026-09-22T13:57:33.358Z</time>
			</trkpt>
			<trkpt lat="47.20909" lon="11.20219">
				<ele>1011.8</ele>
				<time>2026-09-22T13:57:40.309Z</time>
			</trkpt>
			<trkpt lat="47.20895" lon="11.20191">
				<ele>1014.15</ele>
				<time>2026-09-22T13:57:42.436Z</time>
			</trkpt>
			<trkpt lat="47.20848" lon="11.20126">
				<ele>1015.74</ele>
				<time>2026-09-22T13:57:48.233Z</time>
			</trkpt>
			<trkpt lat="47.20809" lon="11.20078">
				<ele>1028</ele>
				<time>2026-09-22T13:57:52.793Z</time>
			</trkpt>
			<trkpt lat="47.20798" lon="11.20059">
				<ele>1030.03</ele>
				<time>2026-09-22T13:57:54.313Z</time>
			</trkpt>
			<trkpt lat="47.20786" lon="11.20038">
				<ele>1029.6</ele>
				<time>2026-09-22T13:57:55.982Z</time>
			</trkpt>
			<trkpt lat="47.20759" lon="11.19968">
				<ele>1029.12</ele>
				<time>2026-09-22T13:58:00.873Z</time>
			</trkpt>
			<trkpt lat="47.20734" lon="11.19915">
				<ele>1028.18</ele>
				<time>2026-09-22T13:58:04.786Z</time>
			</trkpt>
			<trkpt lat="47.20672" lon="11.19804">
				<ele>1036.98</ele>
				<time>2026-09-22T13:58:13.477Z</time>
			</trkpt>
			<trkpt lat="47.20646" lon="11.1977">
				<ele>1035.55</ele>
				<time>2026-09-22T13:58:16.566Z</time>
			</trkpt>
			<trkpt lat="47.20567" lon="11.19692">
				<ele>1049.61</ele>
				<time>2026-09-22T13:58:24.992Z</time>
			</trkpt>
			<trkpt lat="47.2051" lon="11.19624">
				<ele>1056.64</ele>
				<time>2026-09-22T13:58:31.468Z</time>
			</trkpt>
			<trkpt lat="47.20483" lon="11.19585">
				<ele>1061</ele>
				<time>2026-09-22T13:58:34.800Z</time>
			</trkpt>
			<trkpt lat="47.2046" lon="11.19537">
				<ele>1060.11</ele>
				<time>2026-09-22T13:58:38.308Z</time>
			</trkpt>
			<trkpt lat="47.20443" lon="11.19482">
				<ele>1065.66</ele>
				<time>2026-09-22T13:58:41.911Z</time>
			</trkpt>
			<trkpt lat="47.2043" lon="11.19424">
				<ele>1073.45</ele>
				<time>2026-09-22T13:58:45.547Z</time>
			</trkpt>
			<trkpt lat="47.20404" lon="11.19214">
				<ele>1078.39</ele>
				<time>2026-09-22T13:58:58.199Z</time>
			</trkpt>
			<trkpt lat="47.20404" lon="11.19192">
				<ele>1077.31</ele>
				<time>2026-09-22T13:58:59.498Z</time>
			</trkpt>
			<trkpt lat="47.20408" lon="11.19162">
				<ele>1077.45</ele>
				<time>2026-09-22T13:59:01.302Z</time>
			</trkpt>
			<trkpt lat="47.20417" lon="11.19132">
				<ele>1076.57</ele>
				<time>2026-09-22T13:59:03.235Z</time>
			</trkpt>
			<trkpt lat="47.20433" lon="11.19094">
				<ele>1076.76</ele>
				<time>2026-09-22T13:59:05.867Z</time>
			</trkpt>
			<trkpt lat="47.20448" lon="11.19054">
				<ele>1075.92</ele>
				<time>2026-09-22T13:59:08.553Z</time>
			</trkpt>
			<trkpt lat="47.20457" lon="11.19019">
				<ele>1077.51</ele>
				<time>2026-09-22T13:59:10.750Z</time>
			</trkpt>
			<trkpt lat="47.2046" lon="11.18997">
				<ele>1080.2</ele>
				<time>2026-09-22T13:59:12.066Z</time>
			</trkpt>
			<trkpt lat="47.2046" lon="11.18974">
				<ele>1085.71</ele>
				<time>2026-09-22T13:59:13.414Z</time>
			</trkpt>
			<trkpt lat="47.20458" lon="11.18941">
				<ele>1085.57</ele>
				<time>2026-09-22T13:59:15.353Z</time>
			</trkpt>
			<trkpt lat="47.20445" lon="11.1883">
				<ele>1092.64</ele>
				<time>2026-09-22T13:59:21.932Z</time>
			</trkpt>
			<trkpt lat="47.20436" lon="11.18651">
				<ele>1095.91</ele>
				<time>2026-09-22T13:59:32.361Z</time>
			</trkpt>
			<trkpt lat="47.20438" lon="11.18632">
				<ele>1098.32</ele>
				<time>2026-09-22T13:59:33.474Z</time>
			</trkpt>
			<trkpt lat="47.2045" lon="11.18558">
				<ele>1100.68</ele>
				<time>2026-09-22T13:59:37.871Z</time>
			</trkpt>
			<trkpt lat="47.20457" lon="11.18503">
				<ele>1097.6</ele>
				<time>2026-09-22T13:59:41.098Z</time>
			</trkpt>
			<trkpt lat="47.20459" lon="11.18459">
				<ele>1100.75</ele>
				<time>2026-09-22T13:59:43.636Z</time>
			</trkpt>
			<trkpt lat="47.20459" lon="11.1843">
				<ele>1102.47</ele>
				<time>2026-09-22T13:59:45.302Z</time>
			</trkpt>
			<trkpt lat="47.20455" lon="11.18375">
				<ele>1111.27</ele>
				<time>2026-09-22T13:59:48.476Z</time>
			</trkpt>
			<trkpt lat="47.20446" lon="11.18319">
				<ele>1113.05</ele>
				<time>2026-09-22T13:59:51.771Z</time>
			</trkpt>
			<trkpt lat="47.20432" lon="11.18266">
				<ele>1113.25</ele>
				<time>2026-09-22T13:59:55.020Z</time>
			</trkpt>
			<trkpt lat="47.20418" lon="11.18224">
				<ele>1109.62</ele>
				<time>2026-09-22T13:59:57.687Z</time>
			</trkpt>
			<trkpt lat="47.2041" lon="11.18205">
				<ele>1109.33</ele>
				<time>2026-09-22T13:59:58.960Z</time>
			</trkpt>
			<trkpt lat="47.20385" lon="11.18163">
				<ele>1107.81</ele>
				<time>2026-09-22T14:00:02.135Z</time>
			</trkpt>
			<trkpt lat="47.20257" lon="11.17972">
				<ele>1106.87</ele>
				<time>2026-09-22T14:00:17.286Z</time>
			</trkpt>
			<trkpt lat="47.20239" lon="11.1794">
				<ele>1104.72</ele>
				<time>2026-09-22T14:00:19.617Z</time>
			</trkpt>
			<trkpt lat="47.20218" lon="11.17886">
				<ele>1107.43</ele>
				<time>2026-09-22T14:00:23.101Z</time>
			</trkpt>
			<trkpt lat="47.2021" lon="11.1786">
				<ele>1110.14</ele>
				<time>2026-09-22T14:00:24.696Z</time>
			</trkpt>
			<trkpt lat="47.20202" lon="11.17821">
				<ele>1110.79</ele>
				<time>2026-09-22T14:00:26.969Z</time>
			</trkpt>
			<trkpt lat="47.202" lon="11.17785">
				<ele>1113.08</ele>
				<time>2026-09-22T14:00:28.981Z</time>
			</trkpt>
			<trkpt lat="47.202" lon="11.17767">
				<ele>1114.37</ele>
				<time>2026-09-22T14:00:29.982Z</time>
			</trkpt>
			<trkpt lat="47.20212" lon="11.17682">
				<ele>1121.69</ele>
				<time>2026-09-22T14:00:34.801Z</time>
			</trkpt>
			<trkpt lat="47.20212" lon="11.17665">
				<ele>1121.55</ele>
				<time>2026-09-22T14:00:35.742Z</time>
			</trkpt>
			<trkpt lat="47.20209" lon="11.17644">
				<ele>1120.76</ele>
				<time>2026-09-22T14:00:36.930Z</time>
			</trkpt>
			<trkpt lat="47.20181" lon="11.17534">
				<ele>1121.02</ele>
				<time>2026-09-22T14:00:43.408Z</time>
			</trkpt>
			<trkpt lat="47.20163" lon="11.1747">
				<ele>1122.37</ele>
				<time>2026-09-22T14:00:47.212Z</time>
			</trkpt>
			<trkpt lat="47.20153" lon="11.17441">
				<ele>1125.3</ele>
				<time>2026-09-22T14:00:48.993Z</time>
			</trkpt>
			<trkpt lat="47.20108" lon="11.17344">
				<ele>1128.64</ele>
				<time>2026-09-22T14:00:55.405Z</time>
			</trkpt>
			<trkpt lat="47.20092" lon="11.17319">
				<ele>1131.49</ele>
				<time>2026-09-22T14:00:57.273Z</time>
			</trkpt>
			<trkpt lat="47.20082" lon="11.17311">
				<ele>1131.46</ele>
				<time>2026-09-22T14:00:58.183Z</time>
			</trkpt>
			<trkpt lat="47.20072" lon="11.17307">
				<ele>1131.55</ele>
				<time>2026-09-22T14:00:59.011Z</time>
			</trkpt>
			<trkpt lat="47.20034" lon="11.17301">
				<ele>1132.53</ele>
				<time>2026-09-22T14:01:02.059Z</time>
			</trkpt>
			<trkpt lat="47.20027" lon="11.17298">
				<ele>1132.95</ele>
				<time>2026-09-22T14:01:02.639Z</time>
			</trkpt>
			<trkpt lat="47.20017" lon="11.1729">
				<ele>1132.26</ele>
				<time>2026-09-22T14:01:03.545Z</time>
			</trkpt>
			<trkpt lat="47.20005" lon="11.17272">
				<ele>1130.71</ele>
				<time>2026-09-22T14:01:04.907Z</time>
			</trkpt>
			<trkpt lat="47.19988" lon="11.17234">
				<ele>1130.4</ele>
				<time>2026-09-22T14:01:07.359Z</time>
			</trkpt>
			<trkpt lat="47.19904" lon="11.1705">
				<ele>1140.92</ele>
				<time>2026-09-22T14:01:19.228Z</time>
			</trkpt>
			<trkpt lat="47.19898" lon="11.17033">
				<ele>1141.06</ele>
				<time>2026-09-22T14:01:20.247Z</time>
			</trkpt>
			<trkpt lat="47.19883" lon="11.16943">
				<ele>1139.34</ele>
				<time>2026-09-22T14:01:25.163Z</time>
			</trkpt>
			<trkpt lat="47.19877" lon="11.16887">
				<ele>1144.31</ele>
				<time>2026-09-22T14:01:28.159Z</time>
			</trkpt>
			<trkpt lat="47.19869" lon="11.1678">
				<ele>1149.25</ele>
				<time>2026-09-22T14:01:33.821Z</time>
			</trkpt>
			<trkpt lat="47.19861" lon="11.16737">
				<ele>1149.98</ele>
				<time>2026-09-22T14:01:36.156Z</time>
			</trkpt>
			<trkpt lat="47.19845" lon="11.1669">
				<ele>1154.61</ele>
				<time>2026-09-22T14:01:38.903Z</time>
			</trkpt>
			<trkpt lat="47.19834" lon="11.16667">
				<ele>1154.99</ele>
				<time>2026-09-22T14:01:40.369Z</time>
			</trkpt>
			<trkpt lat="47.19814" lon="11.16632">
				<ele>1156.06</ele>
				<time>2026-09-22T14:01:42.747Z</time>
			</trkpt>
			<trkpt lat="47.19782" lon="11.16582">
				<ele>1157.21</ele>
				<time>2026-09-22T14:01:46.308Z</time>
			</trkpt>
			<trkpt lat="47.19726" lon="11.16506">
				<ele>1166.11</ele>
				<time>2026-09-22T14:01:52.090Z</time>
			</trkpt>
			<trkpt lat="47.19647" lon="11.16415">
				<ele>1172.05</ele>
				<time>2026-09-22T14:01:59.646Z</time>
			</trkpt>
			<trkpt lat="47.19625" lon="11.16385">
				<ele>1172.11</ele>
				<time>2026-09-22T14:02:01.892Z</time>
			</trkpt>
			<trkpt lat="47.19607" lon="11.16351">
				<ele>1172.99</ele>
				<time>2026-09-22T14:02:04.080Z</time>
			</trkpt>
			<trkpt lat="47.19592" lon="11.1631">
				<ele>1177.12</ele>
				<time>2026-09-22T14:02:06.436Z</time>
			</trkpt>
			<trkpt lat="47.19572" lon="11.1623">
				<ele>1180.64</ele>
				<time>2026-09-22T14:02:10.733Z</time>
			</trkpt>
			<trkpt lat="47.19559" lon="11.16188">
				<ele>1179.25</ele>
				<time>2026-09-22T14:02:13.049Z</time>
			</trkpt>
			<trkpt lat="47.19526" lon="11.16116">
				<ele>1185.2</ele>
				<time>2026-09-22T14:02:17.390Z</time>
			</trkpt>
			<trkpt lat="47.19482" lon="11.16042">
				<ele>1185.47</ele>
				<time>2026-09-22T14:02:22.275Z</time>
			</trkpt>
			<trkpt lat="47.19476" lon="11.16026">
				<ele>1184.88</ele>
				<time>2026-09-22T14:02:23.180Z</time>
			</trkpt>
			<trkpt lat="47.19471" lon="11.15996">
				<ele>1185.24</ele>
				<time>2026-09-22T14:02:24.706Z</time>
			</trkpt>
			<trkpt lat="47.19472" lon="11.15959">
				<ele>1186.98</ele>
				<time>2026-09-22T14:02:26.532Z</time>
			</trkpt>
			<trkpt lat="47.19478" lon="11.15917">
				<ele>1186.04</ele>
				<time>2026-09-22T14:02:28.642Z</time>
			</trkpt>
			<trkpt lat="47.19496" lon="11.1582">
				<ele>1183.4</ele>
				<time>2026-09-22T14:02:33.563Z</time>
			</trkpt>
			<trkpt lat="47.19517" lon="11.1569">
				<ele>1187.14</ele>
				<time>2026-09-22T14:02:40.049Z</time>
			</trkpt>
			<trkpt lat="47.19524" lon="11.15659">
				<ele>1188.21</ele>
				<time>2026-09-22T14:02:41.626Z</time>
			</trkpt>
			<trkpt lat="47.19548" lon="11.15595">
				<ele>1190.73</ele>
				<time>2026-09-22T14:02:45.141Z</time>
			</trkpt>
			<trkpt lat="47.19492" lon="11.15524">
				<ele>1192</ele>
				<time>2026-09-22T14:02:50.337Z</time>
			</trkpt>
			<trkpt lat="47.19434" lon="11.1547">
				<ele>1191.29</ele>
				<time>2026-09-22T14:02:55.125Z</time>
			</trkpt>
			<trkpt lat="47.19426" lon="11.15459">
				<ele>1191.2</ele>
				<time>2026-09-22T14:02:55.881Z</time>
			</trkpt>
			<trkpt lat="47.19411" lon="11.15428">
				<ele>1192.03</ele>
				<time>2026-09-22T14:02:57.645Z</time>
			</trkpt>
			<trkpt lat="47.19394" lon="11.15379">
				<ele>1194.71</ele>
				<time>2026-09-22T14:03:00.142Z</time>
			</trkpt>
			<trkpt lat="47.19386" lon="11.15366">
				<ele>1195.81</ele>
				<time>2026-09-22T14:03:00.925Z</time>
			</trkpt>
			<trkpt lat="47.19364" lon="11.15339">
				<ele>1196.76</ele>
				<time>2026-09-22T14:03:02.780Z</time>
			</trkpt>
			<trkpt lat="47.19289" lon="11.15273">
				<ele>1200.55</ele>
				<time>2026-09-22T14:03:08.220Z</time>
			</trkpt>
			<trkpt lat="47.19255" lon="11.15251">
				<ele>1202.17</ele>
				<time>2026-09-22T14:03:10.435Z</time>
			</trkpt>
			<trkpt lat="47.1923" lon="11.15242">
				<ele>1201.13</ele>
				<time>2026-09-22T14:03:11.937Z</time>
			</trkpt>
			<trkpt lat="47.19197" lon="11.15235">
				<ele>1200.58</ele>
				<time>2026-09-22T14:03:13.844Z</time>
			</trkpt>
			<trkpt lat="47.19044" lon="11.15238">
				<ele>1211.39</ele>
				<time>2026-09-22T14:03:22.055Z</time>
			</trkpt>
			<trkpt lat="47.19015" lon="11.15236">
				<ele>1211.46</ele>
				<time>2026-09-22T14:03:23.518Z</time>
			</trkpt>
			<trkpt lat="47.18927" lon="11.15212">
				<ele>1223.54</ele>
				<time>2026-09-22T14:03:27.852Z</time>
			</trkpt>
			<trkpt lat="47.18865" lon="11.15203">
				<ele>1224.08</ele>
				<time>2026-09-22T14:03:30.719Z</time>
			</trkpt>
			<trkpt lat="47.18826" lon="11.15192">
				<ele>1223.9</ele>
				<time>2026-09-22T14:03:32.485Z</time>
			</trkpt>
			<trkpt lat="47.18803" lon="11.15181">
				<ele>1223.1</ele>
				<time>2026-09-22T14:03:33.538Z</time>
			</trkpt>
			<trkpt lat="47.1876" lon="11.15151">
				<ele>1228.23</ele>
				<time>2026-09-22T14:03:35.564Z</time>
			</trkpt>
			<trkpt lat="47.1871" lon="11.15119">
				<ele>1236.72</ele>
				<time>2026-09-22T14:03:37.810Z</time>
			</trkpt>
			<trkpt lat="47.18634" lon="11.15094">
				<ele>1242.99</ele>
				<time>2026-09-22T14:03:40.888Z</time>
			</trkpt>
			<trkpt lat="47.18596" lon="11.15076">
				<ele>1245.3</ele>
				<time>2026-09-22T14:03:42.411Z</time>
			</trkpt>
			<trkpt lat="47.18467" lon="11.14989">
				<ele>1256.48</ele>
				<time>2026-09-22T14:03:47.549Z</time>
			</trkpt>
			<trkpt lat="47.18439" lon="11.14994">
				<ele>1259.29</ele>
				<time>2026-09-22T14:03:48.524Z</time>
			</trkpt>
			<trkpt lat="47.18417" lon="11.15004">
				<ele>1261.91</ele>
				<time>2026-09-22T14:03:49.310Z</time>
			</trkpt>
			<trkpt lat="47.18405" lon="11.15013">
				<ele>1263.37</ele>
				<time>2026-09-22T14:03:49.765Z</time>
			</trkpt>
			<trkpt lat="47.18395" lon="11.15029">
				<ele>1264.37</ele>
				<time>2026-09-22T14:03:50.261Z</time>
			</trkpt>
			<trkpt lat="47.18391" lon="11.15043">
				<ele>1265.8</ele>
				<time>2026-09-22T14:03:50.606Z</time>
			</trkpt>
			<trkpt lat="47.18387" lon="11.15068">
				<ele>1269.7</ele>
				<time>2026-09-22T14:03:51.185Z</time>
			</trkpt>
			<trkpt lat="47.18381" lon="11.15124">
				<ele>1272.65</ele>
				<time>2026-09-22T14:03:52.446Z</time>
			</trkpt>
			<trkpt lat="47.18378" lon="11.15145">
				<ele>1272.6</ele>
				<time>2026-09-22T14:03:52.918Z</time>
			</trkpt>
			<trkpt lat="47.18372" lon="11.15159">
				<ele>1273.8</ele>
				<time>2026-09-22T14:03:53.279Z</time>
			</trkpt>
			<trkpt lat="47.18363" lon="11.15171">
				<ele>1275.49</ele>
				<time>2026-09-22T14:03:53.668Z</time>
			</trkpt>
			<trkpt lat="47.18346" lon="11.15183">
				<ele>1281.4</ele>
				<time>2026-09-22T14:03:54.268Z</time>
			</trkpt>
			<trkpt lat="47.18328" lon="11.15184">
				<ele>1285.31</ele>
				<time>2026-09-22T14:03:54.836Z</time>
			</trkpt>
			<trkpt lat="47.18319" lon="11.15181">
				<ele>1287.25</ele>
				<time>2026-09-22T14:03:55.126Z</time>
			</trkpt>
			<trkpt lat="47.18309" lon="11.15175">
				<ele>1288.26</ele>
				<time>2026-09-22T14:03:55.464Z</time>
			</trkpt>
			<trkpt lat="47.1829" lon="11.15148">
				<ele>1292</ele>
				<time>2026-09-22T14:03:56.284Z</time>
			</trkpt>
			<trkpt lat="47.18249" lon="11.15074">
				<ele>1296.8</ele>
				<time>2026-09-22T14:03:58.268Z</time>
			</trkpt>
			<trkpt lat="47.18225" lon="11.15038">
				<ele>1299.47</ele>
				<time>2026-09-22T14:03:59.299Z</time>
			</trkpt>
			<trkpt lat="47.182" lon="11.15008">
				<ele>1299.61</ele>
				<time>2026-09-22T14:04:00.261Z</time>
			</trkpt>
			<trkpt lat="47.18169" lon="11.14977">
				<ele>1303.78</ele>
				<time>2026-09-22T14:04:01.369Z</time>
			</trkpt>
			<trkpt lat="47.18138" lon="11.14951">
				<ele>1307.35</ele>
				<time>2026-09-22T14:04:02.416Z</time>
			</trkpt>
			<trkpt lat="47.18109" lon="11.14932">
				<ele>1311.44</ele>
				<time>2026-09-22T14:04:03.341Z</time>
			</trkpt>
			<trkpt lat="47.18025" lon="11.14895">
				<ele>1324.14</ele>
				<time>2026-09-22T14:04:05.874Z</time>
			</trkpt>
			<trkpt lat="47.17996" lon="11.14884">
				<ele>1326.18</ele>
				<time>2026-09-22T14:04:06.734Z</time>
			</trkpt>
			<trkpt lat="47.17946" lon="11.14855">
				<ele>1333.21</ele>
				<time>2026-09-22T14:04:08.276Z</time>
			</trkpt>
			<trkpt lat="47.17915" lon="11.14834">
				<ele>1339.51</ele>
				<time>2026-09-22T14:04:09.254Z</time>
			</trkpt>
			<trkpt lat="47.17888" lon="11.14813">
				<ele>1343.18</ele>
				<time>2026-09-22T14:04:10.131Z</time>
			</trkpt>
			<trkpt lat="47.17727" lon="11.14698">
				<ele>1355.74</ele>
				<time>2026-09-22T14:04:15.326Z</time>
			</trkpt>
			<trkpt lat="47.17686" lon="11.14661">
				<ele>1361.36</ele>
				<time>2026-09-22T14:04:16.752Z</time>
			</trkpt>
			<trkpt lat="47.17635" lon="11.14599">
				<ele>1368.6</ele>
				<time>2026-09-22T14:04:18.744Z</time>
			</trkpt>
			<trkpt lat="47.17617" lon="11.14587">
				<ele>1370.73</ele>
				<time>2026-09-22T14:04:19.347Z</time>
			</trkpt>
			<trkpt lat="47.17595" lon="11.14579">
				<ele>1374.71</ele>
				<time>2026-09-22T14:04:20.043Z</time>
			</trkpt>
			<trkpt lat="47.17575" lon="11.14576">
				<ele>1377.3</ele>
				<time>2026-09-22T14:04:20.665Z</time>
			</trkpt>
			<trkpt lat="47.17528" lon="11.14577">
				<ele>1384.87</ele>
				<time>2026-09-22T14:04:22.139Z</time>
			</trkpt>
			<trkpt lat="47.17493" lon="11.14568">
				<ele>1390.12</ele>
				<time>2026-09-22T14:04:23.271Z</time>
			</trkpt>
			<trkpt lat="47.17464" lon="11.14555">
				<ele>1391.23</ele>
				<time>2026-09-22T14:04:24.251Z</time>
			</trkpt>
			<trkpt lat="47.17442" lon="11.14541">
				<ele>1391.77</ele>
				<time>2026-09-22T14:04:25.035Z</time>
			</trkpt>
			<trkpt lat="47.17289" lon="11.14416">
				<ele>1410.44</ele>
				<time>2026-09-22T14:04:31.048Z</time>
			</trkpt>
			<trkpt lat="47.17244" lon="11.14382">
				<ele>1414.92</ele>
				<time>2026-09-22T14:04:32.893Z</time>
			</trkpt>
			<trkpt lat="47.1721" lon="11.14368">
				<ele>1421.17</ele>
				<time>2026-09-22T14:04:34.212Z</time>
			</trkpt>
			<trkpt lat="47.17175" lon="11.14363">
				<ele>1424.3</ele>
				<time>2026-09-22T14:04:35.554Z</time>
			</trkpt>
			<trkpt lat="47.17151" lon="11.14367">
				<ele>1425.43</ele>
				<time>2026-09-22T14:04:36.492Z</time>
			</trkpt>
			<trkpt lat="47.17124" lon="11.14376">
				<ele>1428.24</ele>
				<time>2026-09-22T14:04:37.585Z</time>
			</trkpt>
			<trkpt lat="47.17102" lon="11.14388">
				<ele>1432.19</ele>
				<time>2026-09-22T14:04:38.526Z</time>
			</trkpt>
			<trkpt lat="47.17073" lon="11.14415">
				<ele>1436.39</ele>
				<time>2026-09-22T14:04:39.927Z</time>
			</trkpt>
			<trkpt lat="47.17045" lon="11.14425">
				<ele>1442.78</ele>
				<time>2026-09-22T14:04:41.126Z</time>
			</trkpt>
			<trkpt lat="47.17023" lon="11.14418">
				<ele>1448.39</ele>
				<time>2026-09-22T14:04:42.079Z</time>
			</trkpt>
			<trkpt lat="47.17015" lon="11.14413">
				<ele>1447.86</ele>
				<time>2026-09-22T14:04:42.451Z</time>
			</trkpt>
			<trkpt lat="47.17004" lon="11.144">
				<ele>1444.33</ele>
				<time>2026-09-22T14:04:43.059Z</time>
			</trkpt>
			<trkpt lat="47.16995" lon="11.14384">
				<ele>1439.4</ele>
				<time>2026-09-22T14:04:43.673Z</time>
			</trkpt>
			<trkpt lat="47.16945" lon="11.14314">
				<ele>1442.36</ele>
				<time>2026-09-22T14:04:46.757Z</time>
			</trkpt>
			<trkpt lat="47.16919" lon="11.14293">
				<ele>1439.68</ele>
				<time>2026-09-22T14:04:48.127Z</time>
			</trkpt>
			<trkpt lat="47.16893" lon="11.14278">
				<ele>1440.88</ele>
				<time>2026-09-22T14:04:49.441Z</time>
			</trkpt>
			<trkpt lat="47.16859" lon="11.14267">
				<ele>1447.69</ele>
				<time>2026-09-22T14:04:51.115Z</time>
			</trkpt>
			<trkpt lat="47.16808" lon="11.14257">
				<ele>1452.14</ele>
				<time>2026-09-22T14:04:53.661Z</time>
			</trkpt>
			<trkpt lat="47.16788" lon="11.1425">
				<ele>1453.75</ele>
				<time>2026-09-22T14:04:54.704Z</time>
			</trkpt>
			<trkpt lat="47.16755" lon="11.14233">
				<ele>1456.26</ele>
				<time>2026-09-22T14:04:56.511Z</time>
			</trkpt>
			<trkpt lat="47.16736" lon="11.14226">
				<ele>1456.44</ele>
				<time>2026-09-22T14:04:57.543Z</time>
			</trkpt>
			<trkpt lat="47.16663" lon="11.1421">
				<ele>1464.05</ele>
				<time>2026-09-22T14:05:01.557Z</time>
			</trkpt>
			<trkpt lat="47.16643" lon="11.142">
				<ele>1465.12</ele>
				<time>2026-09-22T14:05:02.744Z</time>
			</trkpt>
			<trkpt lat="47.16609" lon="11.1417">
				<ele>1461.68</ele>
				<time>2026-09-22T14:05:05.019Z</time>
			</trkpt>
			<trkpt lat="47.16518" lon="11.14077">
				<ele>1479.85</ele>
				<time>2026-09-22T14:05:11.715Z</time>
			</trkpt>
			<trkpt lat="47.1644" lon="11.14004">
				<ele>1484.31</ele>
				<time>2026-09-22T14:05:17.705Z</time>
			</trkpt>
			<trkpt lat="47.16355" lon="11.13937">
				<ele>1498.66</ele>
				<time>2026-09-22T14:05:24.367Z</time>
			</trkpt>
			<trkpt lat="47.16314" lon="11.13901">
				<ele>1504.41</ele>
				<time>2026-09-22T14:05:27.831Z</time>
			</trkpt>
			<trkpt lat="47.16262" lon="11.13876">
				<ele>1510.65</ele>
				<time>2026-09-22T14:05:31.937Z</time>
			</trkpt>
			<trkpt lat="47.16185" lon="11.13853">
				<ele>1520.23</ele>
				<time>2026-09-22T14:05:38.102Z</time>
			</trkpt>
			<trkpt lat="47.16145" lon="11.13838">
				<ele>1522.53</ele>
				<time>2026-09-22T14:05:41.472Z</time>
			</trkpt>
			<trkpt lat="47.16037" lon="11.13748">
				<ele>1522.18</ele>
				<time>2026-09-22T14:05:52.168Z</time>
			</trkpt>
			<trkpt lat="47.16026" lon="11.13747">
				<ele>1522.82</ele>
				<time>2026-09-22T14:05:53.160Z</time>
			</trkpt>
			<trkpt lat="47.16015" lon="11.13752">
				<ele>1523.55</ele>
				<time>2026-09-22T14:05:54.203Z</time>
			</trkpt>
			<trkpt lat="47.15997" lon="11.13764">
				<ele>1525.22</ele>
				<time>2026-09-22T14:05:56.013Z</time>
			</trkpt>
			<trkpt lat="47.15987" lon="11.13761">
				<ele>1528.82</ele>
				<time>2026-09-22T14:05:56.956Z</time>
			</trkpt>
			<trkpt lat="47.15983" lon="11.13753">
				<ele>1532.02</ele>
				<time>2026-09-22T14:05:57.583Z</time>
			</trkpt>
			<trkpt lat="47.15991" lon="11.13736">
				<ele>1533.11</ele>
				<time>2026-09-22T14:05:58.898Z</time>
			</trkpt>
			<trkpt lat="47.16004" lon="11.13722">
				<ele>1531.8</ele>
				<time>2026-09-22T14:06:00.420Z</time>
			</trkpt>
			<trkpt lat="47.16027" lon="11.13702">
				<ele>1531.6</ele>
				<time>2026-09-22T14:06:02.978Z</time>
			</trkpt>
			<trkpt lat="47.1603" lon="11.13695">
				<ele>1533.88</ele>
				<time>2026-09-22T14:06:03.522Z</time>
			</trkpt>
			<trkpt lat="47.16028" lon="11.13685">
				<ele>1537.67</ele>
				<time>2026-09-22T14:06:04.210Z</time>
			</trkpt>
			<trkpt lat="47.16022" lon="11.13681">
				<ele>1539.95</ele>
				<time>2026-09-22T14:06:04.852Z</time>
			</trkpt>
			<trkpt lat="47.16016" lon="11.13684">
				<ele>1539.71</ele>
				<time>2026-09-22T14:06:05.473Z</time>
			</trkpt>
			<trkpt lat="47.15996" lon="11.13704">
				<ele>1537.73</ele>
				<time>2026-09-22T14:06:07.863Z</time>
			</trkpt>
			<trkpt lat="47.15973" lon="11.13721">
				<ele>1541.92</ele>
				<time>2026-09-22T14:06:10.448Z</time>
			</trkpt>
			<trkpt lat="47.15959" lon="11.13736">
				<ele>1541.5</ele>
				<time>2026-09-22T14:06:12.210Z</time>
			</trkpt>
			<trkpt lat="47.15949" lon="11.13762">
				<ele>1538.2</ele>
				<time>2026-09-22T14:06:14.301Z</time>
			</trkpt>
			<trkpt lat="47.15941" lon="11.13766">
				<ele>1539.53</ele>
				<time>2026-09-22T14:06:15.178Z</time>
			</trkpt>
			<trkpt lat="47.15937" lon="11.13761">
				<ele>1541.49</ele>
				<time>2026-09-22T14:06:15.726Z</time>
			</trkpt>
			<trkpt lat="47.15935" lon="11.13752">
				<ele>1543.52</ele>
				<time>2026-09-22T14:06:16.399Z</time>
			</trkpt>
			<trkpt lat="47.15937" lon="11.1374">
				<ele>1545.71</ele>
				<time>2026-09-22T14:06:17.283Z</time>
			</trkpt>
			<trkpt lat="47.15943" lon="11.13728">
				<ele>1547.36</ele>
				<time>2026-09-22T14:06:18.354Z</time>
			</trkpt>
			<trkpt lat="47.15959" lon="11.13711">
				<ele>1547.36</ele>
				<time>2026-09-22T14:06:20.460Z</time>
			</trkpt>
			<trkpt lat="47.15975" lon="11.13698">
				<ele>1545.33</ele>
				<time>2026-09-22T14:06:22.433Z</time>
			</trkpt>
			<trkpt lat="47.15978" lon="11.13689">
				<ele>1546.4</ele>
				<time>2026-09-22T14:06:23.174Z</time>
			</trkpt>
			<trkpt lat="47.15978" lon="11.13685">
				<ele>1547.42</ele>
				<time>2026-09-22T14:06:23.471Z</time>
			</trkpt>
			<trkpt lat="47.15976" lon="11.13677">
				<ele>1549.86</ele>
				<time>2026-09-22T14:06:24.105Z</time>
			</trkpt>
			<trkpt lat="47.15969" lon="11.13674">
				<ele>1551.86</ele>
				<time>2026-09-22T14:06:24.905Z</time>
			</trkpt>
			<trkpt lat="47.15965" lon="11.13676">
				<ele>1552.61</ele>
				<time>2026-09-22T14:06:25.371Z</time>
			</trkpt>
			<trkpt lat="47.15916" lon="11.13728">
				<ele>1553.79</ele>
				<time>2026-09-22T14:06:32.160Z</time>
			</trkpt>
			<trkpt lat="47.15905" lon="11.13738">
				<ele>1554.65</ele>
				<time>2026-09-22T14:06:33.645Z</time>
			</trkpt>
			<trkpt lat="47.15879" lon="11.13753">
				<ele>1558.42</ele>
				<time>2026-09-22T14:06:36.891Z</time>
			</trkpt>
			<trkpt lat="47.1584" lon="11.13764">
				<ele>1566.2</ele>
				<time>2026-09-22T14:06:41.600Z</time>
			</trkpt>
			<trkpt lat="47.15804" lon="11.1378">
				<ele>1568.45</ele>
				<time>2026-09-22T14:06:46.162Z</time>
			</trkpt>
			<trkpt lat="47.15792" lon="11.13783">
				<ele>1569.61</ele>
				<time>2026-09-22T14:06:47.660Z</time>
			</trkpt>
			<trkpt lat="47.15728" lon="11.13789">
				<ele>1572.21</ele>
				<time>2026-09-22T14:06:55.730Z</time>
			</trkpt>
			<trkpt lat="47.15715" lon="11.13786">
				<ele>1573.12</ele>
				<time>2026-09-22T14:06:57.423Z</time>
			</trkpt>
			<trkpt lat="47.15709" lon="11.1378">
				<ele>1574.81</ele>
				<time>2026-09-22T14:06:58.362Z</time>
			</trkpt>
			<trkpt lat="47.15708" lon="11.13775">
				<ele>1576.4</ele>
				<time>2026-09-22T14:06:58.822Z</time>
			</trkpt>
			<trkpt lat="47.15708" lon="11.13769">
				<ele>1578.34</ele>
				<time>2026-09-22T14:06:59.353Z</time>
			</trkpt>
			<trkpt lat="47.1571" lon="11.13764">
				<ele>1580.07</ele>
				<time>2026-09-22T14:06:59.867Z</time>
			</trkpt>
			<trkpt lat="47.15719" lon="11.13759">
				<ele>1581.48</ele>
				<time>2026-09-22T14:07:01.126Z</time>
			</trkpt>
			<trkpt lat="47.15764" lon="11.13739">
				<ele>1586.74</ele>
				<time>2026-09-22T14:07:07.379Z</time>
			</trkpt>
			<trkpt lat="47.15794" lon="11.13719">
				<ele>1586.58</ele>
				<time>2026-09-22T14:07:11.860Z</time>
			</trkpt>
			<trkpt lat="47.15807" lon="11.137">
				<ele>1588.03</ele>
				<time>2026-09-22T14:07:14.390Z</time>
			</trkpt>
			<trkpt lat="47.15813" lon="11.13682">
				<ele>1591.46</ele>
				<time>2026-09-22T14:07:16.288Z</time>
			</trkpt>
			<trkpt lat="47.15826" lon="11.13649">
				<ele>1594.98</ele>
				<time>2026-09-22T14:07:19.939Z</time>
			</trkpt>
			<trkpt lat="47.15834" lon="11.13614">
				<ele>1597.36</ele>
				<time>2026-09-22T14:07:23.524Z</time>
			</trkpt>
			<trkpt lat="47.15839" lon="11.13603">
				<ele>1597.89</ele>
				<time>2026-09-22T14:07:24.820Z</time>
			</trkpt>
			<trkpt lat="47.15834" lon="11.13614">
				<ele>1597.36</ele>
				<time>2026-09-22T14:07:26.123Z</time>
			</trkpt>
			<trkpt lat="47.15826" lon="11.13649">
				<ele>1594.98</ele>
				<time>2026-09-22T14:07:29.794Z</time>
			</trkpt>
			<trkpt lat="47.15813" lon="11.13682">
				<ele>1591.46</ele>
				<time>2026-09-22T14:07:33.638Z</time>
			</trkpt>
			<trkpt lat="47.15807" lon="11.137">
				<ele>1588.03</ele>
				<time>2026-09-22T14:07:35.681Z</time>
			</trkpt>
			<trkpt lat="47.15794" lon="11.13719">
				<ele>1586.58</ele>
				<time>2026-09-22T14:07:38.451Z</time>
			</trkpt>
			<trkpt lat="47.15764" lon="11.13739">
				<ele>1586.74</ele>
				<time>2026-09-22T14:07:51.663Z</time>
			</trkpt>
			<trkpt lat="47.15719" lon="11.13759">
				<ele>1581.48</ele>
				<time>2026-09-22T14:08:26.592Z</time>
			</trkpt>
			<trkpt lat="47.1571" lon="11.13764">
				<ele>1580.07</ele>
				<time>2026-09-22T14:08:29.489Z</time>
			</trkpt>
			<trkpt lat="47.15708" lon="11.13769">
				<ele>1578.34</ele>
				<time>2026-09-22T14:08:30.568Z</time>
			</trkpt>
			<trkpt lat="47.15708" lon="11.13775">
				<ele>1576.4</ele>
				<time>2026-09-22T14:08:31.620Z</time>
			</trkpt>
			<trkpt lat="47.15709" lon="11.1378">
				<ele>1574.81</ele>
				<time>2026-09-22T14:08:32.481Z</time>
			</trkpt>
			<trkpt lat="47.15715" lon="11.13786">
				<ele>1573.12</ele>
				<time>2026-09-22T14:08:34.092Z</time>
			</trkpt>
			<trkpt lat="47.15728" lon="11.13789">
				<ele>1572.21</ele>
				<time>2026-09-22T14:08:36.508Z</time>
			</trkpt>
			<trkpt lat="47.15792" lon="11.13783">
				<ele>1569.61</ele>
				<time>2026-09-22T14:08:44.217Z</time>
			</trkpt>
			<trkpt lat="47.15804" lon="11.1378">
				<ele>1568.45</ele>
				<time>2026-09-22T14:08:45.612Z</time>
			</trkpt>
			<trkpt lat="47.1584" lon="11.13764">
				<ele>1566.2</ele>
				<time>2026-09-22T14:08:49.875Z</time>
			</trkpt>
			<trkpt lat="47.15879" lon="11.13753">
				<ele>1558.42</ele>
				<time>2026-09-22T14:08:54.300Z</time>
			</trkpt>
			<trkpt lat="47.15905" lon="11.13738">
				<ele>1554.65</ele>
				<time>2026-09-22T14:08:57.366Z</time>
			</trkpt>
			<trkpt lat="47.15916" lon="11.13728">
				<ele>1553.79</ele>
				<time>2026-09-22T14:08:58.773Z</time>
			</trkpt>
			<trkpt lat="47.15965" lon="11.13676">
				<ele>1552.61</ele>
				<time>2026-09-22T14:09:05.241Z</time>
			</trkpt>
			<trkpt lat="47.15969" lon="11.13674">
				<ele>1551.86</ele>
				<time>2026-09-22T14:09:05.687Z</time>
			</trkpt>
			<trkpt lat="47.15976" lon="11.13677">
				<ele>1549.86</ele>
				<time>2026-09-22T14:09:06.454Z</time>
			</trkpt>
			<trkpt lat="47.15978" lon="11.13685">
				<ele>1547.42</ele>
				<time>2026-09-22T14:09:07.063Z</time>
			</trkpt>
			<trkpt lat="47.15978" lon="11.13689">
				<ele>1546.4</ele>
				<time>2026-09-22T14:09:07.348Z</time>
			</trkpt>
			<trkpt lat="47.15975" lon="11.13698">
				<ele>1545.33</ele>
				<time>2026-09-22T14:09:08.060Z</time>
			</trkpt>
			<trkpt lat="47.15959" lon="11.13711">
				<ele>1547.36</ele>
				<time>2026-09-22T14:09:09.960Z</time>
			</trkpt>
			<trkpt lat="47.15943" lon="11.13728">
				<ele>1547.36</ele>
				<time>2026-09-22T14:09:11.994Z</time>
			</trkpt>
			<trkpt lat="47.15937" lon="11.1374">
				<ele>1545.71</ele>
				<time>2026-09-22T14:09:13.031Z</time>
			</trkpt>
			<trkpt lat="47.15935" lon="11.13752">
				<ele>1543.52</ele>
				<time>2026-09-22T14:09:13.888Z</time>
			</trkpt>
			<trkpt lat="47.15937" lon="11.13761">
				<ele>1541.49</ele>
				<time>2026-09-22T14:09:14.542Z</time>
			</trkpt>
			<trkpt lat="47.15941" lon="11.13766">
				<ele>1539.53</ele>
				<time>2026-09-22T14:09:15.074Z</time>
			</trkpt>
			<trkpt lat="47.15949" lon="11.13762">
				<ele>1538.2</ele>
				<time>2026-09-22T14:09:15.928Z</time>
			</trkpt>
			<trkpt lat="47.15959" lon="11.13736">
				<ele>1541.5</ele>
				<time>2026-09-22T14:09:17.967Z</time>
			</trkpt>
			<trkpt lat="47.15973" lon="11.13721">
				<ele>1541.92</ele>
				<time>2026-09-22T14:09:19.691Z</time>
			</trkpt>
			<trkpt lat="47.15996" lon="11.13704">
				<ele>1537.73</ele>
				<time>2026-09-22T14:09:22.229Z</time>
			</trkpt>
			<trkpt lat="47.16016" lon="11.13684">
				<ele>1539.71</ele>
				<time>2026-09-22T14:09:24.587Z</time>
			</trkpt>
			<trkpt lat="47.16022" lon="11.13681">
				<ele>1539.95</ele>
				<time>2026-09-22T14:09:25.200Z</time>
			</trkpt>
			<trkpt lat="47.16028" lon="11.13685">
				<ele>1537.67</ele>
				<time>2026-09-22T14:09:25.836Z</time>
			</trkpt>
			<trkpt lat="47.1603" lon="11.13695">
				<ele>1533.88</ele>
				<time>2026-09-22T14:09:26.518Z</time>
			</trkpt>
			<trkpt lat="47.16027" lon="11.13702">
				<ele>1531.6</ele>
				<time>2026-09-22T14:09:27.058Z</time>
			</trkpt>
			<trkpt lat="47.16004" lon="11.13722">
				<ele>1531.8</ele>
				<time>2026-09-22T14:09:29.604Z</time>
			</trkpt>
			<trkpt lat="47.15991" lon="11.13736">
				<ele>1533.11</ele>
				<time>2026-09-22T14:09:31.124Z</time>
			</trkpt>
			<trkpt lat="47.15983" lon="11.13753">
				<ele>1532.02</ele>
				<time>2026-09-22T14:09:32.441Z</time>
			</trkpt>
			<trkpt lat="47.15987" lon="11.13761">
				<ele>1528.82</ele>
				<time>2026-09-22T14:09:33.071Z</time>
			</trkpt>
			<trkpt lat="47.15997" lon="11.13764">
				<ele>1525.22</ele>
				<time>2026-09-22T14:09:34.019Z</time>
			</trkpt>
			<trkpt lat="47.16015" lon="11.13752">
				<ele>1523.55</ele>
				<time>2026-09-22T14:09:35.843Z</time>
			</trkpt>
			<trkpt lat="47.16026" lon="11.13747">
				<ele>1522.82</ele>
				<time>2026-09-22T14:09:36.898Z</time>
			</trkpt>
			<trkpt lat="47.16037" lon="11.13748">
				<ele>1522.18</ele>
				<time>2026-09-22T14:09:37.902Z</time>
			</trkpt>
			<trkpt lat="47.16145" lon="11.13838">
				<ele>1522.53</ele>
				<time>2026-09-22T14:09:48.876Z</time>
			</trkpt>
			<trkpt lat="47.16185" lon="11.13853">
				<ele>1520.23</ele>
				<time>2026-09-22T14:09:52.390Z</time>
			</trkpt>
			<trkpt lat="47.16262" lon="11.13876">
				<ele>1510.65</ele>
				<time>2026-09-22T14:09:58.899Z</time>
			</trkpt>
			<trkpt lat="47.16314" lon="11.13901">
				<ele>1504.41</ele>
				<time>2026-09-22T14:10:03.294Z</time>
			</trkpt>
			<trkpt lat="47.16355" lon="11.13937">
				<ele>1498.66</ele>
				<time>2026-09-22T14:10:07.042Z</time>
			</trkpt>
			<trkpt lat="47.1644" lon="11.14004">
				<ele>1484.31</ele>
				<time>2026-09-22T14:10:14.366Z</time>
			</trkpt>
			<trkpt lat="47.16518" lon="11.14077">
				<ele>1479.85</ele>
				<time>2026-09-22T14:10:21.092Z</time>
			</trkpt>
			<trkpt lat="47.16609" lon="11.1417">
				<ele>1461.68</ele>
				<time>2026-09-22T14:10:28.792Z</time>
			</trkpt>
			<trkpt lat="47.16643" lon="11.142">
				<ele>1465.12</ele>
				<time>2026-09-22T14:10:31.456Z</time>
			</trkpt>
			<trkpt lat="47.16663" lon="11.1421">
				<ele>1464.05</ele>
				<time>2026-09-22T14:10:32.855Z</time>
			</trkpt>
			<trkpt lat="47.16736" lon="11.14226">
				<ele>1456.44</ele>
				<time>2026-09-22T14:10:37.645Z</time>
			</trkpt>
			<trkpt lat="47.16755" lon="11.14233">
				<ele>1456.26</ele>
				<time>2026-09-22T14:10:38.890Z</time>
			</trkpt>
			<trkpt lat="47.16788" lon="11.1425">
				<ele>1453.75</ele>
				<time>2026-09-22T14:10:41.086Z</time>
			</trkpt>
			<trkpt lat="47.16808" lon="11.14257">
				<ele>1452.14</ele>
				<time>2026-09-22T14:10:42.361Z</time>
			</trkpt>
			<trkpt lat="47.16859" lon="11.14267">
				<ele>1447.69</ele>
				<time>2026-09-22T14:10:45.505Z</time>
			</trkpt>
			<trkpt lat="47.16893" lon="11.14278">
				<ele>1440.88</ele>
				<time>2026-09-22T14:10:47.592Z</time>
			</trkpt>
			<trkpt lat="47.16919" lon="11.14293">
				<ele>1439.68</ele>
				<time>2026-09-22T14:10:49.245Z</time>
			</trkpt>
			<trkpt lat="47.16945" lon="11.14314">
				<ele>1442.36</ele>
				<time>2026-09-22T14:10:50.979Z</time>
			</trkpt>
			<trkpt lat="47.16995" lon="11.14384">
				<ele>1439.4</ele>
				<time>2026-09-22T14:10:54.931Z</time>
			</trkpt>
			<trkpt lat="47.17004" lon="11.144">
				<ele>1444.33</ele>
				<time>2026-09-22T14:10:55.726Z</time>
			</trkpt>
			<trkpt lat="47.17015" lon="11.14413">
				<ele>1447.86</ele>
				<time>2026-09-22T14:10:56.516Z</time>
			</trkpt>
			<trkpt lat="47.17023" lon="11.14418">
				<ele>1448.39</ele>
				<time>2026-09-22T14:10:57.000Z</time>
			</trkpt>
			<trkpt lat="47.17045" lon="11.14425">
				<ele>1442.78</ele>
				<time>2026-09-22T14:10:58.246Z</time>
			</trkpt>
			<trkpt lat="47.17073" lon="11.14415">
				<ele>1436.39</ele>
				<time>2026-09-22T14:10:59.824Z</time>
			</trkpt>
			<trkpt lat="47.17102" lon="11.14388">
				<ele>1432.19</ele>
				<time>2026-09-22T14:11:01.681Z</time>
			</trkpt>
			<trkpt lat="47.17124" lon="11.14376">
				<ele>1428.24</ele>
				<time>2026-09-22T14:11:02.936Z</time>
			</trkpt>
			<trkpt lat="47.17151" lon="11.14367">
				<ele>1425.43</ele>
				<time>2026-09-22T14:11:04.402Z</time>
			</trkpt>
			<trkpt lat="47.17175" lon="11.14363">
				<ele>1424.3</ele>
				<time>2026-09-22T14:11:05.668Z</time>
			</trkpt>
			<trkpt lat="47.1721" lon="11.14368">
				<ele>1421.17</ele>
				<time>2026-09-22T14:11:07.491Z</time>
			</trkpt>
			<trkpt lat="47.17244" lon="11.14382">
				<ele>1414.92</ele>
				<time>2026-09-22T14:11:09.297Z</time>
			</trkpt>
			<trkpt lat="47.17289" lon="11.14416">
				<ele>1410.44</ele>
				<time>2026-09-22T14:11:11.845Z</time>
			</trkpt>
			<trkpt lat="47.17442" lon="11.14541">
				<ele>1391.77</ele>
				<time>2026-09-22T14:11:20.322Z</time>
			</trkpt>
			<trkpt lat="47.17464" lon="11.14555">
				<ele>1391.23</ele>
				<time>2026-09-22T14:11:21.446Z</time>
			</trkpt>
			<trkpt lat="47.17493" lon="11.14568">
				<ele>1390.12</ele>
				<time>2026-09-22T14:11:22.855Z</time>
			</trkpt>
			<trkpt lat="47.17528" lon="11.14577">
				<ele>1384.87</ele>
				<time>2026-09-22T14:11:24.490Z</time>
			</trkpt>
			<trkpt lat="47.17575" lon="11.14576">
				<ele>1377.3</ele>
				<time>2026-09-22T14:11:26.628Z</time>
			</trkpt>
			<trkpt lat="47.17595" lon="11.14579">
				<ele>1374.71</ele>
				<time>2026-09-22T14:11:27.533Z</time>
			</trkpt>
			<trkpt lat="47.17617" lon="11.14587">
				<ele>1370.73</ele>
				<time>2026-09-22T14:11:28.548Z</time>
			</trkpt>
			<trkpt lat="47.17635" lon="11.14599">
				<ele>1368.6</ele>
				<time>2026-09-22T14:11:29.429Z</time>
			</trkpt>
			<trkpt lat="47.17686" lon="11.14661">
				<ele>1361.36</ele>
				<time>2026-09-22T14:11:32.344Z</time>
			</trkpt>
			<trkpt lat="47.17727" lon="11.14698">
				<ele>1355.74</ele>
				<time>2026-09-22T14:11:34.434Z</time>
			</trkpt>
			<trkpt lat="47.17888" lon="11.14813">
				<ele>1343.18</ele>
				<time>2026-09-22T14:11:42.034Z</time>
			</trkpt>
			<trkpt lat="47.17915" lon="11.14834">
				<ele>1339.51</ele>
				<time>2026-09-22T14:11:43.307Z</time>
			</trkpt>
			<trkpt lat="47.17946" lon="11.14855">
				<ele>1333.21</ele>
				<time>2026-09-22T14:11:44.724Z</time>
			</trkpt>
			<trkpt lat="47.17996" lon="11.14884">
				<ele>1326.18</ele>
				<time>2026-09-22T14:11:46.942Z</time>
			</trkpt>
			<trkpt lat="47.18025" lon="11.14895">
				<ele>1324.14</ele>
				<time>2026-09-22T14:11:48.172Z</time>
			</trkpt>
			<trkpt lat="47.18109" lon="11.14932">
				<ele>1311.44</ele>
				<time>2026-09-22T14:11:51.755Z</time>
			</trkpt>
			<trkpt lat="47.18138" lon="11.14951">
				<ele>1307.35</ele>
				<time>2026-09-22T14:11:53.046Z</time>
			</trkpt>
			<trkpt lat="47.18169" lon="11.14977">
				<ele>1303.78</ele>
				<time>2026-09-22T14:11:54.496Z</time>
			</trkpt>
			<trkpt lat="47.182" lon="11.15008">
				<ele>1299.61</ele>
				<time>2026-09-22T14:11:56.017Z</time>
			</trkpt>
			<trkpt lat="47.18225" lon="11.15038">
				<ele>1299.47</ele>
				<time>2026-09-22T14:11:57.325Z</time>
			</trkpt>
			<trkpt lat="47.18249" lon="11.15074">
				<ele>1296.8</ele>
				<time>2026-09-22T14:11:58.715Z</time>
			</trkpt>
			<trkpt lat="47.1829" lon="11.15148">
				<ele>1292</ele>
				<time>2026-09-22T14:12:01.348Z</time>
			</trkpt>
			<trkpt lat="47.18309" lon="11.15175">
				<ele>1288.26</ele>
				<time>2026-09-22T14:12:02.421Z</time>
			</trkpt>
			<trkpt lat="47.18319" lon="11.15181">
				<ele>1287.25</ele>
				<time>2026-09-22T14:12:02.860Z</time>
			</trkpt>
			<trkpt lat="47.18328" lon="11.15184">
				<ele>1285.31</ele>
				<time>2026-09-22T14:12:03.236Z</time>
			</trkpt>
			<trkpt lat="47.18346" lon="11.15183">
				<ele>1281.4</ele>
				<time>2026-09-22T14:12:03.969Z</time>
			</trkpt>
			<trkpt lat="47.18363" lon="11.15171">
				<ele>1275.49</ele>
				<time>2026-09-22T14:12:04.738Z</time>
			</trkpt>
			<trkpt lat="47.18372" lon="11.15159">
				<ele>1273.8</ele>
				<time>2026-09-22T14:12:05.233Z</time>
			</trkpt>
			<trkpt lat="47.18378" lon="11.15145">
				<ele>1272.6</ele>
				<time>2026-09-22T14:12:05.693Z</time>
			</trkpt>
			<trkpt lat="47.18381" lon="11.15124">
				<ele>1272.65</ele>
				<time>2026-09-22T14:12:06.289Z</time>
			</trkpt>
			<trkpt lat="47.18387" lon="11.15068">
				<ele>1269.7</ele>
				<time>2026-09-22T14:12:07.868Z</time>
			</trkpt>
			<trkpt lat="47.18391" lon="11.15043">
				<ele>1265.8</ele>
				<time>2026-09-22T14:12:08.586Z</time>
			</trkpt>
			<trkpt lat="47.18395" lon="11.15029">
				<ele>1264.37</ele>
				<time>2026-09-22T14:12:09.011Z</time>
			</trkpt>
			<trkpt lat="47.18405" lon="11.15013">
				<ele>1263.37</ele>
				<time>2026-09-22T14:12:09.620Z</time>
			</trkpt>
			<trkpt lat="47.18417" lon="11.15004">
				<ele>1261.91</ele>
				<time>2026-09-22T14:12:10.176Z</time>
			</trkpt>
			<trkpt lat="47.18439" lon="11.14994">
				<ele>1259.29</ele>
				<time>2026-09-22T14:12:11.129Z</time>
			</trkpt>
			<trkpt lat="47.18467" lon="11.14989">
				<ele>1256.48</ele>
				<time>2026-09-22T14:12:12.300Z</time>
			</trkpt>
			<trkpt lat="47.18596" lon="11.15076">
				<ele>1245.3</ele>
				<time>2026-09-22T14:12:18.274Z</time>
			</trkpt>
			<trkpt lat="47.18634" lon="11.15094">
				<ele>1242.99</ele>
				<time>2026-09-22T14:12:19.983Z</time>
			</trkpt>
			<trkpt lat="47.1871" lon="11.15119">
				<ele>1236.72</ele>
				<time>2026-09-22T14:12:23.360Z</time>
			</trkpt>
			<trkpt lat="47.1876" lon="11.15151">
				<ele>1228.23</ele>
				<time>2026-09-22T14:12:25.762Z</time>
			</trkpt>
			<trkpt lat="47.18803" lon="11.15181">
				<ele>1223.1</ele>
				<time>2026-09-22T14:12:27.885Z</time>
			</trkpt>
			<trkpt lat="47.18826" lon="11.15192">
				<ele>1223.9</ele>
				<time>2026-09-22T14:12:28.974Z</time>
			</trkpt>
			<trkpt lat="47.18865" lon="11.15203">
				<ele>1224.08</ele>
				<time>2026-09-22T14:12:30.779Z</time>
			</trkpt>
			<trkpt lat="47.18927" lon="11.15212">
				<ele>1223.54</ele>
				<time>2026-09-22T14:12:33.654Z</time>
			</trkpt>
			<trkpt lat="47.19015" lon="11.15236">
				<ele>1211.46</ele>
				<time>2026-09-22T14:12:37.881Z</time>
			</trkpt>
			<trkpt lat="47.19044" lon="11.15238">
				<ele>1211.39</ele>
				<time>2026-09-22T14:12:39.279Z</time>
			</trkpt>
			<trkpt lat="47.19197" lon="11.15235">
				<ele>1200.58</ele>
				<time>2026-09-22T14:12:46.883Z</time>
			</trkpt>
			<trkpt lat="47.1923" lon="11.15242">
				<ele>1201.13</ele>
				<time>2026-09-22T14:12:48.596Z</time>
			</trkpt>
			<trkpt lat="47.19255" lon="11.15251">
				<ele>1202.17</ele>
				<time>2026-09-22T14:12:49.934Z</time>
			</trkpt>
			<trkpt lat="47.19289" lon="11.15273">
				<ele>1200.55</ele>
				<time>2026-09-22T14:12:51.887Z</time>
			</trkpt>
			<trkpt lat="47.19364" lon="11.15339">
				<ele>1196.76</ele>
				<time>2026-09-22T14:12:56.596Z</time>
			</trkpt>
			<trkpt lat="47.19386" lon="11.15366">
				<ele>1195.81</ele>
				<time>2026-09-22T14:12:58.176Z</time>
			</trkpt>
			<trkpt lat="47.19394" lon="11.15379">
				<ele>1194.71</ele>
				<time>2026-09-22T14:12:58.838Z</time>
			</trkpt>
			<trkpt lat="47.19411" lon="11.15428">
				<ele>1192.03</ele>
				<time>2026-09-22T14:13:00.938Z</time>
			</trkpt>
			<trkpt lat="47.19426" lon="11.15459">
				<ele>1191.2</ele>
				<time>2026-09-22T14:13:02.409Z</time>
			</trkpt>
			<trkpt lat="47.19434" lon="11.1547">
				<ele>1191.29</ele>
				<time>2026-09-22T14:13:03.037Z</time>
			</trkpt>
			<trkpt lat="47.19492" lon="11.15524">
				<ele>1192</ele>
				<time>2026-09-22T14:13:07.038Z</time>
			</trkpt>
			<trkpt lat="47.19548" lon="11.15595">
				<ele>1190.73</ele>
				<time>2026-09-22T14:13:11.480Z</time>
			</trkpt>
			<trkpt lat="47.19553" lon="11.15579">
				<ele>1190.93</ele>
				<time>2026-09-22T14:13:12.212Z</time>
			</trkpt>
			<trkpt lat="47.19559" lon="11.15546">
				<ele>1191.2</ele>
				<time>2026-09-22T14:13:13.644Z</time>
			</trkpt>
			<trkpt lat="47.19579" lon="11.15428">
				<ele>1193.19</ele>
				<time>2026-09-22T14:13:18.860Z</time>
			</trkpt>
			<trkpt lat="47.19586" lon="11.15395">
				<ele>1197.04</ele>
				<time>2026-09-22T14:13:20.378Z</time>
			</trkpt>
			<trkpt lat="47.19594" lon="11.15364">
				<ele>1200.08</ele>
				<time>2026-09-22T14:13:21.848Z</time>
			</trkpt>
			<trkpt lat="47.19633" lon="11.15241">
				<ele>1204.77</ele>
				<time>2026-09-22T14:13:27.974Z</time>
			</trkpt>
			<trkpt lat="47.19662" lon="11.15119">
				<ele>1212.42</ele>
				<time>2026-09-22T14:13:33.861Z</time>
			</trkpt>
			<trkpt lat="47.19673" lon="11.15054">
				<ele>1217.52</ele>
				<time>2026-09-22T14:13:36.930Z</time>
			</trkpt>
			<trkpt lat="47.19674" lon="11.15033">
				<ele>1220.91</ele>
				<time>2026-09-22T14:13:37.897Z</time>
			</trkpt>
			<trkpt lat="47.19673" lon="11.14998">
				<ele>1224.57</ele>
				<time>2026-09-22T14:13:39.509Z</time>
			</trkpt>
			<trkpt lat="47.19663" lon="11.1493">
				<ele>1228.38</ele>
				<time>2026-09-22T14:13:42.719Z</time>
			</trkpt>
			<trkpt lat="47.19663" lon="11.14899">
				<ele>1229.52</ele>
				<time>2026-09-22T14:13:44.153Z</time>
			</trkpt>
			<trkpt lat="47.19666" lon="11.1488">
				<ele>1230.29</ele>
				<time>2026-09-22T14:13:45.057Z</time>
			</trkpt>
			<trkpt lat="47.19674" lon="11.14852">
				<ele>1231.85</ele>
				<time>2026-09-22T14:13:46.466Z</time>
			</trkpt>
			<trkpt lat="47.19687" lon="11.14825">
				<ele>1234.61</ele>
				<time>2026-09-22T14:13:48.004Z</time>
			</trkpt>
			<trkpt lat="47.19723" lon="11.14778">
				<ele>1241.02</ele>
				<time>2026-09-22T14:13:51.306Z</time>
			</trkpt>
			<trkpt lat="47.19752" lon="11.14732">
				<ele>1241.68</ele>
				<time>2026-09-22T14:13:54.241Z</time>
			</trkpt>
			<trkpt lat="47.19781" lon="11.14676">
				<ele>1246.57</ele>
				<time>2026-09-22T14:13:57.547Z</time>
			</trkpt>
			<trkpt lat="47.19793" lon="11.1464">
				<ele>1252.02</ele>
				<time>2026-09-22T14:13:59.435Z</time>
			</trkpt>
			<trkpt lat="47.19813" lon="11.14553">
				<ele>1262.99</ele>
				<time>2026-09-22T14:14:03.774Z</time>
			</trkpt>
			<trkpt lat="47.19879" lon="11.14211">
				<ele>1300.12</ele>
				<time>2026-09-22T14:14:20.761Z</time>
			</trkpt>
			<trkpt lat="47.19887" lon="11.14154">
				<ele>1308.54</ele>
				<time>2026-09-22T14:14:23.570Z</time>
			</trkpt>
			<trkpt lat="47.19897" lon="11.14042">
				<ele>1315.81</ele>
				<time>2026-09-22T14:14:29.044Z</time>
			</trkpt>
			<trkpt lat="47.19903" lon="11.13992">
				<ele>1322.36</ele>
				<time>2026-09-22T14:14:31.514Z</time>
			</trkpt>
			<trkpt lat="47.19908" lon="11.13966">
				<ele>1326.61</ele>
				<time>2026-09-22T14:14:32.831Z</time>
			</trkpt>
			<trkpt lat="47.19915" lon="11.1394">
				<ele>1329.86</ele>
				<time>2026-09-22T14:14:34.196Z</time>
			</trkpt>
			<trkpt lat="47.19931" lon="11.13896">
				<ele>1336.02</ele>
				<time>2026-09-22T14:14:36.635Z</time>
			</trkpt>
			<trkpt lat="47.19974" lon="11.13803">
				<ele>1341.87</ele>
				<time>2026-09-22T14:14:42.153Z</time>
			</trkpt>
			<trkpt lat="47.19996" lon="11.13697">
				<ele>1355.21</ele>
				<time>2026-09-22T14:14:47.617Z</time>
			</trkpt>
			<trkpt lat="47.20008" lon="11.13654">
				<ele>1357.94</ele>
				<time>2026-09-22T14:14:49.917Z</time>
			</trkpt>
			<trkpt lat="47.20029" lon="11.13604">
				<ele>1362.88</ele>
				<time>2026-09-22T14:14:52.831Z</time>
			</trkpt>
			<trkpt lat="47.20044" lon="11.13551">
				<ele>1366.55</ele>
				<time>2026-09-22T14:14:55.684Z</time>
			</trkpt>
			<trkpt lat="47.20082" lon="11.13382">
				<ele>1390.38</ele>
				<time>2026-09-22T14:15:04.573Z</time>
			</trkpt>
			<trkpt lat="47.20161" lon="11.13073">
				<ele>1399.56</ele>
				<time>2026-09-22T14:15:21.226Z</time>
			</trkpt>
			<trkpt lat="47.20171" lon="11.13018">
				<ele>1400.54</ele>
				<time>2026-09-22T14:15:24.118Z</time>
			</trkpt>
			<trkpt lat="47.20176" lon="11.12967">
				<ele>1404.43</ele>
				<time>2026-09-22T14:15:26.742Z</time>
			</trkpt>
			<trkpt lat="47.20183" lon="11.12755">
				<ele>1407.03</ele>
				<time>2026-09-22T14:15:37.599Z</time>
			</trkpt>
			<trkpt lat="47.20185" lon="11.12727">
				<ele>1406.49</ele>
				<time>2026-09-22T14:15:39.045Z</time>
			</trkpt>
			<trkpt lat="47.20199" lon="11.12665">
				<ele>1408.39</ele>
				<time>2026-09-22T14:15:42.407Z</time>
			</trkpt>
			<trkpt lat="47.20202" lon="11.12644">
				<ele>1409.87</ele>
				<time>2026-09-22T14:15:43.512Z</time>
			</trkpt>
			<trkpt lat="47.20203" lon="11.12624">
				<ele>1410.29</ele>
				<time>2026-09-22T14:15:44.546Z</time>
			</trkpt>
			<trkpt lat="47.20201" lon="11.12552">
				<ele>1410.14</ele>
				<time>2026-09-22T14:15:48.268Z</time>
			</trkpt>
			<trkpt lat="47.20196" lon="11.12485">
				<ele>1413.04</ele>
				<time>2026-09-22T14:15:51.756Z</time>
			</trkpt>
			<trkpt lat="47.20184" lon="11.1235">
				<ele>1421.9</ele>
				<time>2026-09-22T14:15:58.827Z</time>
			</trkpt>
			<trkpt lat="47.20187" lon="11.12297">
				<ele>1429.52</ele>
				<time>2026-09-22T14:16:01.597Z</time>
			</trkpt>
			<trkpt lat="47.20191" lon="11.12262">
				<ele>1434.44</ele>
				<time>2026-09-22T14:16:03.448Z</time>
			</trkpt>
			<trkpt lat="47.20224" lon="11.12094">
				<ele>1445.47</ele>
				<time>2026-09-22T14:16:12.599Z</time>
			</trkpt>
			<trkpt lat="47.20238" lon="11.12049">
				<ele>1448.96</ele>
				<time>2026-09-22T14:16:15.197Z</time>
			</trkpt>
			<trkpt lat="47.20257" lon="11.12002">
				<ele>1455.03</ele>
				<time>2026-09-22T14:16:18.073Z</time>
			</trkpt>
			<trkpt lat="47.20263" lon="11.11977">
				<ele>1458.16</ele>
				<time>2026-09-22T14:16:19.469Z</time>
			</trkpt>
			<trkpt lat="47.20269" lon="11.11943">
				<ele>1462.16</ele>
				<time>2026-09-22T14:16:21.319Z</time>
			</trkpt>
			<trkpt lat="47.2027" lon="11.11919">
				<ele>1463.36</ele>
				<time>2026-09-22T14:16:22.587Z</time>
			</trkpt>
			<trkpt lat="47.20267" lon="11.11874">
				<ele>1462.33</ele>
				<time>2026-09-22T14:16:24.974Z</time>
			</trkpt>
			<trkpt lat="47.2024" lon="11.1167">
				<ele>1478.57</ele>
				<time>2026-09-22T14:16:35.982Z</time>
			</trkpt>
			<trkpt lat="47.2024" lon="11.1164">
				<ele>1481.3</ele>
				<time>2026-09-22T14:16:37.576Z</time>
			</trkpt>
			<trkpt lat="47.20242" lon="11.11618">
				<ele>1482.79</ele>
				<time>2026-09-22T14:16:38.756Z</time>
			</trkpt>
			<trkpt lat="47.20247" lon="11.11596">
				<ele>1483.38</ele>
				<time>2026-09-22T14:16:39.990Z</time>
			</trkpt>
			<trkpt lat="47.2027" lon="11.11525">
				<ele>1489.63</ele>
				<time>2026-09-22T14:16:44.180Z</time>
			</trkpt>
			<trkpt lat="47.20276" lon="11.11501">
				<ele>1492.61</ele>
				<time>2026-09-22T14:16:45.544Z</time>
			</trkpt>
			<trkpt lat="47.20282" lon="11.11458">
				<ele>1491.76</ele>
				<time>2026-09-22T14:16:47.888Z</time>
			</trkpt>
			<trkpt lat="47.203" lon="11.11245">
				<ele>1490.15</ele>
				<time>2026-09-22T14:16:59.382Z</time>
			</trkpt>
			<trkpt lat="47.20308" lon="11.11196">
				<ele>1490.82</ele>
				<time>2026-09-22T14:17:02.089Z</time>
			</trkpt>
			<trkpt lat="47.20321" lon="11.11148">
				<ele>1493.05</ele>
				<time>2026-09-22T14:17:04.868Z</time>
			</trkpt>
			<trkpt lat="47.20327" lon="11.11115">
				<ele>1494.3</ele>
				<time>2026-09-22T14:17:06.707Z</time>
			</trkpt>
			<trkpt lat="47.20329" lon="11.11088">
				<ele>1495.98</ele>
				<time>2026-09-22T14:17:08.170Z</time>
			</trkpt>
			<trkpt lat="47.20329" lon="11.11072">
				<ele>1497.23</ele>
				<time>2026-09-22T14:17:09.033Z</time>
			</trkpt>
			<trkpt lat="47.20325" lon="11.11044">
				<ele>1499.09</ele>
				<time>2026-09-22T14:17:10.575Z</time>
			</trkpt>
			<trkpt lat="47.20295" lon="11.10938">
				<ele>1493.53</ele>
				<time>2026-09-22T14:17:16.777Z</time>
			</trkpt>
			<trkpt lat="47.20287" lon="11.10886">
				<ele>1494.55</ele>
				<time>2026-09-22T14:17:19.661Z</time>
			</trkpt>
			<trkpt lat="47.20286" lon="11.1085">
				<ele>1497.92</ele>
				<time>2026-09-22T14:17:21.612Z</time>
			</trkpt>
			<trkpt lat="47.20293" lon="11.1076">
				<ele>1501.81</ele>
				<time>2026-09-22T14:17:26.524Z</time>
			</trkpt>
			<trkpt lat="47.20293" lon="11.10742">
				<ele>1502.83</ele>
				<time>2026-09-22T14:17:27.501Z</time>
			</trkpt>
			<trkpt lat="47.20289" lon="11.10717">
				<ele>1503.95</ele>
				<time>2026-09-22T14:17:28.895Z</time>
			</trkpt>
			<trkpt lat="47.20284" lon="11.10692">
				<ele>1503.76</ele>
				<time>2026-09-22T14:17:30.311Z</time>
			</trkpt>
			<trkpt lat="47.20229" lon="11.10484">
				<ele>1497.42</ele>
				<time>2026-09-22T14:17:42.465Z</time>
			</trkpt>
			<trkpt lat="47.20223" lon="11.10459">
				<ele>1495.78</ele>
				<time>2026-09-22T14:17:43.912Z</time>
			</trkpt>
			<trkpt lat="47.20214" lon="11.10385">
				<ele>1498.68</ele>
				<time>2026-09-22T14:17:48.019Z</time>
			</trkpt>
			<trkpt lat="47.20209" lon="11.10359">
				<ele>1504.26</ele>
				<time>2026-09-22T14:17:49.497Z</time>
			</trkpt>
			<trkpt lat="47.20202" lon="11.10338">
				<ele>1507.24</ele>
				<time>2026-09-22T14:17:50.776Z</time>
			</trkpt>
			<trkpt lat="47.20192" lon="11.10316">
				<ele>1507.57</ele>
				<time>2026-09-22T14:17:52.224Z</time>
			</trkpt>
			<trkpt lat="47.20112" lon="11.10176">
				<ele>1516.78</ele>
				<time>2026-09-22T14:18:02.252Z</time>
			</trkpt>
			<trkpt lat="47.20107" lon="11.10163">
				<ele>1517.23</ele>
				<time>2026-09-22T14:18:03.072Z</time>
			</trkpt>
			<trkpt lat="47.20104" lon="11.10149">
				<ele>1516.94</ele>
				<time>2026-09-22T14:18:03.878Z</time>
			</trkpt>
			<trkpt lat="47.20103" lon="11.10137">
				<ele>1516.51</ele>
				<time>2026-09-22T14:18:04.542Z</time>
			</trkpt>
			<trkpt lat="47.20104" lon="11.10121">
				<ele>1516.3</ele>
				<time>2026-09-22T14:18:05.425Z</time>
			</trkpt>
			<trkpt lat="47.20108" lon="11.10105">
				<ele>1516.71</ele>
				<time>2026-09-22T14:18:06.362Z</time>
			</trkpt>
			<trkpt lat="47.20114" lon="11.10091">
				<ele>1518.49</ele>
				<time>2026-09-22T14:18:07.271Z</time>
			</trkpt>
			<trkpt lat="47.20122" lon="11.10082">
				<ele>1520.33</ele>
				<time>2026-09-22T14:18:08.086Z</time>
			</trkpt>
			<trkpt lat="47.2014" lon="11.10071">
				<ele>1523</ele>
				<time>2026-09-22T14:18:09.664Z</time>
			</trkpt>
			<trkpt lat="47.20156" lon="11.1007">
				<ele>1525.2</ele>
				<time>2026-09-22T14:18:10.960Z</time>
			</trkpt>
			<trkpt lat="47.20181" lon="11.10079">
				<ele>1527.25</ele>
				<time>2026-09-22T14:18:13.045Z</time>
			</trkpt>
			<trkpt lat="47.20255" lon="11.10116">
				<ele>1526.04</ele>
				<time>2026-09-22T14:18:19.383Z</time>
			</trkpt>
			<trkpt lat="47.20276" lon="11.10122">
				<ele>1523.9</ele>
				<time>2026-09-22T14:18:21.119Z</time>
			</trkpt>
			<trkpt lat="47.2029" lon="11.10116">
				<ele>1523.15</ele>
				<time>2026-09-22T14:18:22.303Z</time>
			</trkpt>
			<trkpt lat="47.20297" lon="11.1011">
				<ele>1522.88</ele>
				<time>2026-09-22T14:18:22.961Z</time>
			</trkpt>
			<trkpt lat="47.20304" lon="11.101">
				<ele>1523.29</ele>
				<time>2026-09-22T14:18:23.754Z</time>
			</trkpt>
			<trkpt lat="47.20319" lon="11.10066">
				<ele>1529.81</ele>
				<time>2026-09-22T14:18:25.992Z</time>
			</trkpt>
			<trkpt lat="47.20329" lon="11.10035">
				<ele>1534.3</ele>
				<time>2026-09-22T14:18:27.887Z</time>
			</trkpt>
			<trkpt lat="47.20335" lon="11.1">
				<ele>1534.73</ele>
				<time>2026-09-22T14:18:29.882Z</time>
			</trkpt>
			<trkpt lat="47.20336" lon="11.09975">
				<ele>1534.53</ele>
				<time>2026-09-22T14:18:31.266Z</time>
			</trkpt>
			<trkpt lat="47.20333" lon="11.09942">
				<ele>1537.19</ele>
				<time>2026-09-22T14:18:33.107Z</time>
			</trkpt>
			<trkpt lat="47.20316" lon="11.09839">
				<ele>1547.04</ele>
				<time>2026-09-22T14:18:38.973Z</time>
			</trkpt>
			<trkpt lat="47.20308" lon="11.09767">
				<ele>1548.36</ele>
				<time>2026-09-22T14:18:43.015Z</time>
			</trkpt>
			<trkpt lat="47.20308" lon="11.09742">
				<ele>1551.15</ele>
				<time>2026-09-22T14:18:44.401Z</time>
			</trkpt>
			<trkpt lat="47.2031" lon="11.09718">
				<ele>1554.35</ele>
				<time>2026-09-22T14:18:45.741Z</time>
			</trkpt>
			<trkpt lat="47.20315" lon="11.09687">
				<ele>1559.77</ele>
				<time>2026-09-22T14:18:47.508Z</time>
			</trkpt>
			<trkpt lat="47.2032" lon="11.09667">
				<ele>1562.78</ele>
				<time>2026-09-22T14:18:48.690Z</time>
			</trkpt>
			<trkpt lat="47.20328" lon="11.09648">
				<ele>1565.41</ele>
				<time>2026-09-22T14:18:49.930Z</time>
			</trkpt>
			<trkpt lat="47.20346" lon="11.09615">
				<ele>1569.8</ele>
				<time>2026-09-22T14:18:52.279Z</time>
			</trkpt>
			<trkpt lat="47.20364" lon="11.09593">
				<ele>1574.4</ele>
				<time>2026-09-22T14:18:54.191Z</time>
			</trkpt>
			<trkpt lat="47.20385" lon="11.09574">
				<ele>1580.1</ele>
				<time>2026-09-22T14:18:56.206Z</time>
			</trkpt>
			<trkpt lat="47.20406" lon="11.09561">
				<ele>1582.18</ele>
				<time>2026-09-22T14:18:58.069Z</time>
			</trkpt>
			<trkpt lat="47.20431" lon="11.09551">
				<ele>1582.56</ele>
				<time>2026-09-22T14:19:00.188Z</time>
			</trkpt>
			<trkpt lat="47.20484" lon="11.09539">
				<ele>1582.56</ele>
				<time>2026-09-22T14:19:04.577Z</time>
			</trkpt>
			<trkpt lat="47.20511" lon="11.09527">
				<ele>1586.42</ele>
				<time>2026-09-22T14:19:06.886Z</time>
			</trkpt>
			<trkpt lat="47.20534" lon="11.09511">
				<ele>1590.77</ele>
				<time>2026-09-22T14:19:08.970Z</time>
			</trkpt>
			<trkpt lat="47.20563" lon="11.09478">
				<ele>1598.33</ele>
				<time>2026-09-22T14:19:11.973Z</time>
			</trkpt>
			<trkpt lat="47.20575" lon="11.09458">
				<ele>1600.05</ele>
				<time>2026-09-22T14:19:13.459Z</time>
			</trkpt>
			<trkpt lat="47.20593" lon="11.09419">
				<ele>1604.31</ele>
				<time>2026-09-22T14:19:16.085Z</time>
			</trkpt>
			<trkpt lat="47.206" lon="11.09397">
				<ele>1605.21</ele>
				<time>2026-09-22T14:19:17.439Z</time>
			</trkpt>
			<trkpt lat="47.20606" lon="11.09368">
				<ele>1605.94</ele>
				<time>2026-09-22T14:19:19.128Z</time>
			</trkpt>
			<trkpt lat="47.2062" lon="11.09292">
				<ele>1619.11</ele>
				<time>2026-09-22T14:19:23.517Z</time>
			</trkpt>
			<trkpt lat="47.20629" lon="11.09268">
				<ele>1621.82</ele>
				<time>2026-09-22T14:19:25.045Z</time>
			</trkpt>
			<trkpt lat="47.20653" lon="11.09225">
				<ele>1625.04</ele>
				<time>2026-09-22T14:19:28.149Z</time>
			</trkpt>
			<trkpt lat="47.20659" lon="11.09207">
				<ele>1625.98</ele>
				<time>2026-09-22T14:19:29.267Z</time>
			</trkpt>
			<trkpt lat="47.20662" lon="11.09192">
				<ele>1626.82</ele>
				<time>2026-09-22T14:19:30.140Z</time>
			</trkpt>
			<trkpt lat="47.20663" lon="11.09176">
				<ele>1628.15</ele>
				<time>2026-09-22T14:19:31.036Z</time>
			</trkpt>
			<trkpt lat="47.20662" lon="11.09146">
				<ele>1629.14</ele>
				<time>2026-09-22T14:19:32.712Z</time>
			</trkpt>
			<trkpt lat="47.20646" lon="11.09095">
				<ele>1631.03</ele>
				<time>2026-09-22T14:19:35.847Z</time>
			</trkpt>
			<trkpt lat="47.2064" lon="11.09059">
				<ele>1634.32</ele>
				<time>2026-09-22T14:19:37.916Z</time>
			</trkpt>
			<trkpt lat="47.20639" lon="11.0904">
				<ele>1635.81</ele>
				<time>2026-09-22T14:19:38.980Z</time>
			</trkpt>
			<trkpt lat="47.20643" lon="11.09009">
				<ele>1636.97</ele>
				<time>2026-09-22T14:19:40.742Z</time>
			</trkpt>
			<trkpt lat="47.20647" lon="11.08996">
				<ele>1636.7</ele>
				<time>2026-09-22T14:19:41.539Z</time>
			</trkpt>
			<trkpt lat="47.20657" lon="11.08973">
				<ele>1633.49</ele>
				<time>2026-09-22T14:19:43.064Z</time>
			</trkpt>
			<trkpt lat="47.20673" lon="11.08952">
				<ele>1630.55</ele>
				<time>2026-09-22T14:19:44.826Z</time>
			</trkpt>
			<trkpt lat="47.2069" lon="11.08936">
				<ele>1630.15</ele>
				<time>2026-09-22T14:19:46.485Z</time>
			</trkpt>
			<trkpt lat="47.20712" lon="11.08922">
				<ele>1631.32</ele>
				<time>2026-09-22T14:19:48.456Z</time>
			</trkpt>
			<trkpt lat="47.20774" lon="11.08879">
				<ele>1636.84</ele>
				<time>2026-09-22T14:19:54.093Z</time>
			</trkpt>
			<trkpt lat="47.208" lon="11.08848">
				<ele>1640.15</ele>
				<time>2026-09-22T14:19:56.846Z</time>
			</trkpt>
			<trkpt lat="47.20808" lon="11.08833">
				<ele>1642.67</ele>
				<time>2026-09-22T14:19:57.912Z</time>
			</trkpt>
			<trkpt lat="47.20876" lon="11.08663">
				<ele>1659.55</ele>
				<time>2026-09-22T14:20:08.940Z</time>
			</trkpt>
			<trkpt lat="47.20896" lon="11.08606">
				<ele>1660.33</ele>
				<time>2026-09-22T14:20:12.527Z</time>
			</trkpt>
			<trkpt lat="47.20918" lon="11.08516">
				<ele>1665.5</ele>
				<time>2026-09-22T14:20:17.875Z</time>
			</trkpt>
			<trkpt lat="47.20929" lon="11.08492">
				<ele>1665.91</ele>
				<time>2026-09-22T14:20:19.494Z</time>
			</trkpt>
			<trkpt lat="47.20935" lon="11.08483">
				<ele>1666.63</ele>
				<time>2026-09-22T14:20:20.199Z</time>
			</trkpt>
			<trkpt lat="47.2096" lon="11.08457">
				<ele>1670.96</ele>
				<time>2026-09-22T14:20:22.718Z</time>
			</trkpt>
			<trkpt lat="47.20969" lon="11.08444">
				<ele>1673.33</ele>
				<time>2026-09-22T14:20:23.756Z</time>
			</trkpt>
			<trkpt lat="47.21011" lon="11.08361">
				<ele>1681.45</ele>
				<time>2026-09-22T14:20:29.542Z</time>
			</trkpt>
			<trkpt lat="47.21057" lon="11.08293">
				<ele>1690.41</ele>
				<time>2026-09-22T14:20:34.906Z</time>
			</trkpt>
			<trkpt lat="47.21107" lon="11.08208">
				<ele>1699</ele>
				<time>2026-09-22T14:20:41.190Z</time>
			</trkpt>
			<trkpt lat="47.21133" lon="11.08168">
				<ele>1706.54</ele>
				<time>2026-09-22T14:20:44.284Z</time>
			</trkpt>
			<trkpt lat="47.21156" lon="11.08142">
				<ele>1711.55</ele>
				<time>2026-09-22T14:20:46.669Z</time>
			</trkpt>
			<trkpt lat="47.21198" lon="11.08104">
				<ele>1716.04</ele>
				<time>2026-09-22T14:20:50.723Z</time>
			</trkpt>
			<trkpt lat="47.21276" lon="11.08043">
				<ele>1722.01</ele>
				<time>2026-09-22T14:20:57.983Z</time>
			</trkpt>
			<trkpt lat="47.21402" lon="11.07975">
				<ele>1733.51</ele>
				<time>2026-09-22T14:21:09.005Z</time>
			</trkpt>
			<trkpt lat="47.21432" lon="11.07957">
				<ele>1737.97</ele>
				<time>2026-09-22T14:21:11.665Z</time>
			</trkpt>
			<trkpt lat="47.21439" lon="11.07948">
				<ele>1739.09</ele>
				<time>2026-09-22T14:21:12.427Z</time>
			</trkpt>
			<trkpt lat="47.21444" lon="11.07937">
				<ele>1740.29</ele>
				<time>2026-09-22T14:21:13.165Z</time>
			</trkpt>
			<trkpt lat="47.21453" lon="11.07913">
				<ele>1742.47</ele>
				<time>2026-09-22T14:21:14.693Z</time>
			</trkpt>
			<trkpt lat="47.21469" lon="11.07854">
				<ele>1745.79</ele>
				<time>2026-09-22T14:21:18.233Z</time>
			</trkpt>
			<trkpt lat="47.21474" lon="11.07844">
				<ele>1747.05</ele>
				<time>2026-09-22T14:21:18.924Z</time>
			</trkpt>
			<trkpt lat="47.21492" lon="11.07824">
				<ele>1750.03</ele>
				<time>2026-09-22T14:21:20.773Z</time>
			</trkpt>
			<trkpt lat="47.21541" lon="11.07806">
				<ele>1758.95</ele>
				<time>2026-09-22T14:21:24.913Z</time>
			</trkpt>
			<trkpt lat="47.21561" lon="11.07796">
				<ele>1762.18</ele>
				<time>2026-09-22T14:21:26.643Z</time>
			</trkpt>
			<trkpt lat="47.2157" lon="11.07788">
				<ele>1763.59</ele>
				<time>2026-09-22T14:21:27.504Z</time>
			</trkpt>
			<trkpt lat="47.2159" lon="11.07765">
				<ele>1766.41</ele>
				<time>2026-09-22T14:21:29.583Z</time>
			</trkpt>
			<trkpt lat="47.217" lon="11.07627">
				<ele>1779.33</ele>
				<time>2026-09-22T14:21:41.407Z</time>
			</trkpt>
			<trkpt lat="47.21743" lon="11.07566">
				<ele>1781.95</ele>
				<time>2026-09-22T14:21:46.286Z</time>
			</trkpt>
			<trkpt lat="47.21823" lon="11.07443">
				<ele>1783.7</ele>
				<time>2026-09-22T14:21:55.724Z</time>
			</trkpt>
			<trkpt lat="47.21896" lon="11.07316">
				<ele>1782.48</ele>
				<time>2026-09-22T14:22:04.928Z</time>
			</trkpt>
			<trkpt lat="47.21929" lon="11.07248">
				<ele>1780.73</ele>
				<time>2026-09-22T14:22:09.545Z</time>
			</trkpt>
			<trkpt lat="47.21948" lon="11.07203">
				<ele>1778.46</ele>
				<time>2026-09-22T14:22:12.469Z</time>
			</trkpt>
			<trkpt lat="47.21977" lon="11.0712">
				<ele>1783.45</ele>
				<time>2026-09-22T14:22:17.616Z</time>
			</trkpt>
			<trkpt lat="47.21996" lon="11.07056">
				<ele>1787.08</ele>
				<time>2026-09-22T14:22:21.463Z</time>
			</trkpt>
			<trkpt lat="47.22007" lon="11.0701">
				<ele>1787.04</ele>
				<time>2026-09-22T14:22:24.147Z</time>
			</trkpt>
			<trkpt lat="47.22016" lon="11.06961">
				<ele>1785.31</ele>
				<time>2026-09-22T14:22:26.938Z</time>
			</trkpt>
			<trkpt lat="47.22055" lon="11.06718">
				<ele>1792.04</ele>
				<time>2026-09-22T14:22:40.639Z</time>
			</trkpt>
			<trkpt lat="47.22064" lon="11.06664">
				<ele>1794.07</ele>
				<time>2026-09-22T14:22:43.683Z</time>
			</trkpt>
			<trkpt lat="47.22074" lon="11.06628">
				<ele>1795.74</ele>
				<time>2026-09-22T14:22:45.810Z</time>
			</trkpt>
			<trkpt lat="47.22087" lon="11.06595">
				<ele>1799.57</ele>
				<time>2026-09-22T14:22:47.895Z</time>
			</trkpt>
			<trkpt lat="47.22114" lon="11.0655">
				<ele>1803.83</ele>
				<time>2026-09-22T14:22:51.175Z</time>
			</trkpt>
			<trkpt lat="47.22152" lon="11.06502">
				<ele>1812.16</ele>
				<time>2026-09-22T14:22:55.196Z</time>
			</trkpt>
			<trkpt lat="47.22165" lon="11.06483">
				<ele>1814.34</ele>
				<time>2026-09-22T14:22:56.666Z</time>
			</trkpt>
			<trkpt lat="47.22178" lon="11.06461">
				<ele>1818.15</ele>
				<time>2026-09-22T14:22:58.255Z</time>
			</trkpt>
			<trkpt lat="47.2219" lon="11.06437">
				<ele>1822.31</ele>
				<time>2026-09-22T14:22:59.877Z</time>
			</trkpt>
			<trkpt lat="47.22212" lon="11.06371">
				<ele>1824.3</ele>
				<time>2026-09-22T14:23:03.876Z</time>
			</trkpt>
			<trkpt lat="47.22228" lon="11.06305">
				<ele>1822.62</ele>
				<time>2026-09-22T14:23:07.683Z</time>
			</trkpt>
			<trkpt lat="47.22236" lon="11.06247">
				<ele>1825.9</ele>
				<time>2026-09-22T14:23:10.893Z</time>
			</trkpt>
			<trkpt lat="47.22242" lon="11.06181">
				<ele>1828.83</ele>
				<time>2026-09-22T14:23:14.501Z</time>
			</trkpt>
			<trkpt lat="47.22245" lon="11.06139">
				<ele>1832.51</ele>
				<time>2026-09-22T14:23:16.787Z</time>
			</trkpt>
			<trkpt lat="47.22254" lon="11.06093">
				<ele>1836.6</ele>
				<time>2026-09-22T14:23:19.375Z</time>
			</trkpt>
			<trkpt lat="47.22272" lon="11.06041">
				<ele>1841.43</ele>
				<time>2026-09-22T14:23:22.528Z</time>
			</trkpt>
			<trkpt lat="47.22287" lon="11.05992">
				<ele>1845.9</ele>
				<time>2026-09-22T14:23:25.427Z</time>
			</trkpt>
			<trkpt lat="47.22298" lon="11.05932">
				<ele>1851.25</ele>
				<time>2026-09-22T14:23:28.776Z</time>
			</trkpt>
			<trkpt lat="47.22307" lon="11.05864">
				<ele>1853.84</ele>
				<time>2026-09-22T14:23:32.503Z</time>
			</trkpt>
			<trkpt lat="47.22318" lon="11.05803">
				<ele>1858.1</ele>
				<time>2026-09-22T14:23:35.893Z</time>
			</trkpt>
			<trkpt lat="47.22357" lon="11.05643">
				<ele>1866.29</ele>
				<time>2026-09-22T14:23:45.001Z</time>
			</trkpt>
			<trkpt lat="47.22366" lon="11.05599">
				<ele>1866.96</ele>
				<time>2026-09-22T14:23:47.456Z</time>
			</trkpt>
			<trkpt lat="47.22377" lon="11.05513">
				<ele>1873.01</ele>
				<time>2026-09-22T14:23:52.125Z</time>
			</trkpt>
			<trkpt lat="47.22382" lon="11.05421">
				<ele>1885.75</ele>
				<time>2026-09-22T14:23:57.037Z</time>
			</trkpt>
			<trkpt lat="47.22383" lon="11.05319">
				<ele>1893.22</ele>
				<time>2026-09-22T14:24:02.454Z</time>
			</trkpt>
			<trkpt lat="47.22377" lon="11.05258">
				<ele>1897.73</ele>
				<time>2026-09-22T14:24:05.719Z</time>
			</trkpt>
			<trkpt lat="47.22343" lon="11.05077">
				<ele>1911.06</ele>
				<time>2026-09-22T14:24:15.635Z</time>
			</trkpt>
			<trkpt lat="47.2233" lon="11.05025">
				<ele>1914.85</ele>
				<time>2026-09-22T14:24:18.550Z</time>
			</trkpt>
			<trkpt lat="47.22303" lon="11.04946">
				<ele>1920.88</ele>
				<time>2026-09-22T14:24:23.195Z</time>
			</trkpt>
			<trkpt lat="47.22285" lon="11.04906">
				<ele>1923.93</ele>
				<time>2026-09-22T14:24:25.709Z</time>
			</trkpt>
			<trkpt lat="47.22264" lon="11.04866">
				<ele>1927.18</ele>
				<time>2026-09-22T14:24:28.355Z</time>
			</trkpt>
			<trkpt lat="47.22214" lon="11.04794">
				<ele>1933.55</ele>
				<time>2026-09-22T14:24:33.731Z</time>
			</trkpt>
			<trkpt lat="47.22153" lon="11.04719">
				<ele>1940.64</ele>
				<time>2026-09-22T14:24:39.820Z</time>
			</trkpt>
			<trkpt lat="47.22135" lon="11.04697">
				<ele>1943.1</ele>
				<time>2026-09-22T14:24:41.608Z</time>
			</trkpt>
			<trkpt lat="47.22118" lon="11.04672">
				<ele>1945.66</ele>
				<time>2026-09-22T14:24:43.442Z</time>
			</trkpt>
			<trkpt lat="47.22102" lon="11.04644">
				<ele>1946.29</ele>
				<time>2026-09-22T14:24:45.337Z</time>
			</trkpt>
			<trkpt lat="47.22089" lon="11.04606">
				<ele>1948.81</ele>
				<time>2026-09-22T14:24:47.538Z</time>
			</trkpt>
			<trkpt lat="47.22078" lon="11.04567">
				<ele>1951.11</ele>
				<time>2026-09-22T14:24:49.719Z</time>
			</trkpt>
			<trkpt lat="47.22067" lon="11.04518">
				<ele>1958.15</ele>
				<time>2026-09-22T14:24:52.381Z</time>
			</trkpt>
			<trkpt lat="47.22061" lon="11.04468">
				<ele>1961.83</ele>
				<time>2026-09-22T14:24:54.995Z</time>
			</trkpt>
			<trkpt lat="47.22051" lon="11.04352">
				<ele>1963.69</ele>
				<time>2026-09-22T14:25:00.997Z</time>
			</trkpt>
			<trkpt lat="47.22045" lon="11.04314">
				<ele>1966.96</ele>
				<time>2026-09-22T14:25:02.995Z</time>
			</trkpt>
			<trkpt lat="47.22037" lon="11.04275">
				<ele>1965.61</ele>
				<time>2026-09-22T14:25:05.078Z</time>
			</trkpt>
			<trkpt lat="47.21997" lon="11.04133">
				<ele>1967.94</ele>
				<time>2026-09-22T14:25:12.909Z</time>
			</trkpt>
			<trkpt lat="47.21953" lon="11.03985">
				<ele>1972.14</ele>
				<time>2026-09-22T14:25:21.092Z</time>
			</trkpt>
			<trkpt lat="47.21913" lon="11.03858">
				<ele>1977.22</ele>
				<time>2026-09-22T14:25:28.143Z</time>
			</trkpt>
			<trkpt lat="47.21902" lon="11.03827">
				<ele>1979.65</ele>
				<time>2026-09-22T14:25:29.898Z</time>
			</trkpt>
			<trkpt lat="47.21872" lon="11.0376">
				<ele>1979.45</ele>
				<time>2026-09-22T14:25:33.916Z</time>
			</trkpt>
			<trkpt lat="47.21854" lon="11.03727">
				<ele>1980.36</ele>
				<time>2026-09-22T14:25:36.031Z</time>
			</trkpt>
			<trkpt lat="47.21765" lon="11.03577">
				<ele>1989.54</ele>
				<time>2026-09-22T14:25:45.930Z</time>
			</trkpt>
			<trkpt lat="47.21754" lon="11.03553">
				<ele>1992.05</ele>
				<time>2026-09-22T14:25:47.363Z</time>
			</trkpt>
			<trkpt lat="47.21742" lon="11.03502">
				<ele>1994.82</ele>
				<time>2026-09-22T14:25:50.028Z</time>
			</trkpt>
			<trkpt lat="47.21731" lon="11.03358">
				<ele>2000.95</ele>
				<time>2026-09-22T14:25:57.153Z</time>
			</trkpt>
			<trkpt lat="47.21724" lon="11.03316">
				<ele>2001.6</ele>
				<time>2026-09-22T14:25:59.270Z</time>
			</trkpt>
			<trkpt lat="47.21713" lon="11.03271">
				<ele>2004.16</ele>
				<time>2026-09-22T14:26:01.607Z</time>
			</trkpt>
			<trkpt lat="47.21698" lon="11.03228">
				<ele>2004.52</ele>
				<time>2026-09-22T14:26:03.964Z</time>
			</trkpt>
			<trkpt lat="47.2168" lon="11.03189">
				<ele>2004.09</ele>
				<time>2026-09-22T14:26:06.258Z</time>
			</trkpt>
			<trkpt lat="47.2166" lon="11.03152">
				<ele>2008.28</ele>
				<time>2026-09-22T14:26:08.553Z</time>
			</trkpt>
			<trkpt lat="47.2161" lon="11.03073">
				<ele>2012.02</ele>
				<time>2026-09-22T14:26:13.777Z</time>
			</trkpt>
			<trkpt lat="47.21601" lon="11.03052">
				<ele>2012.4</ele>
				<time>2026-09-22T14:26:14.974Z</time>
			</trkpt>
			<trkpt lat="47.21593" lon="11.0303">
				<ele>2013.21</ele>
				<time>2026-09-22T14:26:16.176Z</time>
			</trkpt>
			<trkpt lat="47.21576" lon="11.02972">
				<ele>2014.25</ele>
				<time>2026-09-22T14:26:19.212Z</time>
			</trkpt>
			<trkpt lat="47.2154" lon="11.02839">
				<ele>2014.47</ele>
				<time>2026-09-22T14:26:26.058Z</time>
			</trkpt>
			<trkpt lat="47.21514" lon="11.0276">
				<ele>2015.94</ele>
				<time>2026-09-22T14:26:30.231Z</time>
			</trkpt>
			<trkpt lat="47.21477" lon="11.02668">
				<ele>2022.81</ele>
				<time>2026-09-22T14:26:35.289Z</time>
			</trkpt>
			<trkpt lat="47.21408" lon="11.0251">
				<ele>2024.27</ele>
				<time>2026-09-22T14:26:44.108Z</time>
			</trkpt>
			<trkpt lat="47.2138" lon="11.02437">
				<ele>2025.51</ele>
				<time>2026-09-22T14:26:48.015Z</time>
			</trkpt>
			<trkpt lat="47.21363" lon="11.02369">
				<ele>2021.37</ele>
				<time>2026-09-22T14:26:51.377Z</time>
			</trkpt>
			<trkpt lat="47.21352" lon="11.02302">
				<ele>2021.56</ele>
				<time>2026-09-22T14:26:54.564Z</time>
			</trkpt>
			<trkpt lat="47.2135" lon="11.02272">
				<ele>2020.82</ele>
				<time>2026-09-22T14:26:55.953Z</time>
			</trkpt>
			<trkpt lat="47.2135" lon="11.02236">
				<ele>2019.82</ele>
				<time>2026-09-22T14:26:57.610Z</time>
			</trkpt>
			<trkpt lat="47.21352" lon="11.02194">
				<ele>2018.72</ele>
				<time>2026-09-22T14:26:59.543Z</time>
			</trkpt>
			<trkpt lat="47.21358" lon="11.0214">
				<ele>2015.87</ele>
				<time>2026-09-22T14:27:02.048Z</time>
			</trkpt>
			<trkpt lat="47.21359" lon="11.02119">
				<ele>2014.37</ele>
				<time>2026-09-22T14:27:03.009Z</time>
			</trkpt>
			<trkpt lat="47.21357" lon="11.02098">
				<ele>2012.56</ele>
				<time>2026-09-22T14:27:03.977Z</time>
			</trkpt>
			<trkpt lat="47.21353" lon="11.02079">
				<ele>2010.59</ele>
				<time>2026-09-22T14:27:04.884Z</time>
			</trkpt>
			<trkpt lat="47.21335" lon="11.02034">
				<ele>2006.52</ele>
				<time>2026-09-22T14:27:07.261Z</time>
			</trkpt>
			<trkpt lat="47.21308" lon="11.01979">
				<ele>2001.54</ele>
				<time>2026-09-22T14:27:10.346Z</time>
			</trkpt>
			<trkpt lat="47.21299" lon="11.01955">
				<ele>1998.54</ele>
				<time>2026-09-22T14:27:11.591Z</time>
			</trkpt>
			<trkpt lat="47.21292" lon="11.01925">
				<ele>1995.94</ele>
				<time>2026-09-22T14:27:13.030Z</time>
			</trkpt>
			<trkpt lat="47.21252" lon="11.01719">
				<ele>1978.07</ele>
				<time>2026-09-22T14:27:22.718Z</time>
			</trkpt>
			<trkpt lat="47.21236" lon="11.01628">
				<ele>1971.02</ele>
				<time>2026-09-22T14:27:26.952Z</time>
			</trkpt>
			<trkpt lat="47.21231" lon="11.01585">
				<ele>1968.84</ele>
				<time>2026-09-22T14:27:28.913Z</time>
			</trkpt>
			<trkpt lat="47.21229" lon="11.01543">
				<ele>1966</ele>
				<time>2026-09-22T14:27:30.803Z</time>
			</trkpt>
			<trkpt lat="47.21229" lon="11.01483">
				<ele>1963.34</ele>
				<time>2026-09-22T14:27:33.494Z</time>
			</trkpt>
			<trkpt lat="47.21233" lon="11.01423">
				<ele>1960.91</ele>
				<time>2026-09-22T14:27:36.194Z</time>
			</trkpt>
			<trkpt lat="47.21232" lon="11.01373">
				<ele>1959.11</ele>
				<time>2026-09-22T14:27:38.430Z</time>
			</trkpt>
			<trkpt lat="47.21221" lon="11.01331">
				<ele>1955.89</ele>
				<time>2026-09-22T14:27:40.440Z</time>
			</trkpt>
			<trkpt lat="47.21187" lon="11.01239">
				<ele>1950.51</ele>
				<time>2026-09-22T14:27:45.108Z</time>
			</trkpt>
			<trkpt lat="47.21175" lon="11.01206">
				<ele>1949.38</ele>
				<time>2026-09-22T14:27:46.774Z</time>
			</trkpt>
			<trkpt lat="47.21139" lon="11.01098">
				<ele>1942.12</ele>
				<time>2026-09-22T14:27:52.115Z</time>
			</trkpt>
			<trkpt lat="47.21133" lon="11.01075">
				<ele>1942.54</ele>
				<time>2026-09-22T14:27:53.207Z</time>
			</trkpt>
			<trkpt lat="47.21131" lon="11.01056">
				<ele>1942.89</ele>
				<time>2026-09-22T14:27:54.059Z</time>
			</trkpt>
			<trkpt lat="47.21131" lon="11.01019">
				<ele>1943.95</ele>
				<time>2026-09-22T14:27:55.697Z</time>
			</trkpt>
			<trkpt lat="47.21147" lon="11.00845">
				<ele>1948.53</ele>
				<time>2026-09-22T14:28:03.448Z</time>
			</trkpt>
			<trkpt lat="47.21145" lon="11.00832">
				<ele>1948.48</ele>
				<time>2026-09-22T14:28:04.035Z</time>
			</trkpt>
			<trkpt lat="47.21141" lon="11.00826">
				<ele>1948.12</ele>
				<time>2026-09-22T14:28:04.405Z</time>
			</trkpt>
			<trkpt lat="47.21136" lon="11.00823">
				<ele>1947.88</ele>
				<time>2026-09-22T14:28:04.755Z</time>
			</trkpt>
			<trkpt lat="47.21106" lon="11.00823">
				<ele>1946.98</ele>
				<time>2026-09-22T14:28:06.698Z</time>
			</trkpt>
			<trkpt lat="47.21054" lon="11.00808">
				<ele>1941.56</ele>
				<time>2026-09-22T14:28:10.125Z</time>
			</trkpt>
			<trkpt lat="47.21044" lon="11.008">
				<ele>1941.14</ele>
				<time>2026-09-22T14:28:10.860Z</time>
			</trkpt>
			<trkpt lat="47.21035" lon="11.00788">
				<ele>1940.42</ele>
				<time>2026-09-22T14:28:11.644Z</time>
			</trkpt>
			<trkpt lat="47.21029" lon="11.00767">
				<ele>1938.39</ele>
				<time>2026-09-22T14:28:12.642Z</time>
			</trkpt>
			<trkpt lat="47.21028" lon="11.00754">
				<ele>1936.52</ele>
				<time>2026-09-22T14:28:13.216Z</time>
			</trkpt>
			<trkpt lat="47.21041" lon="11.00623">
				<ele>1919.66</ele>
				<time>2026-09-22T14:28:19.006Z</time>
			</trkpt>
			<trkpt lat="47.21047" lon="11.00578">
				<ele>1917.06</ele>
				<time>2026-09-22T14:28:21.007Z</time>
			</trkpt>
			<trkpt lat="47.21051" lon="11.00553">
				<ele>1915.51</ele>
				<time>2026-09-22T14:28:22.127Z</time>
			</trkpt>
			<trkpt lat="47.2106" lon="11.00529">
				<ele>1911.65</ele>
				<time>2026-09-22T14:28:23.322Z</time>
			</trkpt>
			<trkpt lat="47.21074" lon="11.00504">
				<ele>1909.61</ele>
				<time>2026-09-22T14:28:24.733Z</time>
			</trkpt>
			<trkpt lat="47.2109" lon="11.00489">
				<ele>1910.26</ele>
				<time>2026-09-22T14:28:25.948Z</time>
			</trkpt>
			<trkpt lat="47.21117" lon="11.00476">
				<ele>1910.16</ele>
				<time>2026-09-22T14:28:27.766Z</time>
			</trkpt>
			<trkpt lat="47.21201" lon="11.00442">
				<ele>1907.1</ele>
				<time>2026-09-22T14:28:33.330Z</time>
			</trkpt>
			<trkpt lat="47.21216" lon="11.00432">
				<ele>1908.8</ele>
				<time>2026-09-22T14:28:34.380Z</time>
			</trkpt>
			<trkpt lat="47.21232" lon="11.00416">
				<ele>1910.22</ele>
				<time>2026-09-22T14:28:35.612Z</time>
			</trkpt>
			<trkpt lat="47.21241" lon="11.00401">
				<ele>1911.31</ele>
				<time>2026-09-22T14:28:36.478Z</time>
			</trkpt>
			<trkpt lat="47.21251" lon="11.00381">
				<ele>1911.75</ele>
				<time>2026-09-22T14:28:37.552Z</time>
			</trkpt>
			<trkpt lat="47.21339" lon="11.00135">
				<ele>1907.71</ele>
				<time>2026-09-22T14:28:49.528Z</time>
			</trkpt>
			<trkpt lat="47.21358" lon="11.001">
				<ele>1906.46</ele>
				<time>2026-09-22T14:28:51.451Z</time>
			</trkpt>
			<trkpt lat="47.21416" lon="11.00014">
				<ele>1909.43</ele>
				<time>2026-09-22T14:28:56.642Z</time>
			</trkpt>
			<trkpt lat="47.21443" lon="10.99969">
				<ele>1910.19</ele>
				<time>2026-09-22T14:28:59.208Z</time>
			</trkpt>
			<trkpt lat="47.21471" lon="10.99919">
				<ele>1904.56</ele>
				<time>2026-09-22T14:29:01.974Z</time>
			</trkpt>
			<trkpt lat="47.21478" lon="10.99902">
				<ele>1901.46</ele>
				<time>2026-09-22T14:29:02.822Z</time>
			</trkpt>
			<trkpt lat="47.21481" lon="10.99888">
				<ele>1898.93</ele>
				<time>2026-09-22T14:29:03.448Z</time>
			</trkpt>
			<trkpt lat="47.21482" lon="10.99874">
				<ele>1896.83</ele>
				<time>2026-09-22T14:29:04.047Z</time>
			</trkpt>
			<trkpt lat="47.21477" lon="10.99846">
				<ele>1892.76</ele>
				<time>2026-09-22T14:29:05.280Z</time>
			</trkpt>
			<trkpt lat="47.21472" lon="10.99835">
				<ele>1891.22</ele>
				<time>2026-09-22T14:29:05.844Z</time>
			</trkpt>
			<trkpt lat="47.21463" lon="10.99823">
				<ele>1889.3</ele>
				<time>2026-09-22T14:29:06.605Z</time>
			</trkpt>
			<trkpt lat="47.21453" lon="10.99817">
				<ele>1888.44</ele>
				<time>2026-09-22T14:29:07.281Z</time>
			</trkpt>
			<trkpt lat="47.21441" lon="10.99815">
				<ele>1888.25</ele>
				<time>2026-09-22T14:29:08.037Z</time>
			</trkpt>
			<trkpt lat="47.21428" lon="10.99818">
				<ele>1888.05</ele>
				<time>2026-09-22T14:29:08.860Z</time>
			</trkpt>
			<trkpt lat="47.21408" lon="10.9983">
				<ele>1888.63</ele>
				<time>2026-09-22T14:29:10.211Z</time>
			</trkpt>
			<trkpt lat="47.21392" lon="10.99832">
				<ele>1887.08</ele>
				<time>2026-09-22T14:29:11.214Z</time>
			</trkpt>
			<trkpt lat="47.21385" lon="10.99823">
				<ele>1885.11</ele>
				<time>2026-09-22T14:29:11.795Z</time>
			</trkpt>
			<trkpt lat="47.21382" lon="10.99816">
				<ele>1883.57</ele>
				<time>2026-09-22T14:29:12.146Z</time>
			</trkpt>
			<trkpt lat="47.21382" lon="10.9981">
				<ele>1882.11</ele>
				<time>2026-09-22T14:29:12.401Z</time>
			</trkpt>
			<trkpt lat="47.21383" lon="10.998">
				<ele>1879.17</ele>
				<time>2026-09-22T14:29:12.829Z</time>
			</trkpt>
			<trkpt lat="47.21387" lon="10.99791">
				<ele>1875.59</ele>
				<time>2026-09-22T14:29:13.285Z</time>
			</trkpt>
			<trkpt lat="47.21396" lon="10.99782">
				<ele>1874.38</ele>
				<time>2026-09-22T14:29:13.964Z</time>
			</trkpt>
			<trkpt lat="47.21466" lon="10.99754">
				<ele>1875.01</ele>
				<time>2026-09-22T14:29:18.485Z</time>
			</trkpt>
			<trkpt lat="47.21474" lon="10.99748">
				<ele>1873.78</ele>
				<time>2026-09-22T14:29:19.044Z</time>
			</trkpt>
			<trkpt lat="47.21481" lon="10.99738">
				<ele>1872.64</ele>
				<time>2026-09-22T14:29:19.650Z</time>
			</trkpt>
			<trkpt lat="47.21485" lon="10.99723">
				<ele>1870.56</ele>
				<time>2026-09-22T14:29:20.331Z</time>
			</trkpt>
			<trkpt lat="47.21488" lon="10.99696">
				<ele>1867.45</ele>
				<time>2026-09-22T14:29:21.487Z</time>
			</trkpt>
			<trkpt lat="47.21491" lon="10.99619">
				<ele>1856.68</ele>
				<time>2026-09-22T14:29:24.740Z</time>
			</trkpt>
			<trkpt lat="47.21494" lon="10.99565">
				<ele>1851.59</ele>
				<time>2026-09-22T14:29:27.022Z</time>
			</trkpt>
			<trkpt lat="47.21501" lon="10.99534">
				<ele>1848.97</ele>
				<time>2026-09-22T14:29:28.396Z</time>
			</trkpt>
			<trkpt lat="47.2151" lon="10.99513">
				<ele>1847.53</ele>
				<time>2026-09-22T14:29:29.440Z</time>
			</trkpt>
			<trkpt lat="47.2155" lon="10.99437">
				<ele>1843.33</ele>
				<time>2026-09-22T14:29:33.478Z</time>
			</trkpt>
			<trkpt lat="47.21563" lon="10.99418">
				<ele>1841.23</ele>
				<time>2026-09-22T14:29:34.609Z</time>
			</trkpt>
			<trkpt lat="47.21578" lon="10.99402">
				<ele>1839.01</ele>
				<time>2026-09-22T14:29:35.752Z</time>
			</trkpt>
			<trkpt lat="47.21593" lon="10.99391">
				<ele>1837.35</ele>
				<time>2026-09-22T14:29:36.786Z</time>
			</trkpt>
			<trkpt lat="47.21622" lon="10.99376">
				<ele>1837.06</ele>
				<time>2026-09-22T14:29:38.680Z</time>
			</trkpt>
			<trkpt lat="47.21702" lon="10.9932">
				<ele>1835.05</ele>
				<time>2026-09-22T14:29:44.130Z</time>
			</trkpt>
			<trkpt lat="47.21709" lon="10.99298">
				<ele>1829.96</ele>
				<time>2026-09-22T14:29:45.143Z</time>
			</trkpt>
			<trkpt lat="47.21716" lon="10.99249">
				<ele>1821.57</ele>
				<time>2026-09-22T14:29:47.230Z</time>
			</trkpt>
			<trkpt lat="47.21724" lon="10.99139">
				<ele>1810.95</ele>
				<time>2026-09-22T14:29:51.834Z</time>
			</trkpt>
			<trkpt lat="47.21732" lon="10.99062">
				<ele>1805.7</ele>
				<time>2026-09-22T14:29:55.069Z</time>
			</trkpt>
			<trkpt lat="47.21738" lon="10.99024">
				<ele>1804.89</ele>
				<time>2026-09-22T14:29:56.687Z</time>
			</trkpt>
			<trkpt lat="47.21742" lon="10.9901">
				<ele>1804.75</ele>
				<time>2026-09-22T14:29:57.317Z</time>
			</trkpt>
			<trkpt lat="47.21756" lon="10.98974">
				<ele>1806.28</ele>
				<time>2026-09-22T14:29:59.036Z</time>
			</trkpt>
			<trkpt lat="47.21769" lon="10.98956">
				<ele>1807.45</ele>
				<time>2026-09-22T14:30:00.124Z</time>
			</trkpt>
			<trkpt lat="47.21828" lon="10.98895">
				<ele>1812.38</ele>
				<time>2026-09-22T14:30:04.513Z</time>
			</trkpt>
			<trkpt lat="47.21848" lon="10.98884">
				<ele>1813.62</ele>
				<time>2026-09-22T14:30:05.811Z</time>
			</trkpt>
			<trkpt lat="47.21863" lon="10.9888">
				<ele>1813.8</ele>
				<time>2026-09-22T14:30:06.737Z</time>
			</trkpt>
			<trkpt lat="47.21895" lon="10.98877">
				<ele>1809.5</ele>
				<time>2026-09-22T14:30:08.684Z</time>
			</trkpt>
			<trkpt lat="47.219" lon="10.98873">
				<ele>1809.56</ele>
				<time>2026-09-22T14:30:09.030Z</time>
			</trkpt>
			<trkpt lat="47.21905" lon="10.98867">
				<ele>1809.9</ele>
				<time>2026-09-22T14:30:09.421Z</time>
			</trkpt>
			<trkpt lat="47.2191" lon="10.98849">
				<ele>1810.85</ele>
				<time>2026-09-22T14:30:10.222Z</time>
			</trkpt>
			<trkpt lat="47.21914" lon="10.98806">
				<ele>1811.4</ele>
				<time>2026-09-22T14:30:12.009Z</time>
			</trkpt>
			<trkpt lat="47.21921" lon="10.98775">
				<ele>1808.97</ele>
				<time>2026-09-22T14:30:13.354Z</time>
			</trkpt>
			<trkpt lat="47.21922" lon="10.98752">
				<ele>1804.59</ele>
				<time>2026-09-22T14:30:14.301Z</time>
			</trkpt>
			<trkpt lat="47.21919" lon="10.98743">
				<ele>1802.13</ele>
				<time>2026-09-22T14:30:14.713Z</time>
			</trkpt>
			<trkpt lat="47.21897" lon="10.98689">
				<ele>1795.13</ele>
				<time>2026-09-22T14:30:17.300Z</time>
			</trkpt>
			<trkpt lat="47.21891" lon="10.9867">
				<ele>1795.34</ele>
				<time>2026-09-22T14:30:18.160Z</time>
			</trkpt>
			<trkpt lat="47.2189" lon="10.98655">
				<ele>1794.91</ele>
				<time>2026-09-22T14:30:18.779Z</time>
			</trkpt>
			<trkpt lat="47.21894" lon="10.98631">
				<ele>1791.85</ele>
				<time>2026-09-22T14:30:19.792Z</time>
			</trkpt>
			<trkpt lat="47.21906" lon="10.98584">
				<ele>1785.23</ele>
				<time>2026-09-22T14:30:21.850Z</time>
			</trkpt>
			<trkpt lat="47.21907" lon="10.98576">
				<ele>1785.04</ele>
				<time>2026-09-22T14:30:22.183Z</time>
			</trkpt>
			<trkpt lat="47.21907" lon="10.98565">
				<ele>1785.2</ele>
				<time>2026-09-22T14:30:22.634Z</time>
			</trkpt>
			<trkpt lat="47.21899" lon="10.98522">
				<ele>1786.19</ele>
				<time>2026-09-22T14:30:24.459Z</time>
			</trkpt>
			<trkpt lat="47.21898" lon="10.98513">
				<ele>1785.76</ele>
				<time>2026-09-22T14:30:24.832Z</time>
			</trkpt>
			<trkpt lat="47.21901" lon="10.98507">
				<ele>1784.27</ele>
				<time>2026-09-22T14:30:25.137Z</time>
			</trkpt>
			<trkpt lat="47.21905" lon="10.98504">
				<ele>1782.23</ele>
				<time>2026-09-22T14:30:25.407Z</time>
			</trkpt>
			<trkpt lat="47.21911" lon="10.98504">
				<ele>1779.99</ele>
				<time>2026-09-22T14:30:25.768Z</time>
			</trkpt>
			<trkpt lat="47.21916" lon="10.98508">
				<ele>1778.37</ele>
				<time>2026-09-22T14:30:26.111Z</time>
			</trkpt>
			<trkpt lat="47.21935" lon="10.98544">
				<ele>1776.72</ele>
				<time>2026-09-22T14:30:27.974Z</time>
			</trkpt>
			<trkpt lat="47.21961" lon="10.98585">
				<ele>1770.99</ele>
				<time>2026-09-22T14:30:30.264Z</time>
			</trkpt>
			<trkpt lat="47.21971" lon="10.98595">
				<ele>1770.44</ele>
				<time>2026-09-22T14:30:30.990Z</time>
			</trkpt>
			<trkpt lat="47.2198" lon="10.98599">
				<ele>1770.06</ele>
				<time>2026-09-22T14:30:31.555Z</time>
			</trkpt>
			<trkpt lat="47.21994" lon="10.98602">
				<ele>1769.58</ele>
				<time>2026-09-22T14:30:32.404Z</time>
			</trkpt>
			<trkpt lat="47.22041" lon="10.98604">
				<ele>1761.72</ele>
				<time>2026-09-22T14:30:35.224Z</time>
			</trkpt>
			<trkpt lat="47.22055" lon="10.98603">
				<ele>1759.65</ele>
				<time>2026-09-22T14:30:36.064Z</time>
			</trkpt>
			<trkpt lat="47.22069" lon="10.98598">
				<ele>1758.46</ele>
				<time>2026-09-22T14:30:36.927Z</time>
			</trkpt>
			<trkpt lat="47.22082" lon="10.98589">
				<ele>1757.43</ele>
				<time>2026-09-22T14:30:37.787Z</time>
			</trkpt>
			<trkpt lat="47.2209" lon="10.9858">
				<ele>1756.8</ele>
				<time>2026-09-22T14:30:38.390Z</time>
			</trkpt>
			<trkpt lat="47.22097" lon="10.98568">
				<ele>1756.2</ele>
				<time>2026-09-22T14:30:39.033Z</time>
			</trkpt>
			<trkpt lat="47.22131" lon="10.98496">
				<ele>1754</ele>
				<time>2026-09-22T14:30:42.594Z</time>
			</trkpt>
			<trkpt lat="47.22161" lon="10.98434">
				<ele>1755.22</ele>
				<time>2026-09-22T14:30:45.681Z</time>
			</trkpt>
			<trkpt lat="47.2218" lon="10.984">
				<ele>1755.92</ele>
				<time>2026-09-22T14:30:47.464Z</time>
			</trkpt>
			<trkpt lat="47.22286" lon="10.98262">
				<ele>1751.7</ele>
				<time>2026-09-22T14:30:55.883Z</time>
			</trkpt>
			<trkpt lat="47.22316" lon="10.98219">
				<ele>1748.3</ele>
				<time>2026-09-22T14:30:58.368Z</time>
			</trkpt>
			<trkpt lat="47.22339" lon="10.98175">
				<ele>1745.85</ele>
				<time>2026-09-22T14:31:00.604Z</time>
			</trkpt>
			<trkpt lat="47.22379" lon="10.98076">
				<ele>1739.88</ele>
				<time>2026-09-22T14:31:05.236Z</time>
			</trkpt>
			<trkpt lat="47.2239" lon="10.98053">
				<ele>1737.96</ele>
				<time>2026-09-22T14:31:06.366Z</time>
			</trkpt>
			<trkpt lat="47.22415" lon="10.98019">
				<ele>1733.77</ele>
				<time>2026-09-22T14:31:08.377Z</time>
			</trkpt>
			<trkpt lat="47.22422" lon="10.98003">
				<ele>1731.92</ele>
				<time>2026-09-22T14:31:09.141Z</time>
			</trkpt>
			<trkpt lat="47.22427" lon="10.97977">
				<ele>1730.82</ele>
				<time>2026-09-22T14:31:10.224Z</time>
			</trkpt>
			<trkpt lat="47.2243" lon="10.97922">
				<ele>1732.64</ele>
				<time>2026-09-22T14:31:12.435Z</time>
			</trkpt>
			<trkpt lat="47.22433" lon="10.97904">
				<ele>1733.69</ele>
				<time>2026-09-22T14:31:13.177Z</time>
			</trkpt>
			<trkpt lat="47.22437" lon="10.97891">
				<ele>1734.16</ele>
				<time>2026-09-22T14:31:13.749Z</time>
			</trkpt>
			<trkpt lat="47.22443" lon="10.97879">
				<ele>1734.96</ele>
				<time>2026-09-22T14:31:14.345Z</time>
			</trkpt>
			<trkpt lat="47.22466" lon="10.9785">
				<ele>1733.83</ele>
				<time>2026-09-22T14:31:16.129Z</time>
			</trkpt>
			<trkpt lat="47.22478" lon="10.97827">
				<ele>1733.3</ele>
				<time>2026-09-22T14:31:17.288Z</time>
			</trkpt>
			<trkpt lat="47.22507" lon="10.9775">
				<ele>1728.47</ele>
				<time>2026-09-22T14:31:20.805Z</time>
			</trkpt>
			<trkpt lat="47.22513" lon="10.97724">
				<ele>1729.55</ele>
				<time>2026-09-22T14:31:21.901Z</time>
			</trkpt>
			<trkpt lat="47.22521" lon="10.97603">
				<ele>1727.49</ele>
				<time>2026-09-22T14:31:26.746Z</time>
			</trkpt>
			<trkpt lat="47.22525" lon="10.97575">
				<ele>1723.13</ele>
				<time>2026-09-22T14:31:27.885Z</time>
			</trkpt>
			<trkpt lat="47.22531" lon="10.97553">
				<ele>1721.09</ele>
				<time>2026-09-22T14:31:28.828Z</time>
			</trkpt>
			<trkpt lat="47.22542" lon="10.97519">
				<ele>1720.4</ele>
				<time>2026-09-22T14:31:30.326Z</time>
			</trkpt>
			<trkpt lat="47.22552" lon="10.9747">
				<ele>1714.79</ele>
				<time>2026-09-22T14:31:32.359Z</time>
			</trkpt>
			<trkpt lat="47.22554" lon="10.97448">
				<ele>1713.91</ele>
				<time>2026-09-22T14:31:33.241Z</time>
			</trkpt>
			<trkpt lat="47.22552" lon="10.97398">
				<ele>1715.74</ele>
				<time>2026-09-22T14:31:35.229Z</time>
			</trkpt>
			<trkpt lat="47.22547" lon="10.97366">
				<ele>1720.96</ele>
				<time>2026-09-22T14:31:36.532Z</time>
			</trkpt>
			<trkpt lat="47.22542" lon="10.97347">
				<ele>1723.51</ele>
				<time>2026-09-22T14:31:37.340Z</time>
			</trkpt>
			<trkpt lat="47.22524" lon="10.97306">
				<ele>1725.96</ele>
				<time>2026-09-22T14:31:39.275Z</time>
			</trkpt>
			<trkpt lat="47.22521" lon="10.97291">
				<ele>1723.56</ele>
				<time>2026-09-22T14:31:39.894Z</time>
			</trkpt>
			<trkpt lat="47.2252" lon="10.97266">
				<ele>1718.96</ele>
				<time>2026-09-22T14:31:40.886Z</time>
			</trkpt>
			<trkpt lat="47.22522" lon="10.97231">
				<ele>1715.25</ele>
				<time>2026-09-22T14:31:42.276Z</time>
			</trkpt>
			<trkpt lat="47.22525" lon="10.97216">
				<ele>1713.97</ele>
				<time>2026-09-22T14:31:42.895Z</time>
			</trkpt>
			<trkpt lat="47.22534" lon="10.97195">
				<ele>1710.28</ele>
				<time>2026-09-22T14:31:43.877Z</time>
			</trkpt>
			<trkpt lat="47.22561" lon="10.97139">
				<ele>1704.53</ele>
				<time>2026-09-22T14:31:46.592Z</time>
			</trkpt>
			<trkpt lat="47.22564" lon="10.97125">
				<ele>1704.1</ele>
				<time>2026-09-22T14:31:47.172Z</time>
			</trkpt>
			<trkpt lat="47.22568" lon="10.97088">
				<ele>1702.55</ele>
				<time>2026-09-22T14:31:48.652Z</time>
			</trkpt>
			<trkpt lat="47.22572" lon="10.97073">
				<ele>1700.51</ele>
				<time>2026-09-22T14:31:49.288Z</time>
			</trkpt>
			<trkpt lat="47.22576" lon="10.97065">
				<ele>1698.53</ele>
				<time>2026-09-22T14:31:49.680Z</time>
			</trkpt>
			<trkpt lat="47.22593" lon="10.97049">
				<ele>1693.32</ele>
				<time>2026-09-22T14:31:50.852Z</time>
			</trkpt>
			<trkpt lat="47.22601" lon="10.97038">
				<ele>1691.74</ele>
				<time>2026-09-22T14:31:51.488Z</time>
			</trkpt>
			<trkpt lat="47.22606" lon="10.97029">
				<ele>1690.75</ele>
				<time>2026-09-22T14:31:51.946Z</time>
			</trkpt>
			<trkpt lat="47.22609" lon="10.97014">
				<ele>1689.4</ele>
				<time>2026-09-22T14:31:52.563Z</time>
			</trkpt>
			<trkpt lat="47.22612" lon="10.96975">
				<ele>1687.56</ele>
				<time>2026-09-22T14:31:54.109Z</time>
			</trkpt>
			<trkpt lat="47.22613" lon="10.96917">
				<ele>1688.32</ele>
				<time>2026-09-22T14:31:56.394Z</time>
			</trkpt>
			<trkpt lat="47.22619" lon="10.96893">
				<ele>1683.1</ele>
				<time>2026-09-22T14:31:57.401Z</time>
			</trkpt>
			<trkpt lat="47.22635" lon="10.96844">
				<ele>1674.15</ele>
				<time>2026-09-22T14:31:59.539Z</time>
			</trkpt>
			<trkpt lat="47.2264" lon="10.96821">
				<ele>1673.84</ele>
				<time>2026-09-22T14:32:00.489Z</time>
			</trkpt>
			<trkpt lat="47.22646" lon="10.96801">
				<ele>1674.58</ele>
				<time>2026-09-22T14:32:01.348Z</time>
			</trkpt>
			<trkpt lat="47.2266" lon="10.96765">
				<ele>1671.7</ele>
				<time>2026-09-22T14:32:02.978Z</time>
			</trkpt>
			<trkpt lat="47.22666" lon="10.96742">
				<ele>1669.98</ele>
				<time>2026-09-22T14:32:03.945Z</time>
			</trkpt>
			<trkpt lat="47.22683" lon="10.96654">
				<ele>1660.81</ele>
				<time>2026-09-22T14:32:07.535Z</time>
			</trkpt>
			<trkpt lat="47.22696" lon="10.96578">
				<ele>1653.86</ele>
				<time>2026-09-22T14:32:10.606Z</time>
			</trkpt>
			<trkpt lat="47.2271" lon="10.96516">
				<ele>1648.19</ele>
				<time>2026-09-22T14:32:13.164Z</time>
			</trkpt>
			<trkpt lat="47.22743" lon="10.96432">
				<ele>1640.07</ele>
				<time>2026-09-22T14:32:16.959Z</time>
			</trkpt>
			<trkpt lat="47.22757" lon="10.96395">
				<ele>1628.93</ele>
				<time>2026-09-22T14:32:18.613Z</time>
			</trkpt>
			<trkpt lat="47.22761" lon="10.96374">
				<ele>1625.48</ele>
				<time>2026-09-22T14:32:19.465Z</time>
			</trkpt>
			<trkpt lat="47.22764" lon="10.96353">
				<ele>1623.9</ele>
				<time>2026-09-22T14:32:20.303Z</time>
			</trkpt>
			<trkpt lat="47.22765" lon="10.96332">
				<ele>1624.44</ele>
				<time>2026-09-22T14:32:21.125Z</time>
			</trkpt>
			<trkpt lat="47.22764" lon="10.96304">
				<ele>1624.55</ele>
				<time>2026-09-22T14:32:22.219Z</time>
			</trkpt>
			<trkpt lat="47.22753" lon="10.96234">
				<ele>1625.71</ele>
				<time>2026-09-22T14:32:25.020Z</time>
			</trkpt>
			<trkpt lat="47.22755" lon="10.9621">
				<ele>1619.82</ele>
				<time>2026-09-22T14:32:25.963Z</time>
			</trkpt>
			<trkpt lat="47.22764" lon="10.96163">
				<ele>1607.68</ele>
				<time>2026-09-22T14:32:27.865Z</time>
			</trkpt>
			<trkpt lat="47.22766" lon="10.96125">
				<ele>1608.5</ele>
				<time>2026-09-22T14:32:29.348Z</time>
			</trkpt>
			<trkpt lat="47.2277" lon="10.96108">
				<ele>1608.17</ele>
				<time>2026-09-22T14:32:30.049Z</time>
			</trkpt>
			<trkpt lat="47.22784" lon="10.9608">
				<ele>1602.92</ele>
				<time>2026-09-22T14:32:31.401Z</time>
			</trkpt>
			<trkpt lat="47.22831" lon="10.96014">
				<ele>1590.68</ele>
				<time>2026-09-22T14:32:35.119Z</time>
			</trkpt>
			<trkpt lat="47.22849" lon="10.95994">
				<ele>1584.51</ele>
				<time>2026-09-22T14:32:36.409Z</time>
			</trkpt>
			<trkpt lat="47.22895" lon="10.95955">
				<ele>1580.19</ele>
				<time>2026-09-22T14:32:39.443Z</time>
			</trkpt>
			<trkpt lat="47.22905" lon="10.95942">
				<ele>1582.68</ele>
				<time>2026-09-22T14:32:40.205Z</time>
			</trkpt>
			<trkpt lat="47.2291" lon="10.95934">
				<ele>1583.09</ele>
				<time>2026-09-22T14:32:40.626Z</time>
			</trkpt>
			<trkpt lat="47.22914" lon="10.95923">
				<ele>1582.92</ele>
				<time>2026-09-22T14:32:41.110Z</time>
			</trkpt>
			<trkpt lat="47.22915" lon="10.95913">
				<ele>1582.45</ele>
				<time>2026-09-22T14:32:41.502Z</time>
			</trkpt>
			<trkpt lat="47.22915" lon="10.95847">
				<ele>1582.54</ele>
				<time>2026-09-22T14:32:44.060Z</time>
			</trkpt>
			<trkpt lat="47.22923" lon="10.95773">
				<ele>1588.76</ele>
				<time>2026-09-22T14:32:46.962Z</time>
			</trkpt>
			<trkpt lat="47.22928" lon="10.95604">
				<ele>1577.64</ele>
				<time>2026-09-22T14:32:53.504Z</time>
			</trkpt>
			<trkpt lat="47.22931" lon="10.9556">
				<ele>1570.64</ele>
				<time>2026-09-22T14:32:55.212Z</time>
			</trkpt>
			<trkpt lat="47.22936" lon="10.95529">
				<ele>1568.2</ele>
				<time>2026-09-22T14:32:56.442Z</time>
			</trkpt>
			<trkpt lat="47.2294" lon="10.95509">
				<ele>1568.04</ele>
				<time>2026-09-22T14:32:57.247Z</time>
			</trkpt>
			<trkpt lat="47.22979" lon="10.95403">
				<ele>1563.28</ele>
				<time>2026-09-22T14:33:01.897Z</time>
			</trkpt>
			<trkpt lat="47.22985" lon="10.95374">
				<ele>1564.63</ele>
				<time>2026-09-22T14:33:03.065Z</time>
			</trkpt>
			<trkpt lat="47.22988" lon="10.95344">
				<ele>1566.09</ele>
				<time>2026-09-22T14:33:04.233Z</time>
			</trkpt>
			<trkpt lat="47.22988" lon="10.95311">
				<ele>1565.05</ele>
				<time>2026-09-22T14:33:05.504Z</time>
			</trkpt>
			<trkpt lat="47.22981" lon="10.9518">
				<ele>1560.65</ele>
				<time>2026-09-22T14:33:10.561Z</time>
			</trkpt>
			<trkpt lat="47.22981" lon="10.95133">
				<ele>1561.19</ele>
				<time>2026-09-22T14:33:12.368Z</time>
			</trkpt>
			<trkpt lat="47.22982" lon="10.95114">
				<ele>1561.78</ele>
				<time>2026-09-22T14:33:13.100Z</time>
			</trkpt>
			<trkpt lat="47.22989" lon="10.95061">
				<ele>1559.01</ele>
				<time>2026-09-22T14:33:15.175Z</time>
			</trkpt>
			<trkpt lat="47.22991" lon="10.95011">
				<ele>1556.94</ele>
				<time>2026-09-22T14:33:17.098Z</time>
			</trkpt>
			<trkpt lat="47.22978" lon="10.94813">
				<ele>1559.39</ele>
				<time>2026-09-22T14:33:24.728Z</time>
			</trkpt>
			<trkpt lat="47.22974" lon="10.9479">
				<ele>1557.83</ele>
				<time>2026-09-22T14:33:25.638Z</time>
			</trkpt>
			<trkpt lat="47.22961" lon="10.94739">
				<ele>1558.92</ele>
				<time>2026-09-22T14:33:27.724Z</time>
			</trkpt>
			<trkpt lat="47.22944" lon="10.94646">
				<ele>1554</ele>
				<time>2026-09-22T14:33:31.411Z</time>
			</trkpt>
			<trkpt lat="47.22935" lon="10.94616">
				<ele>1551.27</ele>
				<time>2026-09-22T14:33:32.665Z</time>
			</trkpt>
			<trkpt lat="47.22914" lon="10.94569">
				<ele>1547.39</ele>
				<time>2026-09-22T14:33:34.817Z</time>
			</trkpt>
			<trkpt lat="47.22891" lon="10.94525">
				<ele>1550.94</ele>
				<time>2026-09-22T14:33:36.939Z</time>
			</trkpt>
			<trkpt lat="47.22881" lon="10.94496">
				<ele>1549.78</ele>
				<time>2026-09-22T14:33:38.182Z</time>
			</trkpt>
			<trkpt lat="47.22878" lon="10.94479">
				<ele>1548.52</ele>
				<time>2026-09-22T14:33:38.853Z</time>
			</trkpt>
			<trkpt lat="47.22878" lon="10.94464">
				<ele>1547.3</ele>
				<time>2026-09-22T14:33:39.426Z</time>
			</trkpt>
			<trkpt lat="47.2288" lon="10.94418">
				<ele>1543.28</ele>
				<time>2026-09-22T14:33:41.186Z</time>
			</trkpt>
			<trkpt lat="47.22879" lon="10.94401">
				<ele>1542.48</ele>
				<time>2026-09-22T14:33:41.837Z</time>
			</trkpt>
			<trkpt lat="47.22863" lon="10.94288">
				<ele>1547.05</ele>
				<time>2026-09-22T14:33:46.242Z</time>
			</trkpt>
			<trkpt lat="47.22861" lon="10.94263">
				<ele>1547.47</ele>
				<time>2026-09-22T14:33:47.202Z</time>
			</trkpt>
			<trkpt lat="47.2286" lon="10.94235">
				<ele>1546.44</ele>
				<time>2026-09-22T14:33:48.271Z</time>
			</trkpt>
			<trkpt lat="47.22863" lon="10.94164">
				<ele>1544.08</ele>
				<time>2026-09-22T14:33:50.982Z</time>
			</trkpt>
			<trkpt lat="47.22864" lon="10.94117">
				<ele>1542.18</ele>
				<time>2026-09-22T14:33:52.773Z</time>
			</trkpt>
			<trkpt lat="47.22897" lon="10.94131">
				<ele>1544.69</ele>
				<time>2026-09-22T14:33:54.699Z</time>
			</trkpt>
			<trkpt lat="47.22905" lon="10.94132">
				<ele>1544.94</ele>
				<time>2026-09-22T14:33:55.150Z</time>
			</trkpt>
			<trkpt lat="47.22919" lon="10.94129">
				<ele>1545.6</ele>
				<time>2026-09-22T14:33:55.943Z</time>
			</trkpt>
			<trkpt lat="47.22927" lon="10.94122">
				<ele>1546.48</ele>
				<time>2026-09-22T14:33:56.464Z</time>
			</trkpt>
			<trkpt lat="47.22933" lon="10.94113">
				<ele>1547.16</ele>
				<time>2026-09-22T14:33:56.944Z</time>
			</trkpt>
			<trkpt lat="47.22945" lon="10.9409">
				<ele>1549.09</ele>
				<time>2026-09-22T14:33:58.048Z</time>
			</trkpt>
			<trkpt lat="47.22956" lon="10.94069">
				<ele>1552.05</ele>
				<time>2026-09-22T14:33:59.057Z</time>
			</trkpt>
			<trkpt lat="47.22971" lon="10.9402">
				<ele>1556.72</ele>
				<time>2026-09-22T14:34:01.102Z</time>
			</trkpt>
			<trkpt lat="47.22982" lon="10.93976">
				<ele>1565.8</ele>
				<time>2026-09-22T14:34:02.884Z</time>
			</trkpt>
			<trkpt lat="47.22985" lon="10.93949">
				<ele>1570.61</ele>
				<time>2026-09-22T14:34:03.924Z</time>
			</trkpt>
			<trkpt lat="47.22973" lon="10.93889">
				<ele>1563.99</ele>
				<time>2026-09-22T14:34:06.301Z</time>
			</trkpt>
			<trkpt lat="47.22983" lon="10.93835">
				<ele>1576.61</ele>
				<time>2026-09-22T14:34:08.428Z</time>
			</trkpt>
			<trkpt lat="47.22985" lon="10.93811">
				<ele>1583.98</ele>
				<time>2026-09-22T14:34:09.344Z</time>
			</trkpt>
			<trkpt lat="47.22977" lon="10.93743">
				<ele>1576.64</ele>
				<time>2026-09-22T14:34:11.942Z</time>
			</trkpt>
			<trkpt lat="47.22978" lon="10.93715">
				<ele>1576.6</ele>
				<time>2026-09-22T14:34:12.990Z</time>
			</trkpt>
			<trkpt lat="47.22986" lon="10.93658">
				<ele>1588.36</ele>
				<time>2026-09-22T14:34:15.152Z</time>
			</trkpt>
			<trkpt lat="47.22981" lon="10.93605">
				<ele>1584.55</ele>
				<time>2026-09-22T14:34:17.124Z</time>
			</trkpt>
			<trkpt lat="47.22979" lon="10.93529">
				<ele>1595.07</ele>
				<time>2026-09-22T14:34:19.901Z</time>
			</trkpt>
			<trkpt lat="47.22965" lon="10.93469">
				<ele>1599.42</ele>
				<time>2026-09-22T14:34:22.195Z</time>
			</trkpt>
			<trkpt lat="47.22952" lon="10.93408">
				<ele>1601.03</ele>
				<time>2026-09-22T14:34:24.487Z</time>
			</trkpt>
			<trkpt lat="47.22936" lon="10.93243">
				<ele>1606.72</ele>
				<time>2026-09-22T14:34:30.372Z</time>
			</trkpt>
			<trkpt lat="47.22936" lon="10.93229">
				<ele>1606.99</ele>
				<time>2026-09-22T14:34:30.861Z</time>
			</trkpt>
			<trkpt lat="47.22938" lon="10.93214">
				<ele>1609.61</ele>
				<time>2026-09-22T14:34:31.394Z</time>
			</trkpt>
			<trkpt lat="47.22947" lon="10.93185">
				<ele>1617.9</ele>
				<time>2026-09-22T14:34:32.501Z</time>
			</trkpt>
			<trkpt lat="47.22949" lon="10.93162">
				<ele>1621.26</ele>
				<time>2026-09-22T14:34:33.304Z</time>
			</trkpt>
			<trkpt lat="47.22948" lon="10.93144">
				<ele>1625.15</ele>
				<time>2026-09-22T14:34:33.927Z</time>
			</trkpt>
			<trkpt lat="47.22941" lon="10.93125">
				<ele>1625.82</ele>
				<time>2026-09-22T14:34:34.672Z</time>
			</trkpt>
			<trkpt lat="47.22918" lon="10.93086">
				<ele>1621.75</ele>
				<time>2026-09-22T14:34:36.444Z</time>
			</trkpt>
			<trkpt lat="47.22908" lon="10.93053">
				<ele>1627.71</ele>
				<time>2026-09-22T14:34:37.676Z</time>
			</trkpt>
			<trkpt lat="47.22903" lon="10.93029">
				<ele>1630.85</ele>
				<time>2026-09-22T14:34:38.530Z</time>
			</trkpt>
			<trkpt lat="47.22901" lon="10.93005">
				<ele>1632.8</ele>
				<time>2026-09-22T14:34:39.350Z</time>
			</trkpt>
			<trkpt lat="47.22899" lon="10.9297">
				<ele>1636.41</ele>
				<time>2026-09-22T14:34:40.536Z</time>
			</trkpt>
			<trkpt lat="47.22899" lon="10.9292">
				<ele>1637.31</ele>
				<time>2026-09-22T14:34:42.217Z</time>
			</trkpt>
			<trkpt lat="47.22912" lon="10.9283">
				<ele>1637.24</ele>
				<time>2026-09-22T14:34:45.287Z</time>
			</trkpt>
			<trkpt lat="47.22927" lon="10.92779">
				<ele>1639.3</ele>
				<time>2026-09-22T14:34:47.127Z</time>
			</trkpt>
			<trkpt lat="47.22986" lon="10.92623">
				<ele>1649.34</ele>
				<time>2026-09-22T14:34:52.968Z</time>
			</trkpt>
			<trkpt lat="47.22994" lon="10.92582">
				<ele>1653.7</ele>
				<time>2026-09-22T14:34:54.349Z</time>
			</trkpt>
			<trkpt lat="47.23" lon="10.92564">
				<ele>1655.01</ele>
				<time>2026-09-22T14:34:54.996Z</time>
			</trkpt>
			<trkpt lat="47.2304" lon="10.92454">
				<ele>1658.67</ele>
				<time>2026-09-22T14:34:58.998Z</time>
			</trkpt>
			<trkpt lat="47.23071" lon="10.92363">
				<ele>1659.59</ele>
				<time>2026-09-22T14:35:02.233Z</time>
			</trkpt>
			<trkpt lat="47.23075" lon="10.92359">
				<ele>1660.24</ele>
				<time>2026-09-22T14:35:02.458Z</time>
			</trkpt>
			<trkpt lat="47.2308" lon="10.92359">
				<ele>1661.33</ele>
				<time>2026-09-22T14:35:02.691Z</time>
			</trkpt>
			<trkpt lat="47.23084" lon="10.92361">
				<ele>1662.46</ele>
				<time>2026-09-22T14:35:02.888Z</time>
			</trkpt>
			<trkpt lat="47.23087" lon="10.92367">
				<ele>1663.71</ele>
				<time>2026-09-22T14:35:03.123Z</time>
			</trkpt>
			<trkpt lat="47.23088" lon="10.92377">
				<ele>1664.8</ele>
				<time>2026-09-22T14:35:03.442Z</time>
			</trkpt>
			<trkpt lat="47.2308" lon="10.92412">
				<ele>1665.75</ele>
				<time>2026-09-22T14:35:04.606Z</time>
			</trkpt>
			<trkpt lat="47.23075" lon="10.92448">
				<ele>1668.22</ele>
				<time>2026-09-22T14:35:05.761Z</time>
			</trkpt>
			<trkpt lat="47.23072" lon="10.92491">
				<ele>1675.01</ele>
				<time>2026-09-22T14:35:07.115Z</time>
			</trkpt>
			<trkpt lat="47.23063" lon="10.92547">
				<ele>1677.07</ele>
				<time>2026-09-22T14:35:08.913Z</time>
			</trkpt>
			<trkpt lat="47.23062" lon="10.92598">
				<ele>1680.26</ele>
				<time>2026-09-22T14:35:10.501Z</time>
			</trkpt>
			<trkpt lat="47.23066" lon="10.92651">
				<ele>1684.44</ele>
				<time>2026-09-22T14:35:12.155Z</time>
			</trkpt>
			<trkpt lat="47.23081" lon="10.92712">
				<ele>1686.76</ele>
				<time>2026-09-22T14:35:14.162Z</time>
			</trkpt>
			<trkpt lat="47.23102" lon="10.92765">
				<ele>1687.38</ele>
				<time>2026-09-22T14:35:16.053Z</time>
			</trkpt>
			<trkpt lat="47.23114" lon="10.92772">
				<ele>1687.79</ele>
				<time>2026-09-22T14:35:16.637Z</time>
			</trkpt>
			<trkpt lat="47.23124" lon="10.92773">
				<ele>1688.48</ele>
				<time>2026-09-22T14:35:17.091Z</time>
			</trkpt>
			<trkpt lat="47.23133" lon="10.92771">
				<ele>1689.49</ele>
				<time>2026-09-22T14:35:17.503Z</time>
			</trkpt>
			<trkpt lat="47.23163" lon="10.92744">
				<ele>1691.99</ele>
				<time>2026-09-22T14:35:19.091Z</time>
			</trkpt>
			<trkpt lat="47.23183" lon="10.92722">
				<ele>1691.96</ele>
				<time>2026-09-22T14:35:20.216Z</time>
			</trkpt>
			<trkpt lat="47.23202" lon="10.92687">
				<ele>1691.16</ele>
				<time>2026-09-22T14:35:21.585Z</time>
			</trkpt>
			<trkpt lat="47.2322" lon="10.92632">
				<ele>1695.47</ele>
				<time>2026-09-22T14:35:23.448Z</time>
			</trkpt>
			<trkpt lat="47.23252" lon="10.92592">
				<ele>1690.95</ele>
				<time>2026-09-22T14:35:25.329Z</time>
			</trkpt>
			<trkpt lat="47.23302" lon="10.92561">
				<ele>1685.86</ele>
				<time>2026-09-22T14:35:27.756Z</time>
			</trkpt>
			<trkpt lat="47.23331" lon="10.92527">
				<ele>1681.55</ele>
				<time>2026-09-22T14:35:29.412Z</time>
			</trkpt>
			<trkpt lat="47.2335" lon="10.92467">
				<ele>1687.56</ele>
				<time>2026-09-22T14:35:31.417Z</time>
			</trkpt>
			<trkpt lat="47.23365" lon="10.92445">
				<ele>1687.32</ele>
				<time>2026-09-22T14:35:32.361Z</time>
			</trkpt>
			<trkpt lat="47.23383" lon="10.92426">
				<ele>1682.05</ele>
				<time>2026-09-22T14:35:33.347Z</time>
			</trkpt>
			<trkpt lat="47.235" lon="10.92373">
				<ele>1672.79</ele>
				<time>2026-09-22T14:35:38.797Z</time>
			</trkpt>
			<trkpt lat="47.23572" lon="10.923">
				<ele>1667.8</ele>
				<time>2026-09-22T14:35:42.689Z</time>
			</trkpt>
			<trkpt lat="47.23601" lon="10.92282">
				<ele>1663.1</ele>
				<time>2026-09-22T14:35:44.091Z</time>
			</trkpt>
			<trkpt lat="47.23647" lon="10.92275">
				<ele>1653.29</ele>
				<time>2026-09-22T14:35:46.153Z</time>
			</trkpt>
			<trkpt lat="47.23677" lon="10.92245">
				<ele>1658.49</ele>
				<time>2026-09-22T14:35:47.771Z</time>
			</trkpt>
			<trkpt lat="47.2374" lon="10.92238">
				<ele>1637.82</ele>
				<time>2026-09-22T14:35:50.596Z</time>
			</trkpt>
			<trkpt lat="47.23756" lon="10.92223">
				<ele>1634.66</ele>
				<time>2026-09-22T14:35:51.445Z</time>
			</trkpt>
			<trkpt lat="47.23776" lon="10.92146">
				<ele>1646.75</ele>
				<time>2026-09-22T14:35:53.956Z</time>
			</trkpt>
			<trkpt lat="47.23796" lon="10.9212">
				<ele>1639.9</ele>
				<time>2026-09-22T14:35:55.155Z</time>
			</trkpt>
			<trkpt lat="47.23872" lon="10.92087">
				<ele>1628.49</ele>
				<time>2026-09-22T14:35:58.728Z</time>
			</trkpt>
			<trkpt lat="47.23913" lon="10.92086">
				<ele>1619.8</ele>
				<time>2026-09-22T14:36:00.584Z</time>
			</trkpt>
			<trkpt lat="47.23932" lon="10.92073">
				<ele>1617.18</ele>
				<time>2026-09-22T14:36:01.534Z</time>
			</trkpt>
			<trkpt lat="47.23953" lon="10.91996">
				<ele>1616.92</ele>
				<time>2026-09-22T14:36:04.098Z</time>
			</trkpt>
			<trkpt lat="47.23965" lon="10.9173">
				<ele>1604.97</ele>
				<time>2026-09-22T14:36:12.421Z</time>
			</trkpt>
			<trkpt lat="47.23975" lon="10.91695">
				<ele>1592.83</ele>
				<time>2026-09-22T14:36:13.619Z</time>
			</trkpt>
			<trkpt lat="47.23973" lon="10.91666">
				<ele>1589.51</ele>
				<time>2026-09-22T14:36:14.541Z</time>
			</trkpt>
			<trkpt lat="47.23934" lon="10.91576">
				<ele>1599.04</ele>
				<time>2026-09-22T14:36:17.936Z</time>
			</trkpt>
			<trkpt lat="47.23904" lon="10.91426">
				<ele>1587.81</ele>
				<time>2026-09-22T14:36:22.964Z</time>
			</trkpt>
			<trkpt lat="47.23835" lon="10.91318">
				<ele>1587.31</ele>
				<time>2026-09-22T14:36:27.800Z</time>
			</trkpt>
			<trkpt lat="47.23806" lon="10.91192">
				<ele>1574.36</ele>
				<time>2026-09-22T14:36:32.200Z</time>
			</trkpt>
			<trkpt lat="47.23806" lon="10.91127">
				<ele>1569.78</ele>
				<time>2026-09-22T14:36:34.372Z</time>
			</trkpt>
			<trkpt lat="47.23797" lon="10.91027">
				<ele>1560.55</ele>
				<time>2026-09-22T14:36:37.775Z</time>
			</trkpt>
			<trkpt lat="47.23789" lon="10.90988">
				<ele>1553.11</ele>
				<time>2026-09-22T14:36:39.160Z</time>
			</trkpt>
			<trkpt lat="47.2378" lon="10.90951">
				<ele>1546.71</ele>
				<time>2026-09-22T14:36:40.503Z</time>
			</trkpt>
			<trkpt lat="47.23765" lon="10.90885">
				<ele>1538.83</ele>
				<time>2026-09-22T14:36:42.896Z</time>
			</trkpt>
			<trkpt lat="47.23761" lon="10.90842">
				<ele>1530.54</ele>
				<time>2026-09-22T14:36:44.399Z</time>
			</trkpt>
			<trkpt lat="47.23754" lon="10.90805">
				<ele>1525.81</ele>
				<time>2026-09-22T14:36:45.735Z</time>
			</trkpt>
			<trkpt lat="47.23747" lon="10.90774">
				<ele>1523.55</ele>
				<time>2026-09-22T14:36:46.877Z</time>
			</trkpt>
			<trkpt lat="47.2371" lon="10.90692">
				<ele>1523.23</ele>
				<time>2026-09-22T14:36:50.348Z</time>
			</trkpt>
			<trkpt lat="47.23689" lon="10.90655">
				<ele>1523.43</ele>
				<time>2026-09-22T14:36:52.065Z</time>
			</trkpt>
			<trkpt lat="47.23678" lon="10.90626">
				<ele>1523.2</ele>
				<time>2026-09-22T14:36:53.253Z</time>
			</trkpt>
			<trkpt lat="47.23677" lon="10.90594">
				<ele>1518.76</ele>
				<time>2026-09-22T14:36:54.405Z</time>
			</trkpt>
			<trkpt lat="47.23684" lon="10.90572">
				<ele>1513</ele>
				<time>2026-09-22T14:36:55.281Z</time>
			</trkpt>
			<trkpt lat="47.23697" lon="10.90545">
				<ele>1505.37</ele>
				<time>2026-09-22T14:36:56.480Z</time>
			</trkpt>
			<trkpt lat="47.23698" lon="10.90516">
				<ele>1502.23</ele>
				<time>2026-09-22T14:36:57.537Z</time>
			</trkpt>
			<trkpt lat="47.23695" lon="10.90494">
				<ele>1500.09</ele>
				<time>2026-09-22T14:36:58.356Z</time>
			</trkpt>
			<trkpt lat="47.23682" lon="10.90445">
				<ele>1495.25</ele>
				<time>2026-09-22T14:37:00.287Z</time>
			</trkpt>
			<trkpt lat="47.23633" lon="10.9032">
				<ele>1483.77</ele>
				<time>2026-09-22T14:37:05.660Z</time>
			</trkpt>
			<trkpt lat="47.23622" lon="10.90241">
				<ele>1478.51</ele>
				<time>2026-09-22T14:37:08.711Z</time>
			</trkpt>
			<trkpt lat="47.23628" lon="10.90211">
				<ele>1477.22</ele>
				<time>2026-09-22T14:37:09.905Z</time>
			</trkpt>
			<trkpt lat="47.23645" lon="10.90182">
				<ele>1476.79</ele>
				<time>2026-09-22T14:37:11.374Z</time>
			</trkpt>
			<trkpt lat="47.23671" lon="10.90163">
				<ele>1473.86</ele>
				<time>2026-09-22T14:37:13.024Z</time>
			</trkpt>
			<trkpt lat="47.23686" lon="10.90165">
				<ele>1471.25</ele>
				<time>2026-09-22T14:37:13.885Z</time>
			</trkpt>
			<trkpt lat="47.23749" lon="10.90213">
				<ele>1462.85</ele>
				<time>2026-09-22T14:37:17.977Z</time>
			</trkpt>
			<trkpt lat="47.23777" lon="10.90213">
				<ele>1460.39</ele>
				<time>2026-09-22T14:37:19.610Z</time>
			</trkpt>
			<trkpt lat="47.23866" lon="10.90176">
				<ele>1452.2</ele>
				<time>2026-09-22T14:37:25.083Z</time>
			</trkpt>
			<trkpt lat="47.23886" lon="10.90181">
				<ele>1454.16</ele>
				<time>2026-09-22T14:37:26.299Z</time>
			</trkpt>
			<trkpt lat="47.23905" lon="10.9021">
				<ele>1450.37</ele>
				<time>2026-09-22T14:37:27.950Z</time>
			</trkpt>
			<trkpt lat="47.23928" lon="10.90284">
				<ele>1442.95</ele>
				<time>2026-09-22T14:37:31.316Z</time>
			</trkpt>
			<trkpt lat="47.23984" lon="10.90396">
				<ele>1427.06</ele>
				<time>2026-09-22T14:37:37.174Z</time>
			</trkpt>
			<trkpt lat="47.23992" lon="10.90483">
				<ele>1427.47</ele>
				<time>2026-09-22T14:37:40.943Z</time>
			</trkpt>
			<trkpt lat="47.24016" lon="10.90562">
				<ele>1417.64</ele>
				<time>2026-09-22T14:37:44.714Z</time>
			</trkpt>
			<trkpt lat="47.24085" lon="10.90731">
				<ele>1390.7</ele>
				<time>2026-09-22T14:37:53.518Z</time>
			</trkpt>
			<trkpt lat="47.24186" lon="10.90927">
				<ele>1374.05</ele>
				<time>2026-09-22T14:38:04.937Z</time>
			</trkpt>
			<trkpt lat="47.24198" lon="10.90923">
				<ele>1368.77</ele>
				<time>2026-09-22T14:38:05.797Z</time>
			</trkpt>
			<trkpt lat="47.24199" lon="10.90901">
				<ele>1366.08</ele>
				<time>2026-09-22T14:38:06.849Z</time>
			</trkpt>
			<trkpt lat="47.24178" lon="10.90825">
				<ele>1365.9</ele>
				<time>2026-09-22T14:38:10.797Z</time>
			</trkpt>
			<trkpt lat="47.24163" lon="10.90761">
				<ele>1361.39</ele>
				<time>2026-09-22T14:38:14.098Z</time>
			</trkpt>
			<trkpt lat="47.24149" lon="10.90729">
				<ele>1359.49</ele>
				<time>2026-09-22T14:38:15.972Z</time>
			</trkpt>
			<trkpt lat="47.24144" lon="10.90713">
				<ele>1357.16</ele>
				<time>2026-09-22T14:38:16.844Z</time>
			</trkpt>
			<trkpt lat="47.24148" lon="10.90689">
				<ele>1349.38</ele>
				<time>2026-09-22T14:38:18.071Z</time>
			</trkpt>
			<trkpt lat="47.24154" lon="10.90674">
				<ele>1344.58</ele>
				<time>2026-09-22T14:38:18.939Z</time>
			</trkpt>
			<trkpt lat="47.24156" lon="10.90655">
				<ele>1342.84</ele>
				<time>2026-09-22T14:38:19.901Z</time>
			</trkpt>
			<trkpt lat="47.24153" lon="10.9057">
				<ele>1343.94</ele>
				<time>2026-09-22T14:38:24.199Z</time>
			</trkpt>
			<trkpt lat="47.24159" lon="10.90532">
				<ele>1336.65</ele>
				<time>2026-09-22T14:38:26.192Z</time>
			</trkpt>
			<trkpt lat="47.24174" lon="10.9047">
				<ele>1326.45</ele>
				<time>2026-09-22T14:38:29.587Z</time>
			</trkpt>
			<trkpt lat="47.24174" lon="10.90391">
				<ele>1320.5</ele>
				<time>2026-09-22T14:38:34.027Z</time>
			</trkpt>
			<trkpt lat="47.24171" lon="10.90268">
				<ele>1308.38</ele>
				<time>2026-09-22T14:38:41.983Z</time>
			</trkpt>
			<trkpt lat="47.24166" lon="10.90139">
				<ele>1291.29</ele>
				<time>2026-09-22T14:38:51.416Z</time>
			</trkpt>
			<trkpt lat="47.24153" lon="10.90024">
				<ele>1284.16</ele>
				<time>2026-09-22T14:39:00.600Z</time>
			</trkpt>
			<trkpt lat="47.24133" lon="10.89903">
				<ele>1275.05</ele>
				<time>2026-09-22T14:39:10.823Z</time>
			</trkpt>
			<trkpt lat="47.2413" lon="10.89865">
				<ele>1274.05</ele>
				<time>2026-09-22T14:39:14.004Z</time>
			</trkpt>
			<trkpt lat="47.24131" lon="10.89767">
				<ele>1262.35</ele>
				<time>2026-09-22T14:39:22.149Z</time>
			</trkpt>
			<trkpt lat="47.24127" lon="10.89741">
				<ele>1259.93</ele>
				<time>2026-09-22T14:39:24.349Z</time>
			</trkpt>
			<trkpt lat="47.2412" lon="10.89716">
				<ele>1257.18</ele>
				<time>2026-09-22T14:39:26.568Z</time>
			</trkpt>
			<trkpt lat="47.24108" lon="10.89693">
				<ele>1254.02</ele>
				<time>2026-09-22T14:39:28.931Z</time>
			</trkpt>
			<trkpt lat="47.24107" lon="10.89682">
				<ele>1251.8</ele>
				<time>2026-09-22T14:39:29.829Z</time>
			</trkpt>
			<trkpt lat="47.24111" lon="10.89675">
				<ele>1249.82</ele>
				<time>2026-09-22T14:39:30.567Z</time>
			</trkpt>
			<trkpt lat="47.24115" lon="10.89675">
				<ele>1249.3</ele>
				<time>2026-09-22T14:39:31.041Z</time>
			</trkpt>
			<trkpt lat="47.24122" lon="10.89681">
				<ele>1249.64</ele>
				<time>2026-09-22T14:39:31.998Z</time>
			</trkpt>
			<trkpt lat="47.24141" lon="10.89722">
				<ele>1254</ele>
				<time>2026-09-22T14:39:35.926Z</time>
			</trkpt>
			<trkpt lat="47.24155" lon="10.89743">
				<ele>1250.79</ele>
				<time>2026-09-22T14:39:38.211Z</time>
			</trkpt>
			<trkpt lat="47.24167" lon="10.89754">
				<ele>1246.72</ele>
				<time>2026-09-22T14:39:39.803Z</time>
			</trkpt>
			<trkpt lat="47.24177" lon="10.89771">
				<ele>1241.66</ele>
				<time>2026-09-22T14:39:41.501Z</time>
			</trkpt>
			<trkpt lat="47.24205" lon="10.8985">
				<ele>1230.34</ele>
				<time>2026-09-22T14:39:47.955Z</time>
			</trkpt>
			<trkpt lat="47.24221" lon="10.89872">
				<ele>1227.57</ele>
				<time>2026-09-22T14:39:50.168Z</time>
			</trkpt>
			<trkpt lat="47.24236" lon="10.89885">
				<ele>1225.14</ele>
				<time>2026-09-22T14:39:51.876Z</time>
			</trkpt>
			<trkpt lat="47.24249" lon="10.89902">
				<ele>1226.09</ele>
				<time>2026-09-22T14:39:53.533Z</time>
			</trkpt>
			<trkpt lat="47.24271" lon="10.89941">
				<ele>1229.69</ele>
				<time>2026-09-22T14:39:56.660Z</time>
			</trkpt>
			<trkpt lat="47.24358" lon="10.90127">
				<ele>1215.21</ele>
				<time>2026-09-22T14:40:07.995Z</time>
			</trkpt>
			<trkpt lat="47.24479" lon="10.90481">
				<ele>1174.31</ele>
				<time>2026-09-22T14:40:22.970Z</time>
			</trkpt>
			<trkpt lat="47.24492" lon="10.90506">
				<ele>1170.28</ele>
				<time>2026-09-22T14:40:23.995Z</time>
			</trkpt>
			<trkpt lat="47.24505" lon="10.90521">
				<ele>1167.36</ele>
				<time>2026-09-22T14:40:24.775Z</time>
			</trkpt>
			<trkpt lat="47.24525" lon="10.90537">
				<ele>1165.27</ele>
				<time>2026-09-22T14:40:25.834Z</time>
			</trkpt>
			<trkpt lat="47.24547" lon="10.90551">
				<ele>1164.8</ele>
				<time>2026-09-22T14:40:26.930Z</time>
			</trkpt>
			<trkpt lat="47.2456" lon="10.90555">
				<ele>1164.65</ele>
				<time>2026-09-22T14:40:27.530Z</time>
			</trkpt>
			<trkpt lat="47.24574" lon="10.90553">
				<ele>1163.43</ele>
				<time>2026-09-22T14:40:28.160Z</time>
			</trkpt>
			<trkpt lat="47.24582" lon="10.90547">
				<ele>1162.47</ele>
				<time>2026-09-22T14:40:28.559Z</time>
			</trkpt>
			<trkpt lat="47.24589" lon="10.90532">
				<ele>1160.04</ele>
				<time>2026-09-22T14:40:29.105Z</time>
			</trkpt>
			<trkpt lat="47.24594" lon="10.90511">
				<ele>1156.97</ele>
				<time>2026-09-22T14:40:29.769Z</time>
			</trkpt>
			<trkpt lat="47.24595" lon="10.90484">
				<ele>1153.76</ele>
				<time>2026-09-22T14:40:30.568Z</time>
			</trkpt>
			<trkpt lat="47.24593" lon="10.90468">
				<ele>1152.44</ele>
				<time>2026-09-22T14:40:31.046Z</time>
			</trkpt>
			<trkpt lat="47.24586" lon="10.90446">
				<ele>1151.41</ele>
				<time>2026-09-22T14:40:31.756Z</time>
			</trkpt>
			<trkpt lat="47.2457" lon="10.90412">
				<ele>1149.43</ele>
				<time>2026-09-22T14:40:32.955Z</time>
			</trkpt>
			<trkpt lat="47.24566" lon="10.90397">
				<ele>1148.1</ele>
				<time>2026-09-22T14:40:33.420Z</time>
			</trkpt>
			<trkpt lat="47.24568" lon="10.90377">
				<ele>1145.8</ele>
				<time>2026-09-22T14:40:34.002Z</time>
			</trkpt>
			<trkpt lat="47.24572" lon="10.90367">
				<ele>1144.67</ele>
				<time>2026-09-22T14:40:34.335Z</time>
			</trkpt>
			<trkpt lat="47.24579" lon="10.9036">
				<ele>1143.98</ele>
				<time>2026-09-22T14:40:34.692Z</time>
			</trkpt>
			<trkpt lat="47.2462" lon="10.90332">
				<ele>1140.99</ele>
				<time>2026-09-22T14:40:36.597Z</time>
			</trkpt>
			<trkpt lat="47.2463" lon="10.90287">
				<ele>1136.9</ele>
				<time>2026-09-22T14:40:37.951Z</time>
			</trkpt>
			<trkpt lat="47.24633" lon="10.90224">
				<ele>1127.22</ele>
				<time>2026-09-22T14:40:39.768Z</time>
			</trkpt>
			<trkpt lat="47.24625" lon="10.90149">
				<ele>1118.28</ele>
				<time>2026-09-22T14:40:41.979Z</time>
			</trkpt>
			<trkpt lat="47.24628" lon="10.90117">
				<ele>1114.38</ele>
				<time>2026-09-22T14:40:42.934Z</time>
			</trkpt>
			<trkpt lat="47.24644" lon="10.90067">
				<ele>1109.06</ele>
				<time>2026-09-22T14:40:44.592Z</time>
			</trkpt>
			<trkpt lat="47.24645" lon="10.90041">
				<ele>1107.75</ele>
				<time>2026-09-22T14:40:45.386Z</time>
			</trkpt>
			<trkpt lat="47.24644" lon="10.90017">
				<ele>1106.74</ele>
				<time>2026-09-22T14:40:46.127Z</time>
			</trkpt>
			<trkpt lat="47.24638" lon="10.89975">
				<ele>1102.41</ele>
				<time>2026-09-22T14:40:47.470Z</time>
			</trkpt>
			<trkpt lat="47.2464" lon="10.89965">
				<ele>1101.41</ele>
				<time>2026-09-22T14:40:47.801Z</time>
			</trkpt>
			<trkpt lat="47.24649" lon="10.89961">
				<ele>1101.42</ele>
				<time>2026-09-22T14:40:48.243Z</time>
			</trkpt>
			<trkpt lat="47.24655" lon="10.89968">
				<ele>1102.32</ele>
				<time>2026-09-22T14:40:48.606Z</time>
			</trkpt>
			<trkpt lat="47.24705" lon="10.901">
				<ele>1098.15</ele>
				<time>2026-09-22T14:40:53.707Z</time>
			</trkpt>
			<trkpt lat="47.24713" lon="10.90172">
				<ele>1093.43</ele>
				<time>2026-09-22T14:40:56.358Z</time>
			</trkpt>
			<trkpt lat="47.24712" lon="10.90204">
				<ele>1094.21</ele>
				<time>2026-09-22T14:40:57.567Z</time>
			</trkpt>
			<trkpt lat="47.24716" lon="10.90229">
				<ele>1093.31</ele>
				<time>2026-09-22T14:40:58.558Z</time>
			</trkpt>
			<trkpt lat="47.24721" lon="10.90231">
				<ele>1089.82</ele>
				<time>2026-09-22T14:40:58.857Z</time>
			</trkpt>
			<trkpt lat="47.24725" lon="10.90229">
				<ele>1087.91</ele>
				<time>2026-09-22T14:40:59.101Z</time>
			</trkpt>
			<trkpt lat="47.24739" lon="10.90195">
				<ele>1083.27</ele>
				<time>2026-09-22T14:41:00.691Z</time>
			</trkpt>
			<trkpt lat="47.24771" lon="10.90162">
				<ele>1073.92</ele>
				<time>2026-09-22T14:41:03.083Z</time>
			</trkpt>
			<trkpt lat="47.2478" lon="10.90127">
				<ele>1072</ele>
				<time>2026-09-22T14:41:04.700Z</time>
			</trkpt>
			<trkpt lat="47.24785" lon="10.9009">
				<ele>1068.2</ele>
				<time>2026-09-22T14:41:06.382Z</time>
			</trkpt>
			<trkpt lat="47.24783" lon="10.9005">
				<ele>1063.33</ele>
				<time>2026-09-22T14:41:08.234Z</time>
			</trkpt>
			<trkpt lat="47.24764" lon="10.89995">
				<ele>1065.48</ele>
				<time>2026-09-22T14:41:11.291Z</time>
			</trkpt>
			<trkpt lat="47.24763" lon="10.89966">
				<ele>1060.88</ele>
				<time>2026-09-22T14:41:12.816Z</time>
			</trkpt>
			<trkpt lat="47.24775" lon="10.89927">
				<ele>1050.67</ele>
				<time>2026-09-22T14:41:15.162Z</time>
			</trkpt>
			<trkpt lat="47.24776" lon="10.89915">
				<ele>1049.23</ele>
				<time>2026-09-22T14:41:15.844Z</time>
			</trkpt>
			<trkpt lat="47.24775" lon="10.89901">
				<ele>1046.58</ele>
				<time>2026-09-22T14:41:16.649Z</time>
			</trkpt>
			<trkpt lat="47.24751" lon="10.89823">
				<ele>1039.87</ele>
				<time>2026-09-22T14:41:21.782Z</time>
			</trkpt>
			<trkpt lat="47.24727" lon="10.89762">
				<ele>1030.11</ele>
				<time>2026-09-22T14:41:26.284Z</time>
			</trkpt>
			<trkpt lat="47.24686" lon="10.89655">
				<ele>1012.96</ele>
				<time>2026-09-22T14:41:34.633Z</time>
			</trkpt>
			<trkpt lat="47.24672" lon="10.89632">
				<ele>1011.3</ele>
				<time>2026-09-22T14:41:36.818Z</time>
			</trkpt>
			<trkpt lat="47.24644" lon="10.89603">
				<ele>1005.53</ele>
				<time>2026-09-22T14:41:40.446Z</time>
			</trkpt>
			<trkpt lat="47.24625" lon="10.89579">
				<ele>1004.39</ele>
				<time>2026-09-22T14:41:43.143Z</time>
			</trkpt>
			<trkpt lat="47.24595" lon="10.89532">
				<ele>998.54</ele>
				<time>2026-09-22T14:41:47.936Z</time>
			</trkpt>
			<trkpt lat="47.24578" lon="10.89518">
				<ele>995.94</ele>
				<time>2026-09-22T14:41:50.093Z</time>
			</trkpt>
			<trkpt lat="47.24559" lon="10.89499">
				<ele>994.72</ele>
				<time>2026-09-22T14:41:52.653Z</time>
			</trkpt>
			<trkpt lat="47.24535" lon="10.89466">
				<ele>990.94</ele>
				<time>2026-09-22T14:41:56.338Z</time>
			</trkpt>
			<trkpt lat="47.24508" lon="10.89428">
				<ele>984.79</ele>
				<time>2026-09-22T14:42:00.553Z</time>
			</trkpt>
			<trkpt lat="47.24475" lon="10.89351">
				<ele>971.86</ele>
				<time>2026-09-22T14:42:07.553Z</time>
			</trkpt>
			<trkpt lat="47.24455" lon="10.89314">
				<ele>967.62</ele>
				<time>2026-09-22T14:42:11.181Z</time>
			</trkpt>
			<trkpt lat="47.24417" lon="10.89263">
				<ele>961.17</ele>
				<time>2026-09-22T14:42:16.951Z</time>
			</trkpt>
			<trkpt lat="47.24374" lon="10.89226">
				<ele>965.92</ele>
				<time>2026-09-22T14:42:22.465Z</time>
			</trkpt>
			<trkpt lat="47.24371" lon="10.89219">
				<ele>965.38</ele>
				<time>2026-09-22T14:42:23.081Z</time>
			</trkpt>
			<trkpt lat="47.2437" lon="10.89211">
				<ele>963.08</ele>
				<time>2026-09-22T14:42:23.685Z</time>
			</trkpt>
			<trkpt lat="47.24372" lon="10.892">
				<ele>957.75</ele>
				<time>2026-09-22T14:42:24.528Z</time>
			</trkpt>
			<trkpt lat="47.24381" lon="10.89199">
				<ele>952.79</ele>
				<time>2026-09-22T14:42:25.509Z</time>
			</trkpt>
			<trkpt lat="47.24418" lon="10.89218">
				<ele>945.83</ele>
				<time>2026-09-22T14:42:29.716Z</time>
			</trkpt>
			<trkpt lat="47.24442" lon="10.89222">
				<ele>946.01</ele>
				<time>2026-09-22T14:42:32.263Z</time>
			</trkpt>
			<trkpt lat="47.24457" lon="10.89216">
				<ele>946.27</ele>
				<time>2026-09-22T14:42:33.881Z</time>
			</trkpt>
			<trkpt lat="47.24467" lon="10.89207">
				<ele>945.19</ele>
				<time>2026-09-22T14:42:35.090Z</time>
			</trkpt>
			<trkpt lat="47.24496" lon="10.89159">
				<ele>932.58</ele>
				<time>2026-09-22T14:42:39.495Z</time>
			</trkpt>
			<trkpt lat="47.24513" lon="10.89151">
				<ele>929.53</ele>
				<time>2026-09-22T14:42:41.250Z</time>
			</trkpt>
			<trkpt lat="47.24553" lon="10.89162">
				<ele>931.21</ele>
				<time>2026-09-22T14:42:45.141Z</time>
			</trkpt>
			<trkpt lat="47.24604" lon="10.8915">
				<ele>922.97</ele>
				<time>2026-09-22T14:42:49.832Z</time>
			</trkpt>
			<trkpt lat="47.24631" lon="10.8915">
				<ele>915.55</ele>
				<time>2026-09-22T14:42:52.163Z</time>
			</trkpt>
			<trkpt lat="47.24646" lon="10.89155">
				<ele>913.34</ele>
				<time>2026-09-22T14:42:53.450Z</time>
			</trkpt>
			<trkpt lat="47.24667" lon="10.89169">
				<ele>914.5</ele>
				<time>2026-09-22T14:42:55.322Z</time>
			</trkpt>
			<trkpt lat="47.24683" lon="10.89173">
				<ele>914.74</ele>
				<time>2026-09-22T14:42:56.598Z</time>
			</trkpt>
			<trkpt lat="47.24722" lon="10.8916">
				<ele>909.36</ele>
				<time>2026-09-22T14:42:59.609Z</time>
			</trkpt>
			<trkpt lat="47.24754" lon="10.89158">
				<ele>906.33</ele>
				<time>2026-09-22T14:43:01.969Z</time>
			</trkpt>
			<trkpt lat="47.24763" lon="10.89155">
				<ele>905.77</ele>
				<time>2026-09-22T14:43:02.643Z</time>
			</trkpt>
			<trkpt lat="47.24788" lon="10.8914">
				<ele>899.84</ele>
				<time>2026-09-22T14:43:04.601Z</time>
			</trkpt>
			<trkpt lat="47.24816" lon="10.89133">
				<ele>894.97</ele>
				<time>2026-09-22T14:43:06.637Z</time>
			</trkpt>
			<trkpt lat="47.2483" lon="10.89136">
				<ele>894</ele>
				<time>2026-09-22T14:43:07.642Z</time>
			</trkpt>
			<trkpt lat="47.24848" lon="10.89147">
				<ele>892.59</ele>
				<time>2026-09-22T14:43:09.018Z</time>
			</trkpt>
			<trkpt lat="47.24862" lon="10.8916">
				<ele>891.19</ele>
				<time>2026-09-22T14:43:10.178Z</time>
			</trkpt>
			<trkpt lat="47.24934" lon="10.8925">
				<ele>881.21</ele>
				<time>2026-09-22T14:43:16.651Z</time>
			</trkpt>
			<trkpt lat="47.24952" lon="10.89278">
				<ele>878.36</ele>
				<time>2026-09-22T14:43:18.403Z</time>
			</trkpt>
			<trkpt lat="47.24981" lon="10.89356">
				<ele>872.84</ele>
				<time>2026-09-22T14:43:22.379Z</time>
			</trkpt>
			<trkpt lat="47.24988" lon="10.89369">
				<ele>872.54</ele>
				<time>2026-09-22T14:43:23.111Z</time>
			</trkpt>
			<trkpt lat="47.24994" lon="10.8937">
				<ele>869.77</ele>
				<time>2026-09-22T14:43:23.502Z</time>
			</trkpt>
			<trkpt lat="47.24998" lon="10.89362">
				<ele>865.79</ele>
				<time>2026-09-22T14:43:23.938Z</time>
			</trkpt>
			<trkpt lat="47.24993" lon="10.89263">
				<ele>858.4</ele>
				<time>2026-09-22T14:43:28.234Z</time>
			</trkpt>
			<trkpt lat="47.24984" lon="10.89217">
				<ele>854.14</ele>
				<time>2026-09-22T14:43:30.269Z</time>
			</trkpt>
			<trkpt lat="47.24969" lon="10.89183">
				<ele>853.21</ele>
				<time>2026-09-22T14:43:31.975Z</time>
			</trkpt>
			<trkpt lat="47.24954" lon="10.89158">
				<ele>858.46</ele>
				<time>2026-09-22T14:43:33.367Z</time>
			</trkpt>
			<trkpt lat="47.2495" lon="10.89137">
				<ele>857.61</ele>
				<time>2026-09-22T14:43:34.272Z</time>
			</trkpt>
			<trkpt lat="47.24952" lon="10.89098">
				<ele>846.2</ele>
				<time>2026-09-22T14:43:35.882Z</time>
			</trkpt>
			<trkpt lat="47.24944" lon="10.89061">
				<ele>835.69</ele>
				<time>2026-09-22T14:43:37.467Z</time>
			</trkpt>
			<trkpt lat="47.24916" lon="10.89022">
				<ele>833.39</ele>
				<time>2026-09-22T14:43:39.761Z</time>
			</trkpt>
			<trkpt lat="47.24888" lon="10.88993">
				<ele>832.42</ele>
				<time>2026-09-22T14:43:41.775Z</time>
			</trkpt>
			<trkpt lat="47.24832" lon="10.88874">
				<ele>807.86</ele>
				<time>2026-09-22T14:43:47.449Z</time>
			</trkpt>
			<trkpt lat="47.24821" lon="10.88856">
				<ele>805.17</ele>
				<time>2026-09-22T14:43:48.383Z</time>
			</trkpt>
			<trkpt lat="47.24808" lon="10.88843">
				<ele>802.59</ele>
				<time>2026-09-22T14:43:49.272Z</time>
			</trkpt>
			<trkpt lat="47.24797" lon="10.88838">
				<ele>802</ele>
				<time>2026-09-22T14:43:49.921Z</time>
			</trkpt>
			<trkpt lat="47.24698" lon="10.88819">
				<ele>789.61</ele>
				<time>2026-09-22T14:43:55.471Z</time>
			</trkpt>
			<trkpt lat="47.24679" lon="10.88806">
				<ele>787.99</ele>
				<time>2026-09-22T14:43:56.620Z</time>
			</trkpt>
			<trkpt lat="47.24635" lon="10.8876">
				<ele>780.59</ele>
				<time>2026-09-22T14:43:59.553Z</time>
			</trkpt>
			<trkpt lat="47.24618" lon="10.88749">
				<ele>776.94</ele>
				<time>2026-09-22T14:44:00.556Z</time>
			</trkpt>
			<trkpt lat="47.24603" lon="10.88744">
				<ele>775.96</ele>
				<time>2026-09-22T14:44:01.383Z</time>
			</trkpt>
			<trkpt lat="47.24571" lon="10.88742">
				<ele>776.77</ele>
				<time>2026-09-22T14:44:03.099Z</time>
			</trkpt>
			<trkpt lat="47.24552" lon="10.88737">
				<ele>775.02</ele>
				<time>2026-09-22T14:44:04.128Z</time>
			</trkpt>
			<trkpt lat="47.24538" lon="10.88731">
				<ele>774.17</ele>
				<time>2026-09-22T14:44:04.903Z</time>
			</trkpt>
			<trkpt lat="47.24519" lon="10.88715">
				<ele>773.28</ele>
				<time>2026-09-22T14:44:06.063Z</time>
			</trkpt>
			<trkpt lat="47.24502" lon="10.88694">
				<ele>772.33</ele>
				<time>2026-09-22T14:44:07.235Z</time>
			</trkpt>
			<trkpt lat="47.2448" lon="10.88654">
				<ele>769.76</ele>
				<time>2026-09-22T14:44:09.074Z</time>
			</trkpt>
			<trkpt lat="47.24475" lon="10.88635">
				<ele>765.61</ele>
				<time>2026-09-22T14:44:09.799Z</time>
			</trkpt>
			<trkpt lat="47.24467" lon="10.88578">
				<ele>753.06</ele>
				<time>2026-09-22T14:44:11.864Z</time>
			</trkpt>
			<trkpt lat="47.24462" lon="10.88556">
				<ele>749.78</ele>
				<time>2026-09-22T14:44:12.685Z</time>
			</trkpt>
			<trkpt lat="47.24445" lon="10.88505">
				<ele>746.56</ele>
				<time>2026-09-22T14:44:14.689Z</time>
			</trkpt>
			<trkpt lat="47.2443" lon="10.88472">
				<ele>746.13</ele>
				<time>2026-09-22T14:44:16.085Z</time>
			</trkpt>
			<trkpt lat="47.24421" lon="10.88457">
				<ele>744.93</ele>
				<time>2026-09-22T14:44:16.788Z</time>
			</trkpt>
			<trkpt lat="47.24414" lon="10.88448">
				<ele>744.44</ele>
				<time>2026-09-22T14:44:17.268Z</time>
			</trkpt>
			<trkpt lat="47.24386" lon="10.88423">
				<ele>744.68</ele>
				<time>2026-09-22T14:44:18.958Z</time>
			</trkpt>
			<trkpt lat="47.24339" lon="10.88359">
				<ele>736.15</ele>
				<time>2026-09-22T14:44:22.252Z</time>
			</trkpt>
			<trkpt lat="47.24287" lon="10.88316">
				<ele>737.54</ele>
				<time>2026-09-22T14:44:25.315Z</time>
			</trkpt>
			<trkpt lat="47.24272" lon="10.88298">
				<ele>734.68</ele>
				<time>2026-09-22T14:44:26.308Z</time>
			</trkpt>
			<trkpt lat="47.24244" lon="10.88241">
				<ele>717.79</ele>
				<time>2026-09-22T14:44:28.761Z</time>
			</trkpt>
			<trkpt lat="47.24231" lon="10.88226">
				<ele>716.05</ele>
				<time>2026-09-22T14:44:29.610Z</time>
			</trkpt>
			<trkpt lat="47.24221" lon="10.88217">
				<ele>716.34</ele>
				<time>2026-09-22T14:44:30.212Z</time>
			</trkpt>
			<trkpt lat="47.24186" lon="10.88199">
				<ele>721.25</ele>
				<time>2026-09-22T14:44:32.119Z</time>
			</trkpt>
			<trkpt lat="47.2418" lon="10.8819">
				<ele>720.27</ele>
				<time>2026-09-22T14:44:32.560Z</time>
			</trkpt>
			<trkpt lat="47.2418" lon="10.8818">
				<ele>717.85</ele>
				<time>2026-09-22T14:44:32.910Z</time>
			</trkpt>
			<trkpt lat="47.24183" lon="10.88174">
				<ele>715.85</ele>
				<time>2026-09-22T14:44:33.171Z</time>
			</trkpt>
			<trkpt lat="47.2419" lon="10.88167">
				<ele>713.64</ele>
				<time>2026-09-22T14:44:33.607Z</time>
			</trkpt>
			<trkpt lat="47.24202" lon="10.88168">
				<ele>713.18</ele>
				<time>2026-09-22T14:44:34.227Z</time>
			</trkpt>
			<trkpt lat="47.24237" lon="10.88186">
				<ele>709.44</ele>
				<time>2026-09-22T14:44:36.143Z</time>
			</trkpt>
			<trkpt lat="47.24303" lon="10.88244">
				<ele>709.14</ele>
				<time>2026-09-22T14:44:40.134Z</time>
			</trkpt>
			<trkpt lat="47.24312" lon="10.88248">
				<ele>709.56</ele>
				<time>2026-09-22T14:44:40.625Z</time>
			</trkpt>
			<trkpt lat="47.24322" lon="10.8825">
				<ele>708.6</ele>
				<time>2026-09-22T14:44:41.152Z</time>
			</trkpt>
			<trkpt lat="47.24332" lon="10.88248">
				<ele>706.54</ele>
				<time>2026-09-22T14:44:41.679Z</time>
			</trkpt>
			<trkpt lat="47.24343" lon="10.88239">
				<ele>701.35</ele>
				<time>2026-09-22T14:44:42.338Z</time>
			</trkpt>
			<trkpt lat="47.24354" lon="10.88225">
				<ele>695.74</ele>
				<time>2026-09-22T14:44:43.101Z</time>
			</trkpt>
			<trkpt lat="47.24378" lon="10.88181">
				<ele>685.21</ele>
				<time>2026-09-22T14:44:45.118Z</time>
			</trkpt>
			<trkpt lat="47.24391" lon="10.8817">
				<ele>683.08</ele>
				<time>2026-09-22T14:44:45.910Z</time>
			</trkpt>
			<trkpt lat="47.24399" lon="10.8817">
				<ele>682.42</ele>
				<time>2026-09-22T14:44:46.333Z</time>
			</trkpt>
			<trkpt lat="47.24416" lon="10.88181">
				<ele>681.54</ele>
				<time>2026-09-22T14:44:47.318Z</time>
			</trkpt>
			<trkpt lat="47.24462" lon="10.88234">
				<ele>677.92</ele>
				<time>2026-09-22T14:44:50.437Z</time>
			</trkpt>
			<trkpt lat="47.24474" lon="10.88247">
				<ele>678.79</ele>
				<time>2026-09-22T14:44:51.237Z</time>
			</trkpt>
			<trkpt lat="47.24524" lon="10.8829">
				<ele>679.7</ele>
				<time>2026-09-22T14:44:54.371Z</time>
			</trkpt>
			<trkpt lat="47.24911" lon="10.88612">
				<ele>677.02</ele>
				<time>2026-09-22T14:45:19.523Z</time>
			</trkpt>
			<trkpt lat="47.24967" lon="10.88668">
				<ele>675.3</ele>
				<time>2026-09-22T14:45:23.381Z</time>
			</trkpt>
			<trkpt lat="47.25017" lon="10.88724">
				<ele>669.41</ele>
				<time>2026-09-22T14:45:26.955Z</time>
			</trkpt>
			<trkpt lat="47.25054" lon="10.88772">
				<ele>672.53</ele>
				<time>2026-09-22T14:45:29.758Z</time>
			</trkpt>
			<trkpt lat="47.25104" lon="10.88845">
				<ele>672.11</ele>
				<time>2026-09-22T14:45:33.756Z</time>
			</trkpt>
			<trkpt lat="47.25507" lon="10.89465">
				<ele>668.66</ele>
				<time>2026-09-22T14:46:06.966Z</time>
			</trkpt>
			<trkpt lat="47.25531" lon="10.895">
				<ele>669.91</ele>
				<time>2026-09-22T14:46:08.909Z</time>
			</trkpt>
			<trkpt lat="47.2558" lon="10.89589">
				<ele>668.97</ele>
				<time>2026-09-22T14:46:13.398Z</time>
			</trkpt>
			<trkpt lat="47.25616" lon="10.89669">
				<ele>667.88</ele>
				<time>2026-09-22T14:46:17.174Z</time>
			</trkpt>
			<trkpt lat="47.25644" lon="10.89741">
				<ele>665.85</ele>
				<time>2026-09-22T14:46:20.451Z</time>
			</trkpt>
			<trkpt lat="47.2567" lon="10.89822">
				<ele>664.35</ele>
				<time>2026-09-22T14:46:24.004Z</time>
			</trkpt>
			<trkpt lat="47.25683" lon="10.89866">
				<ele>664.98</ele>
				<time>2026-09-22T14:46:25.913Z</time>
			</trkpt>
			<trkpt lat="47.25695" lon="10.8991">
				<ele>665.72</ele>
				<time>2026-09-22T14:46:27.804Z</time>
			</trkpt>
			<trkpt lat="47.25702" lon="10.89911">
				<ele>665.19</ele>
				<time>2026-09-22T14:46:28.218Z</time>
			</trkpt>
			<trkpt lat="47.25725" lon="10.89969">
				<ele>665.66</ele>
				<time>2026-09-22T14:46:30.907Z</time>
			</trkpt>
			<trkpt lat="47.25736" lon="10.89992">
				<ele>664.96</ele>
				<time>2026-09-22T14:46:32.037Z</time>
			</trkpt>
			<trkpt lat="47.2575" lon="10.90016">
				<ele>664.5</ele>
				<time>2026-09-22T14:46:33.309Z</time>
			</trkpt>
			<trkpt lat="47.25765" lon="10.90036">
				<ele>663.49</ele>
				<time>2026-09-22T14:46:34.510Z</time>
			</trkpt>
			<trkpt lat="47.25807" lon="10.9007">
				<ele>663.02</ele>
				<time>2026-09-22T14:46:37.363Z</time>
			</trkpt>
			<trkpt lat="47.25828" lon="10.90091">
				<ele>663.42</ele>
				<time>2026-09-22T14:46:38.879Z</time>
			</trkpt>
			<trkpt lat="47.25849" lon="10.90121">
				<ele>664.39</ele>
				<time>2026-09-22T14:46:40.631Z</time>
			</trkpt>
			<trkpt lat="47.2586" lon="10.9013">
				<ele>664.68</ele>
				<time>2026-09-22T14:46:41.386Z</time>
			</trkpt>
			<trkpt lat="47.25874" lon="10.90134">
				<ele>664.6</ele>
				<time>2026-09-22T14:46:42.243Z</time>
			</trkpt>
			<trkpt lat="47.2588" lon="10.90138">
				<ele>664.98</ele>
				<time>2026-09-22T14:46:42.639Z</time>
			</trkpt>
			<trkpt lat="47.25885" lon="10.90144">
				<ele>665.39</ele>
				<time>2026-09-22T14:46:43.027Z</time>
			</trkpt>
			<trkpt lat="47.25898" lon="10.90167">
				<ele>667.73</ele>
				<time>2026-09-22T14:46:44.252Z</time>
			</trkpt>
			<trkpt lat="47.25922" lon="10.90194">
				<ele>672.24</ele>
				<time>2026-09-22T14:46:46.077Z</time>
			</trkpt>
			<trkpt lat="47.25931" lon="10.90213">
				<ele>673.92</ele>
				<time>2026-09-22T14:46:47.029Z</time>
			</trkpt>
			<trkpt lat="47.25945" lon="10.90269">
				<ele>673.76</ele>
				<time>2026-09-22T14:46:49.490Z</time>
			</trkpt>
			<trkpt lat="47.25956" lon="10.90326">
				<ele>670.71</ele>
				<time>2026-09-22T14:46:51.932Z</time>
			</trkpt>
			<trkpt lat="47.25965" lon="10.90389">
				<ele>669.71</ele>
				<time>2026-09-22T14:46:54.507Z</time>
			</trkpt>
			<trkpt lat="47.26025" lon="10.90631">
				<ele>685.4</ele>
				<time>2026-09-22T14:47:04.084Z</time>
			</trkpt>
			<trkpt lat="47.26106" lon="10.90983">
				<ele>676.22</ele>
				<time>2026-09-22T14:47:16.966Z</time>
			</trkpt>
			<trkpt lat="47.26143" lon="10.91242">
				<ele>681.76</ele>
				<time>2026-09-22T14:47:26.495Z</time>
			</trkpt>
			<trkpt lat="47.26181" lon="10.91558">
				<ele>673.57</ele>
				<time>2026-09-22T14:47:39.673Z</time>
			</trkpt>
			<trkpt lat="47.26183" lon="10.91604">
				<ele>668.09</ele>
				<time>2026-09-22T14:47:41.786Z</time>
			</trkpt>
			<trkpt lat="47.2618" lon="10.91621">
				<ele>666.96</ele>
				<time>2026-09-22T14:47:42.608Z</time>
			</trkpt>
			<trkpt lat="47.26318" lon="10.92064">
				<ele>665.3</ele>
				<time>2026-09-22T14:48:10.193Z</time>
			</trkpt>
			<trkpt lat="47.26361" lon="10.92198">
				<ele>663.85</ele>
				<time>2026-09-22T14:48:22.408Z</time>
			</trkpt>
			<trkpt lat="47.264" lon="10.92297">
				<ele>661.58</ele>
				<time>2026-09-22T14:48:32.336Z</time>
			</trkpt>
			<trkpt lat="47.26469" lon="10.92452">
				<ele>658.36</ele>
				<time>2026-09-22T14:48:47.972Z</time>
			</trkpt>
			<trkpt lat="47.26476" lon="10.92471">
				<ele>658.68</ele>
				<time>2026-09-22T14:48:49.762Z</time>
			</trkpt>
			<trkpt lat="47.26481" lon="10.92493">
				<ele>658.33</ele>
				<time>2026-09-22T14:48:51.675Z</time>
			</trkpt>
			<trkpt lat="47.26496" lon="10.9258">
				<ele>656.92</ele>
				<time>2026-09-22T14:48:59.000Z</time>
			</trkpt>
			<trkpt lat="47.26504" lon="10.92616">
				<ele>656.69</ele>
				<time>2026-09-22T14:49:02.057Z</time>
			</trkpt>
			<trkpt lat="47.2652" lon="10.92669">
				<ele>655.97</ele>
				<time>2026-09-22T14:49:06.699Z</time>
			</trkpt>
			<trkpt lat="47.26539" lon="10.92715">
				<ele>656</ele>
				<time>2026-09-22T14:49:10.967Z</time>
			</trkpt>
			<trkpt lat="47.2656" lon="10.92749">
				<ele>656.99</ele>
				<time>2026-09-22T14:49:14.580Z</time>
			</trkpt>
			<trkpt lat="47.26572" lon="10.92777">
				<ele>657</ele>
				<time>2026-09-22T14:49:17.165Z</time>
			</trkpt>
			<trkpt lat="47.26586" lon="10.9282">
				<ele>655.37</ele>
				<time>2026-09-22T14:49:20.863Z</time>
			</trkpt>
			<trkpt lat="47.26609" lon="10.92924">
				<ele>652</ele>
				<time>2026-09-22T14:49:29.235Z</time>
			</trkpt>
			<trkpt lat="47.26663" lon="10.9311">
				<ele>651.12</ele>
				<time>2026-09-22T14:49:44.341Z</time>
			</trkpt>
			<trkpt lat="47.26673" lon="10.93141">
				<ele>650.76</ele>
				<time>2026-09-22T14:49:46.858Z</time>
			</trkpt>
			<trkpt lat="47.26705" lon="10.93204">
				<ele>651</ele>
				<time>2026-09-22T14:49:52.580Z</time>
			</trkpt>
			<trkpt lat="47.26721" lon="10.93241">
				<ele>651</ele>
				<time>2026-09-22T14:49:55.742Z</time>
			</trkpt>
			<trkpt lat="47.26809" lon="10.93566">
				<ele>649.43</ele>
				<time>2026-09-22T14:50:20.291Z</time>
			</trkpt>
			<trkpt lat="47.2684" lon="10.9369">
				<ele>648.09</ele>
				<time>2026-09-22T14:50:29.284Z</time>
			</trkpt>
			<trkpt lat="47.2689" lon="10.93938">
				<ele>647.01</ele>
				<time>2026-09-22T14:50:46.515Z</time>
			</trkpt>
			<trkpt lat="47.26921" lon="10.94095">
				<ele>645.93</ele>
				<time>2026-09-22T14:50:57.184Z</time>
			</trkpt>
			<trkpt lat="47.2694" lon="10.94174">
				<ele>646.12</ele>
				<time>2026-09-22T14:51:02.596Z</time>
			</trkpt>
			<trkpt lat="47.26958" lon="10.94234">
				<ele>645.48</ele>
				<time>2026-09-22T14:51:06.808Z</time>
			</trkpt>
			<trkpt lat="47.26983" lon="10.94302">
				<ele>645.65</ele>
				<time>2026-09-22T14:51:11.748Z</time>
			</trkpt>
			<trkpt lat="47.27073" lon="10.94523">
				<ele>643.5</ele>
				<time>2026-09-22T14:51:28.047Z</time>
			</trkpt>
			<trkpt lat="47.27097" lon="10.94602">
				<ele>644.53</ele>
				<time>2026-09-22T14:51:33.474Z</time>
			</trkpt>
			<trkpt lat="47.2711" lon="10.94657">
				<ele>647.63</ele>
				<time>2026-09-22T14:51:37.117Z</time>
			</trkpt>
			<trkpt lat="47.27119" lon="10.94706">
				<ele>646.66</ele>
				<time>2026-09-22T14:51:40.286Z</time>
			</trkpt>
			<trkpt lat="47.27214" lon="10.95353">
				<ele>642.73</ele>
				<time>2026-09-22T14:52:21.474Z</time>
			</trkpt>
			<trkpt lat="47.27225" lon="10.95405">
				<ele>642.4</ele>
				<time>2026-09-22T14:52:24.879Z</time>
			</trkpt>
			<trkpt lat="47.27238" lon="10.95454">
				<ele>642.72</ele>
				<time>2026-09-22T14:52:28.173Z</time>
			</trkpt>
			<trkpt lat="47.27253" lon="10.955">
				<ele>644.1</ele>
				<time>2026-09-22T14:52:31.375Z</time>
			</trkpt>
			<trkpt lat="47.27269" lon="10.95543">
				<ele>643.44</ele>
				<time>2026-09-22T14:52:34.459Z</time>
			</trkpt>
			<trkpt lat="47.27292" lon="10.95591">
				<ele>642.7</ele>
				<time>2026-09-22T14:52:38.164Z</time>
			</trkpt>
			<trkpt lat="47.27364" lon="10.95721">
				<ele>643.13</ele>
				<time>2026-09-22T14:52:48.809Z</time>
			</trkpt>
			<trkpt lat="47.2747" lon="10.95942">
				<ele>642.84</ele>
				<time>2026-09-22T14:53:06.239Z</time>
			</trkpt>
			<trkpt lat="47.2746" lon="10.95949">
				<ele>642.21</ele>
				<time>2026-09-22T14:53:07.302Z</time>
			</trkpt>
			<trkpt lat="47.27446" lon="10.95963">
				<ele>641.8</ele>
				<time>2026-09-22T14:53:08.930Z</time>
			</trkpt>
			<trkpt lat="47.2744" lon="10.95987">
				<ele>642.28</ele>
				<time>2026-09-22T14:53:10.603Z</time>
			</trkpt>
			<trkpt lat="47.27439" lon="10.96003">
				<ele>642.65</ele>
				<time>2026-09-22T14:53:11.656Z</time>
			</trkpt>
			<trkpt lat="47.27441" lon="10.96019">
				<ele>642.82</ele>
				<time>2026-09-22T14:53:12.724Z</time>
			</trkpt>
			<trkpt lat="47.27446" lon="10.96032">
				<ele>642.68</ele>
				<time>2026-09-22T14:53:13.706Z</time>
			</trkpt>
			<trkpt lat="47.27453" lon="10.96042">
				<ele>642.13</ele>
				<time>2026-09-22T14:53:14.652Z</time>
			</trkpt>
			<trkpt lat="47.27461" lon="10.96048">
				<ele>641.94</ele>
				<time>2026-09-22T14:53:15.524Z</time>
			</trkpt>
			<trkpt lat="47.2747" lon="10.96051">
				<ele>642.08</ele>
				<time>2026-09-22T14:53:16.422Z</time>
			</trkpt>
			<trkpt lat="47.27479" lon="10.96051">
				<ele>641.86</ele>
				<time>2026-09-22T14:53:17.299Z</time>
			</trkpt>
			<trkpt lat="47.2749" lon="10.96046">
				<ele>641.65</ele>
				<time>2026-09-22T14:53:18.422Z</time>
			</trkpt>
			<trkpt lat="47.27509" lon="10.96032">
				<ele>641.54</ele>
				<time>2026-09-22T14:53:20.499Z</time>
			</trkpt>
			<trkpt lat="47.27541" lon="10.96004">
				<ele>640.05</ele>
				<time>2026-09-22T14:53:24.155Z</time>
			</trkpt>
			<trkpt lat="47.27595" lon="10.95958">
				<ele>641.35</ele>
				<time>2026-09-22T14:53:30.330Z</time>
			</trkpt>
			<trkpt lat="47.27621" lon="10.9593">
				<ele>643.37</ele>
				<time>2026-09-22T14:53:33.543Z</time>
			</trkpt>
			<trkpt lat="47.27632" lon="10.95909">
				<ele>643.62</ele>
				<time>2026-09-22T14:53:35.347Z</time>
			</trkpt>
			<trkpt lat="47.27639" lon="10.95899">
				<ele>643.39</ele>
				<time>2026-09-22T14:53:36.327Z</time>
			</trkpt>
			<trkpt lat="47.27671" lon="10.95927">
				<ele>643.32</ele>
				<time>2026-09-22T14:53:40.081Z</time>
			</trkpt>
			<trkpt lat="47.27688" lon="10.95951">
				<ele>642.22</ele>
				<time>2026-09-22T14:53:42.468Z</time>
			</trkpt>
			<trkpt lat="47.27717" lon="10.96">
				<ele>644.01</ele>
				<time>2026-09-22T14:53:46.965Z</time>
			</trkpt>
			<trkpt lat="47.27736" lon="10.96026">
				<ele>644.45</ele>
				<time>2026-09-22T14:53:49.612Z</time>
			</trkpt>
			<trkpt lat="47.27747" lon="10.96039">
				<ele>644.04</ele>
				<time>2026-09-22T14:53:51.052Z</time>
			</trkpt>
			<trkpt lat="47.2776" lon="10.96053">
				<ele>643.96</ele>
				<time>2026-09-22T14:53:52.698Z</time>
			</trkpt>
			<trkpt lat="47.27827" lon="10.96109">
				<ele>648.18</ele>
				<time>2026-09-22T14:54:00.578Z</time>
			</trkpt>
			<trkpt lat="47.2785" lon="10.96055">
				<ele>646.74</ele>
				<time>2026-09-22T14:54:05.006Z</time>
			</trkpt>
			<trkpt lat="47.27865" lon="10.96027">
				<ele>645.81</ele>
				<time>2026-09-22T14:54:07.484Z</time>
			</trkpt>
			<trkpt lat="47.27885" lon="10.95997">
				<ele>648.08</ele>
				<time>2026-09-22T14:54:10.405Z</time>
			</trkpt>
			<trkpt lat="47.27975" lon="10.95876">
				<ele>657.55</ele>
				<time>2026-09-22T14:54:23.083Z</time>
			</trkpt>
			<trkpt lat="47.27996" lon="10.95856">
				<ele>662.24</ele>
				<time>2026-09-22T14:54:25.756Z</time>
			</trkpt>
			<trkpt lat="47.28015" lon="10.95846">
				<ele>663.86</ele>
				<time>2026-09-22T14:54:27.902Z</time>
			</trkpt>
			<trkpt lat="47.28029" lon="10.95843">
				<ele>665.59</ele>
				<time>2026-09-22T14:54:29.394Z</time>
			</trkpt>
			<trkpt lat="47.28055" lon="10.95845">
				<ele>668.65</ele>
				<time>2026-09-22T14:54:32.096Z</time>
			</trkpt>
			<trkpt lat="47.28087" lon="10.95856">
				<ele>671.17</ele>
				<time>2026-09-22T14:54:35.389Z</time>
			</trkpt>
			<trkpt lat="47.28151" lon="10.95884">
				<ele>671.62</ele>
				<time>2026-09-22T14:54:41.517Z</time>
			</trkpt>
			<trkpt lat="47.28192" lon="10.95895">
				<ele>682.7</ele>
				<time>2026-09-22T14:54:45.165Z</time>
			</trkpt>
			<trkpt lat="47.28202" lon="10.95895">
				<ele>682.86</ele>
				<time>2026-09-22T14:54:46.036Z</time>
			</trkpt>
			<trkpt lat="47.28225" lon="10.95893">
				<ele>682.5</ele>
				<time>2026-09-22T14:54:48.036Z</time>
			</trkpt>
			<trkpt lat="47.28244" lon="10.95888">
				<ele>683.35</ele>
				<time>2026-09-22T14:54:49.704Z</time>
			</trkpt>
			<trkpt lat="47.28327" lon="10.95846">
				<ele>688.86</ele>
				<time>2026-09-22T14:54:57.211Z</time>
			</trkpt>
			<trkpt lat="47.28346" lon="10.95841">
				<ele>689.15</ele>
				<time>2026-09-22T14:54:58.845Z</time>
			</trkpt>
			<trkpt lat="47.28394" lon="10.95836">
				<ele>695.24</ele>
				<time>2026-09-22T14:55:02.893Z</time>
			</trkpt>
			<trkpt lat="47.28626" lon="10.95817">
				<ele>701.94</ele>
				<time>2026-09-22T14:55:21.934Z</time>
			</trkpt>
			<trkpt lat="47.28649" lon="10.95814">
				<ele>702.52</ele>
				<time>2026-09-22T14:55:23.782Z</time>
			</trkpt>
			<trkpt lat="47.2867" lon="10.95806">
				<ele>703.37</ele>
				<time>2026-09-22T14:55:25.511Z</time>
			</trkpt>
			<trkpt lat="47.28689" lon="10.95792">
				<ele>702.38</ele>
				<time>2026-09-22T14:55:27.199Z</time>
			</trkpt>
			<trkpt lat="47.28705" lon="10.95776">
				<ele>701.47</ele>
				<time>2026-09-22T14:55:28.729Z</time>
			</trkpt>
			<trkpt lat="47.28717" lon="10.95758">
				<ele>701.56</ele>
				<time>2026-09-22T14:55:30.079Z</time>
			</trkpt>
			<trkpt lat="47.28726" lon="10.9574">
				<ele>701.55</ele>
				<time>2026-09-22T14:55:31.273Z</time>
			</trkpt>
			<trkpt lat="47.28752" lon="10.95669">
				<ele>700.1</ele>
				<time>2026-09-22T14:55:35.552Z</time>
			</trkpt>
			<trkpt lat="47.28759" lon="10.95654">
				<ele>700.2</ele>
				<time>2026-09-22T14:55:36.513Z</time>
			</trkpt>
			<trkpt lat="47.28768" lon="10.95642">
				<ele>700.08</ele>
				<time>2026-09-22T14:55:37.454Z</time>
			</trkpt>
			<trkpt lat="47.28788" lon="10.95624">
				<ele>700.36</ele>
				<time>2026-09-22T14:55:39.267Z</time>
			</trkpt>
			<trkpt lat="47.28807" lon="10.9562">
				<ele>700.61</ele>
				<time>2026-09-22T14:55:40.746Z</time>
			</trkpt>
			<trkpt lat="47.28819" lon="10.95622">
				<ele>700.54</ele>
				<time>2026-09-22T14:55:41.675Z</time>
			</trkpt>
			<trkpt lat="47.28837" lon="10.95635">
				<ele>701.38</ele>
				<time>2026-09-22T14:55:43.211Z</time>
			</trkpt>
			<trkpt lat="47.28843" lon="10.95643">
				<ele>702.01</ele>
				<time>2026-09-22T14:55:43.830Z</time>
			</trkpt>
			<trkpt lat="47.28855" lon="10.95669">
				<ele>704.02</ele>
				<time>2026-09-22T14:55:45.458Z</time>
			</trkpt>
			<trkpt lat="47.28859" lon="10.95697">
				<ele>704.25</ele>
				<time>2026-09-22T14:55:46.934Z</time>
			</trkpt>
			<trkpt lat="47.28858" lon="10.95715">
				<ele>705.67</ele>
				<time>2026-09-22T14:55:47.864Z</time>
			</trkpt>
			<trkpt lat="47.2885" lon="10.95742">
				<ele>709.54</ele>
				<time>2026-09-22T14:55:49.376Z</time>
			</trkpt>
			<trkpt lat="47.28843" lon="10.95756">
				<ele>713.03</ele>
				<time>2026-09-22T14:55:50.266Z</time>
			</trkpt>
			<trkpt lat="47.28837" lon="10.95762">
				<ele>715.65</ele>
				<time>2026-09-22T14:55:50.813Z</time>
			</trkpt>
			<trkpt lat="47.28823" lon="10.95776">
				<ele>718.6</ele>
				<time>2026-09-22T14:55:52.085Z</time>
			</trkpt>
			<trkpt lat="47.2881" lon="10.95785">
				<ele>719.92</ele>
				<time>2026-09-22T14:55:53.163Z</time>
			</trkpt>
			<trkpt lat="47.28759" lon="10.95809">
				<ele>717.62</ele>
				<time>2026-09-22T14:55:57.158Z</time>
			</trkpt>
			<trkpt lat="47.28725" lon="10.95832">
				<ele>718.46</ele>
				<time>2026-09-22T14:55:59.930Z</time>
			</trkpt>
			<trkpt lat="47.28704" lon="10.9585">
				<ele>721.48</ele>
				<time>2026-09-22T14:56:01.722Z</time>
			</trkpt>
			<trkpt lat="47.28633" lon="10.95919">
				<ele>727.32</ele>
				<time>2026-09-22T14:56:07.944Z</time>
			</trkpt>
			<trkpt lat="47.28605" lon="10.95937">
				<ele>731.04</ele>
				<time>2026-09-22T14:56:10.161Z</time>
			</trkpt>
			<trkpt lat="47.28584" lon="10.95947">
				<ele>731.55</ele>
				<time>2026-09-22T14:56:11.756Z</time>
			</trkpt>
			<trkpt lat="47.28498" lon="10.95982">
				<ele>740.78</ele>
				<time>2026-09-22T14:56:18.156Z</time>
			</trkpt>
			<trkpt lat="47.28467" lon="10.95999">
				<ele>743.32</ele>
				<time>2026-09-22T14:56:20.509Z</time>
			</trkpt>
			<trkpt lat="47.28447" lon="10.96017">
				<ele>743.33</ele>
				<time>2026-09-22T14:56:22.170Z</time>
			</trkpt>
			<trkpt lat="47.28432" lon="10.96038">
				<ele>743.95</ele>
				<time>2026-09-22T14:56:23.632Z</time>
			</trkpt>
			<trkpt lat="47.28419" lon="10.96068">
				<ele>744.69</ele>
				<time>2026-09-22T14:56:25.333Z</time>
			</trkpt>
			<trkpt lat="47.2841" lon="10.96101">
				<ele>747.28</ele>
				<time>2026-09-22T14:56:27.029Z</time>
			</trkpt>
			<trkpt lat="47.28408" lon="10.96129">
				<ele>750.68</ele>
				<time>2026-09-22T14:56:28.367Z</time>
			</trkpt>
			<trkpt lat="47.28409" lon="10.96158">
				<ele>753.62</ele>
				<time>2026-09-22T14:56:29.744Z</time>
			</trkpt>
			<trkpt lat="47.28413" lon="10.96181">
				<ele>755.31</ele>
				<time>2026-09-22T14:56:30.867Z</time>
			</trkpt>
			<trkpt lat="47.28419" lon="10.962">
				<ele>756.18</ele>
				<time>2026-09-22T14:56:31.857Z</time>
			</trkpt>
			<trkpt lat="47.28429" lon="10.96223">
				<ele>757</ele>
				<time>2026-09-22T14:56:33.145Z</time>
			</trkpt>
			<trkpt lat="47.28447" lon="10.96255">
				<ele>759.73</ele>
				<time>2026-09-22T14:56:35.099Z</time>
			</trkpt>
			<trkpt lat="47.28495" lon="10.96324">
				<ele>756.16</ele>
				<time>2026-09-22T14:56:39.719Z</time>
			</trkpt>
			<trkpt lat="47.28515" lon="10.96358">
				<ele>759.93</ele>
				<time>2026-09-22T14:56:41.812Z</time>
			</trkpt>
			<trkpt lat="47.28532" lon="10.96391">
				<ele>763.94</ele>
				<time>2026-09-22T14:56:43.733Z</time>
			</trkpt>
			<trkpt lat="47.28566" lon="10.96475">
				<ele>770.97</ele>
				<time>2026-09-22T14:56:48.245Z</time>
			</trkpt>
			<trkpt lat="47.286" lon="10.96557">
				<ele>770.85</ele>
				<time>2026-09-22T14:56:52.649Z</time>
			</trkpt>
			<trkpt lat="47.28623" lon="10.96597">
				<ele>779.75</ele>
				<time>2026-09-22T14:56:55.041Z</time>
			</trkpt>
			<trkpt lat="47.28648" lon="10.96631">
				<ele>785.66</ele>
				<time>2026-09-22T14:56:57.320Z</time>
			</trkpt>
			<trkpt lat="47.28685" lon="10.96664">
				<ele>782.35</ele>
				<time>2026-09-22T14:57:00.209Z</time>
			</trkpt>
			<trkpt lat="47.28718" lon="10.96683">
				<ele>781.26</ele>
				<time>2026-09-22T14:57:02.568Z</time>
			</trkpt>
			<trkpt lat="47.28758" lon="10.96696">
				<ele>786.42</ele>
				<time>2026-09-22T14:57:05.286Z</time>
			</trkpt>
			<trkpt lat="47.28891" lon="10.9672">
				<ele>791.87</ele>
				<time>2026-09-22T14:57:14.123Z</time>
			</trkpt>
			<trkpt lat="47.28917" lon="10.96727">
				<ele>792.23</ele>
				<time>2026-09-22T14:57:15.857Z</time>
			</trkpt>
			<trkpt lat="47.28946" lon="10.96738">
				<ele>793.66</ele>
				<time>2026-09-22T14:57:17.817Z</time>
			</trkpt>
			<trkpt lat="47.29" lon="10.96766">
				<ele>794.95</ele>
				<time>2026-09-22T14:57:21.556Z</time>
			</trkpt>
			<trkpt lat="47.29304" lon="10.96935">
				<ele>809.58</ele>
				<time>2026-09-22T14:57:42.597Z</time>
			</trkpt>
			<trkpt lat="47.29355" lon="10.96959">
				<ele>808.59</ele>
				<time>2026-09-22T14:57:46.045Z</time>
			</trkpt>
			<trkpt lat="47.29386" lon="10.96969">
				<ele>809.11</ele>
				<time>2026-09-22T14:57:48.087Z</time>
			</trkpt>
			<trkpt lat="47.29435" lon="10.96975">
				<ele>810.93</ele>
				<time>2026-09-22T14:57:51.249Z</time>
			</trkpt>
			<trkpt lat="47.29483" lon="10.96971">
				<ele>810.62</ele>
				<time>2026-09-22T14:57:54.340Z</time>
			</trkpt>
			<trkpt lat="47.29514" lon="10.96962">
				<ele>810.17</ele>
				<time>2026-09-22T14:57:56.371Z</time>
			</trkpt>
			<trkpt lat="47.29533" lon="10.96955">
				<ele>809.76</ele>
				<time>2026-09-22T14:57:57.631Z</time>
			</trkpt>
			<trkpt lat="47.29563" lon="10.9694">
				<ele>809.1</ele>
				<time>2026-09-22T14:57:59.667Z</time>
			</trkpt>
			<trkpt lat="47.29602" lon="10.96913">
				<ele>813.61</ele>
				<time>2026-09-22T14:58:02.438Z</time>
			</trkpt>
			<trkpt lat="47.2962" lon="10.96896">
				<ele>815.44</ele>
				<time>2026-09-22T14:58:03.813Z</time>
			</trkpt>
			<trkpt lat="47.29632" lon="10.96885">
				<ele>816.32</ele>
				<time>2026-09-22T14:58:04.722Z</time>
			</trkpt>
			<trkpt lat="47.29668" lon="10.96843">
				<ele>819.88</ele>
				<time>2026-09-22T14:58:07.677Z</time>
			</trkpt>
			<trkpt lat="47.29705" lon="10.96783">
				<ele>820.15</ele>
				<time>2026-09-22T14:58:11.221Z</time>
			</trkpt>
			<trkpt lat="47.29723" lon="10.96747">
				<ele>823.73</ele>
				<time>2026-09-22T14:58:13.177Z</time>
			</trkpt>
			<trkpt lat="47.29745" lon="10.96689">
				<ele>832.48</ele>
				<time>2026-09-22T14:58:16.087Z</time>
			</trkpt>
			<trkpt lat="47.29753" lon="10.96658">
				<ele>831.74</ele>
				<time>2026-09-22T14:58:17.541Z</time>
			</trkpt>
			<trkpt lat="47.29793" lon="10.9649">
				<ele>823.48</ele>
				<time>2026-09-22T14:58:25.365Z</time>
			</trkpt>
			<trkpt lat="47.29845" lon="10.96254">
				<ele>837.96</ele>
				<time>2026-09-22T14:58:36.344Z</time>
			</trkpt>
			<trkpt lat="47.29865" lon="10.96202">
				<ele>838.24</ele>
				<time>2026-09-22T14:58:39.005Z</time>
			</trkpt>
			<trkpt lat="47.29886" lon="10.96174">
				<ele>838.25</ele>
				<time>2026-09-22T14:58:40.868Z</time>
			</trkpt>
			<trkpt lat="47.29899" lon="10.96163">
				<ele>839.09</ele>
				<time>2026-09-22T14:58:41.855Z</time>
			</trkpt>
			<trkpt lat="47.29915" lon="10.96156">
				<ele>840.49</ele>
				<time>2026-09-22T14:58:42.956Z</time>
			</trkpt>
			<trkpt lat="47.2993" lon="10.96152">
				<ele>843.17</ele>
				<time>2026-09-22T14:58:43.962Z</time>
			</trkpt>
			<trkpt lat="47.29959" lon="10.96157">
				<ele>849.95</ele>
				<time>2026-09-22T14:58:45.893Z</time>
			</trkpt>
			<trkpt lat="47.29974" lon="10.96165">
				<ele>853.98</ele>
				<time>2026-09-22T14:58:46.950Z</time>
			</trkpt>
			<trkpt lat="47.30024" lon="10.96207">
				<ele>859.84</ele>
				<time>2026-09-22T14:58:50.773Z</time>
			</trkpt>
			<trkpt lat="47.30045" lon="10.96222">
				<ele>861.65</ele>
				<time>2026-09-22T14:58:52.329Z</time>
			</trkpt>
			<trkpt lat="47.30067" lon="10.9623">
				<ele>862.42</ele>
				<time>2026-09-22T14:58:53.842Z</time>
			</trkpt>
			<trkpt lat="47.30132" lon="10.96246">
				<ele>867.48</ele>
				<time>2026-09-22T14:58:58.260Z</time>
			</trkpt>
			<trkpt lat="47.30205" lon="10.96285">
				<ele>868.95</ele>
				<time>2026-09-22T14:59:03.500Z</time>
			</trkpt>
			<trkpt lat="47.30219" lon="10.96289">
				<ele>869.92</ele>
				<time>2026-09-22T14:59:04.467Z</time>
			</trkpt>
			<trkpt lat="47.30244" lon="10.96289">
				<ele>872.15</ele>
				<time>2026-09-22T14:59:06.165Z</time>
			</trkpt>
			<trkpt lat="47.30257" lon="10.96287">
				<ele>873.07</ele>
				<time>2026-09-22T14:59:07.055Z</time>
			</trkpt>
			<trkpt lat="47.30278" lon="10.96276">
				<ele>873.97</ele>
				<time>2026-09-22T14:59:08.575Z</time>
			</trkpt>
			<trkpt lat="47.30308" lon="10.96251">
				<ele>872.77</ele>
				<time>2026-09-22T14:59:10.931Z</time>
			</trkpt>
			<trkpt lat="47.3034" lon="10.96214">
				<ele>875.05</ele>
				<time>2026-09-22T14:59:13.723Z</time>
			</trkpt>
			<trkpt lat="47.30345" lon="10.9621">
				<ele>875.67</ele>
				<time>2026-09-22T14:59:14.115Z</time>
			</trkpt>
			<trkpt lat="47.30356" lon="10.96197">
				<ele>877.51</ele>
				<time>2026-09-22T14:59:15.087Z</time>
			</trkpt>
			<trkpt lat="47.30361" lon="10.96194">
				<ele>877.95</ele>
				<time>2026-09-22T14:59:15.459Z</time>
			</trkpt>
			<trkpt lat="47.3037" lon="10.96192">
				<ele>878.02</ele>
				<time>2026-09-22T14:59:16.088Z</time>
			</trkpt>
			<trkpt lat="47.30375" lon="10.96184">
				<ele>878.18</ele>
				<time>2026-09-22T14:59:16.598Z</time>
			</trkpt>
			<trkpt lat="47.30376" lon="10.96177">
				<ele>878.34</ele>
				<time>2026-09-22T14:59:16.933Z</time>
			</trkpt>
			<trkpt lat="47.30375" lon="10.96167">
				<ele>878.49</ele>
				<time>2026-09-22T14:59:17.407Z</time>
			</trkpt>
			<trkpt lat="47.3037" lon="10.96159">
				<ele>878.33</ele>
				<time>2026-09-22T14:59:17.919Z</time>
			</trkpt>
			<trkpt lat="47.30363" lon="10.96156">
				<ele>878.09</ele>
				<time>2026-09-22T14:59:18.424Z</time>
			</trkpt>
			<trkpt lat="47.3036" lon="10.96157">
				<ele>878</ele>
				<time>2026-09-22T14:59:18.637Z</time>
			</trkpt>
			<trkpt lat="47.30345" lon="10.96141">
				<ele>878</ele>
				<time>2026-09-22T14:59:19.923Z</time>
			</trkpt>
			<trkpt lat="47.30322" lon="10.96098">
				<ele>879.21</ele>
				<time>2026-09-22T14:59:22.511Z</time>
			</trkpt>
			<trkpt lat="47.30307" lon="10.96076">
				<ele>881.12</ele>
				<time>2026-09-22T14:59:23.991Z</time>
			</trkpt>
			<trkpt lat="47.30254" lon="10.96011">
				<ele>882</ele>
				<time>2026-09-22T14:59:28.839Z</time>
			</trkpt>
			<trkpt lat="47.30235" lon="10.95979">
				<ele>882.72</ele>
				<time>2026-09-22T14:59:30.881Z</time>
			</trkpt>
			<trkpt lat="47.30222" lon="10.95949">
				<ele>882.99</ele>
				<time>2026-09-22T14:59:32.595Z</time>
			</trkpt>
			<trkpt lat="47.30208" lon="10.95911">
				<ele>884.56</ele>
				<time>2026-09-22T14:59:34.685Z</time>
			</trkpt>
			<trkpt lat="47.30191" lon="10.95836">
				<ele>888.52</ele>
				<time>2026-09-22T14:59:38.529Z</time>
			</trkpt>
			<trkpt lat="47.30162" lon="10.95716">
				<ele>886.26</ele>
				<time>2026-09-22T14:59:44.780Z</time>
			</trkpt>
			<trkpt lat="47.30126" lon="10.95616">
				<ele>884.42</ele>
				<time>2026-09-22T14:59:50.365Z</time>
			</trkpt>
			<trkpt lat="47.30114" lon="10.95575">
				<ele>886.95</ele>
				<time>2026-09-22T14:59:52.570Z</time>
			</trkpt>
			<trkpt lat="47.30111" lon="10.95559">
				<ele>886.99</ele>
				<time>2026-09-22T14:59:53.390Z</time>
			</trkpt>
			<trkpt lat="47.30043" lon="10.95149">
				<ele>905.5</ele>
				<time>2026-09-22T15:00:14.322Z</time>
			</trkpt>
			<trkpt lat="47.30037" lon="10.95108">
				<ele>908.81</ele>
				<time>2026-09-22T15:00:16.409Z</time>
			</trkpt>
			<trkpt lat="47.30035" lon="10.95063">
				<ele>914.83</ele>
				<time>2026-09-22T15:00:18.655Z</time>
			</trkpt>
			<trkpt lat="47.30033" lon="10.94994">
				<ele>916.59</ele>
				<time>2026-09-22T15:00:22.098Z</time>
			</trkpt>
			<trkpt lat="47.3003" lon="10.94851">
				<ele>915.21</ele>
				<time>2026-09-22T15:00:29.242Z</time>
			</trkpt>
			<trkpt lat="47.30026" lon="10.94824">
				<ele>917.7</ele>
				<time>2026-09-22T15:00:30.624Z</time>
			</trkpt>
			<trkpt lat="47.30019" lon="10.94794">
				<ele>922.78</ele>
				<time>2026-09-22T15:00:32.211Z</time>
			</trkpt>
			<trkpt lat="47.3001" lon="10.94772">
				<ele>925.07</ele>
				<time>2026-09-22T15:00:33.497Z</time>
			</trkpt>
			<trkpt lat="47.29988" lon="10.94727">
				<ele>927.83</ele>
				<time>2026-09-22T15:00:36.275Z</time>
			</trkpt>
			<trkpt lat="47.29924" lon="10.94613">
				<ele>926.56</ele>
				<time>2026-09-22T15:00:43.697Z</time>
			</trkpt>
			<trkpt lat="47.29913" lon="10.9459">
				<ele>926.4</ele>
				<time>2026-09-22T15:00:45.110Z</time>
			</trkpt>
			<trkpt lat="47.29905" lon="10.94565">
				<ele>927.71</ele>
				<time>2026-09-22T15:00:46.499Z</time>
			</trkpt>
			<trkpt lat="47.29896" lon="10.94526">
				<ele>932.01</ele>
				<time>2026-09-22T15:00:48.570Z</time>
			</trkpt>
			<trkpt lat="47.29886" lon="10.94496">
				<ele>937.2</ele>
				<time>2026-09-22T15:00:50.251Z</time>
			</trkpt>
			<trkpt lat="47.29856" lon="10.94423">
				<ele>946.04</ele>
				<time>2026-09-22T15:00:54.547Z</time>
			</trkpt>
			<trkpt lat="47.29852" lon="10.94407">
				<ele>946.73</ele>
				<time>2026-09-22T15:00:55.406Z</time>
			</trkpt>
			<trkpt lat="47.29849" lon="10.94381">
				<ele>946.92</ele>
				<time>2026-09-22T15:00:56.735Z</time>
			</trkpt>
			<trkpt lat="47.29848" lon="10.94272">
				<ele>946.9</ele>
				<time>2026-09-22T15:01:02.233Z</time>
			</trkpt>
			<trkpt lat="47.29841" lon="10.94166">
				<ele>956.11</ele>
				<time>2026-09-22T15:01:07.614Z</time>
			</trkpt>
			<trkpt lat="47.29841" lon="10.94118">
				<ele>957.69</ele>
				<time>2026-09-22T15:01:10.041Z</time>
			</trkpt>
			<trkpt lat="47.29844" lon="10.94078">
				<ele>959.73</ele>
				<time>2026-09-22T15:01:12.077Z</time>
			</trkpt>
			<trkpt lat="47.29853" lon="10.94021">
				<ele>963.61</ele>
				<time>2026-09-22T15:01:15.041Z</time>
			</trkpt>
			<trkpt lat="47.29859" lon="10.93968">
				<ele>968.89</ele>
				<time>2026-09-22T15:01:17.764Z</time>
			</trkpt>
			<trkpt lat="47.29856" lon="10.93923">
				<ele>971.33</ele>
				<time>2026-09-22T15:01:20.057Z</time>
			</trkpt>
			<trkpt lat="47.29857" lon="10.93891">
				<ele>971.84</ele>
				<time>2026-09-22T15:01:21.683Z</time>
			</trkpt>
			<trkpt lat="47.29879" lon="10.93751">
				<ele>976.97</ele>
				<time>2026-09-22T15:01:28.983Z</time>
			</trkpt>
			<trkpt lat="47.29899" lon="10.93591">
				<ele>976.29</ele>
				<time>2026-09-22T15:01:37.265Z</time>
			</trkpt>
			<trkpt lat="47.29901" lon="10.93547">
				<ele>974.67</ele>
				<time>2026-09-22T15:01:39.513Z</time>
			</trkpt>
			<trkpt lat="47.29894" lon="10.93366">
				<ele>973.8</ele>
				<time>2026-09-22T15:01:48.769Z</time>
			</trkpt>
			<trkpt lat="47.29892" lon="10.93326">
				<ele>974.79</ele>
				<time>2026-09-22T15:01:50.819Z</time>
			</trkpt>
			<trkpt lat="47.29884" lon="10.93268">
				<ele>977.2</ele>
				<time>2026-09-22T15:01:53.847Z</time>
			</trkpt>
			<trkpt lat="47.29876" lon="10.93225">
				<ele>978.41</ele>
				<time>2026-09-22T15:01:56.130Z</time>
			</trkpt>
			<trkpt lat="47.2985" lon="10.93138">
				<ele>980.02</ele>
				<time>2026-09-22T15:02:01.002Z</time>
			</trkpt>
			<trkpt lat="47.29829" lon="10.93072">
				<ele>982.38</ele>
				<time>2026-09-22T15:02:04.741Z</time>
			</trkpt>
			<trkpt lat="47.29815" lon="10.93019">
				<ele>986.06</ele>
				<time>2026-09-22T15:02:07.661Z</time>
			</trkpt>
			<trkpt lat="47.29804" lon="10.92956">
				<ele>986.95</ele>
				<time>2026-09-22T15:02:11.003Z</time>
			</trkpt>
			<trkpt lat="47.29799" lon="10.92908">
				<ele>988.13</ele>
				<time>2026-09-22T15:02:13.500Z</time>
			</trkpt>
			<trkpt lat="47.29798" lon="10.9288">
				<ele>989.28</ele>
				<time>2026-09-22T15:02:14.942Z</time>
			</trkpt>
			<trkpt lat="47.29799" lon="10.92808">
				<ele>990.08</ele>
				<time>2026-09-22T15:02:18.649Z</time>
			</trkpt>
			<trkpt lat="47.29804" lon="10.92745">
				<ele>988.96</ele>
				<time>2026-09-22T15:02:21.916Z</time>
			</trkpt>
			<trkpt lat="47.29815" lon="10.92649">
				<ele>991.59</ele>
				<time>2026-09-22T15:02:26.936Z</time>
			</trkpt>
			<trkpt lat="47.29823" lon="10.92596">
				<ele>992.9</ele>
				<time>2026-09-22T15:02:29.738Z</time>
			</trkpt>
			<trkpt lat="47.29834" lon="10.92548">
				<ele>991.8</ele>
				<time>2026-09-22T15:02:32.355Z</time>
			</trkpt>
			<trkpt lat="47.29855" lon="10.92472">
				<ele>994.34</ele>
				<time>2026-09-22T15:02:36.596Z</time>
			</trkpt>
			<trkpt lat="47.29881" lon="10.92398">
				<ele>994.26</ele>
				<time>2026-09-22T15:02:40.907Z</time>
			</trkpt>
			<trkpt lat="47.2993" lon="10.92284">
				<ele>998.83</ele>
				<time>2026-09-22T15:02:47.898Z</time>
			</trkpt>
			<trkpt lat="47.29958" lon="10.92212">
				<ele>1001.14</ele>
				<time>2026-09-22T15:02:52.202Z</time>
			</trkpt>
			<trkpt lat="47.29983" lon="10.9213">
				<ele>1001.59</ele>
				<time>2026-09-22T15:02:56.869Z</time>
			</trkpt>
			<trkpt lat="47.29989" lon="10.92106">
				<ele>1002</ele>
				<time>2026-09-22T15:02:58.198Z</time>
			</trkpt>
			<trkpt lat="47.3" lon="10.92054">
				<ele>1002</ele>
				<time>2026-09-22T15:03:01.029Z</time>
			</trkpt>
			<trkpt lat="47.30008" lon="10.91993">
				<ele>1002.83</ele>
				<time>2026-09-22T15:03:04.260Z</time>
			</trkpt>
			<trkpt lat="47.30039" lon="10.91699">
				<ele>1013.6</ele>
				<time>2026-09-22T15:03:19.762Z</time>
			</trkpt>
			<trkpt lat="47.30044" lon="10.91576">
				<ele>1018.59</ele>
				<time>2026-09-22T15:03:26.197Z</time>
			</trkpt>
			<trkpt lat="47.30044" lon="10.91506">
				<ele>1019.08</ele>
				<time>2026-09-22T15:03:29.856Z</time>
			</trkpt>
			<trkpt lat="47.3004" lon="10.91411">
				<ele>1021.19</ele>
				<time>2026-09-22T15:03:34.836Z</time>
			</trkpt>
			<trkpt lat="47.30032" lon="10.91362">
				<ele>1023.88</ele>
				<time>2026-09-22T15:03:37.475Z</time>
			</trkpt>
			<trkpt lat="47.30019" lon="10.91308">
				<ele>1028.35</ele>
				<time>2026-09-22T15:03:40.477Z</time>
			</trkpt>
			<trkpt lat="47.30006" lon="10.91246">
				<ele>1028.71</ele>
				<time>2026-09-22T15:03:43.879Z</time>
			</trkpt>
			<trkpt lat="47.30003" lon="10.91228">
				<ele>1028.28</ele>
				<time>2026-09-22T15:03:44.851Z</time>
			</trkpt>
			<trkpt lat="47.30001" lon="10.91197">
				<ele>1027.22</ele>
				<time>2026-09-22T15:03:46.484Z</time>
			</trkpt>
			<trkpt lat="47.30001" lon="10.91141">
				<ele>1029.89</ele>
				<time>2026-09-22T15:03:49.423Z</time>
			</trkpt>
			<trkpt lat="47.29997" lon="10.91057">
				<ele>1035.22</ele>
				<time>2026-09-22T15:03:53.845Z</time>
			</trkpt>
			<trkpt lat="47.29998" lon="10.91017">
				<ele>1038.68</ele>
				<time>2026-09-22T15:03:55.948Z</time>
			</trkpt>
			<trkpt lat="47.30007" lon="10.90951">
				<ele>1044.99</ele>
				<time>2026-09-22T15:03:59.487Z</time>
			</trkpt>
			<trkpt lat="47.3002" lon="10.90891">
				<ele>1048.89</ele>
				<time>2026-09-22T15:04:02.801Z</time>
			</trkpt>
			<trkpt lat="47.30032" lon="10.90856">
				<ele>1049.35</ele>
				<time>2026-09-22T15:04:04.865Z</time>
			</trkpt>
			<trkpt lat="47.30063" lon="10.90793">
				<ele>1054.72</ele>
				<time>2026-09-22T15:04:08.964Z</time>
			</trkpt>
			<trkpt lat="47.3011" lon="10.90714">
				<ele>1058.93</ele>
				<time>2026-09-22T15:04:14.503Z</time>
			</trkpt>
			<trkpt lat="47.30127" lon="10.90677">
				<ele>1059.81</ele>
				<time>2026-09-22T15:04:16.861Z</time>
			</trkpt>
			<trkpt lat="47.30182" lon="10.90486">
				<ele>1071.43</ele>
				<time>2026-09-22T15:04:27.818Z</time>
			</trkpt>
			<trkpt lat="47.30184" lon="10.90471">
				<ele>1074.2</ele>
				<time>2026-09-22T15:04:28.626Z</time>
			</trkpt>
			<trkpt lat="47.30196" lon="10.90345">
				<ele>1089.1</ele>
				<time>2026-09-22T15:04:35.355Z</time>
			</trkpt>
			<trkpt lat="47.30206" lon="10.90284">
				<ele>1092.22</ele>
				<time>2026-09-22T15:04:38.677Z</time>
			</trkpt>
			<trkpt lat="47.3022" lon="10.90237">
				<ele>1091.22</ele>
				<time>2026-09-22T15:04:41.396Z</time>
			</trkpt>
			<trkpt lat="47.30229" lon="10.90211">
				<ele>1091.12</ele>
				<time>2026-09-22T15:04:42.943Z</time>
			</trkpt>
			<trkpt lat="47.30239" lon="10.90191">
				<ele>1091.54</ele>
				<time>2026-09-22T15:04:44.259Z</time>
			</trkpt>
			<trkpt lat="47.30265" lon="10.90141">
				<ele>1093.63</ele>
				<time>2026-09-22T15:04:47.600Z</time>
			</trkpt>
			<trkpt lat="47.30277" lon="10.90123">
				<ele>1094.17</ele>
				<time>2026-09-22T15:04:48.938Z</time>
			</trkpt>
			<trkpt lat="47.30317" lon="10.90051">
				<ele>1095.8</ele>
				<time>2026-09-22T15:04:53.877Z</time>
			</trkpt>
			<trkpt lat="47.30367" lon="10.89937">
				<ele>1104.88</ele>
				<time>2026-09-22T15:05:01.087Z</time>
			</trkpt>
			<trkpt lat="47.3038" lon="10.89901">
				<ele>1110.23</ele>
				<time>2026-09-22T15:05:03.255Z</time>
			</trkpt>
			<trkpt lat="47.30385" lon="10.89878">
				<ele>1112.39</ele>
				<time>2026-09-22T15:05:04.539Z</time>
			</trkpt>
			<trkpt lat="47.30393" lon="10.89818">
				<ele>1116.36</ele>
				<time>2026-09-22T15:05:07.790Z</time>
			</trkpt>
			<trkpt lat="47.30402" lon="10.89773">
				<ele>1116.56</ele>
				<time>2026-09-22T15:05:10.287Z</time>
			</trkpt>
			<trkpt lat="47.30415" lon="10.89731">
				<ele>1113.17</ele>
				<time>2026-09-22T15:05:12.744Z</time>
			</trkpt>
			<trkpt lat="47.30449" lon="10.89654">
				<ele>1114.73</ele>
				<time>2026-09-22T15:05:17.637Z</time>
			</trkpt>
			<trkpt lat="47.30492" lon="10.89538">
				<ele>1118.54</ele>
				<time>2026-09-22T15:05:24.682Z</time>
			</trkpt>
			<trkpt lat="47.30505" lon="10.89488">
				<ele>1118</ele>
				<time>2026-09-22T15:05:27.539Z</time>
			</trkpt>
			<trkpt lat="47.30564" lon="10.8918">
				<ele>1117.67</ele>
				<time>2026-09-22T15:05:44.632Z</time>
			</trkpt>
			<trkpt lat="47.30579" lon="10.89117">
				<ele>1118.85</ele>
				<time>2026-09-22T15:05:48.203Z</time>
			</trkpt>
			<trkpt lat="47.30592" lon="10.89073">
				<ele>1120.08</ele>
				<time>2026-09-22T15:05:50.771Z</time>
			</trkpt>
			<trkpt lat="47.30614" lon="10.89024">
				<ele>1120.12</ele>
				<time>2026-09-22T15:05:53.917Z</time>
			</trkpt>
			<trkpt lat="47.3065" lon="10.88967">
				<ele>1121.09</ele>
				<time>2026-09-22T15:05:58.088Z</time>
			</trkpt>
			<trkpt lat="47.30687" lon="10.88914">
				<ele>1117.62</ele>
				<time>2026-09-22T15:06:02.164Z</time>
			</trkpt>
			<trkpt lat="47.30811" lon="10.88745">
				<ele>1107.01</ele>
				<time>2026-09-22T15:06:15.520Z</time>
			</trkpt>
			<trkpt lat="47.30829" lon="10.8871">
				<ele>1108.32</ele>
				<time>2026-09-22T15:06:17.878Z</time>
			</trkpt>
			<trkpt lat="47.30848" lon="10.88649">
				<ele>1108.24</ele>
				<time>2026-09-22T15:06:21.484Z</time>
			</trkpt>
			<trkpt lat="47.30863" lon="10.88589">
				<ele>1101.7</ele>
				<time>2026-09-22T15:06:24.920Z</time>
			</trkpt>
			<trkpt lat="47.30867" lon="10.88569">
				<ele>1098.67</ele>
				<time>2026-09-22T15:06:26.040Z</time>
			</trkpt>
			<trkpt lat="47.30869" lon="10.88552">
				<ele>1096.35</ele>
				<time>2026-09-22T15:06:26.968Z</time>
			</trkpt>
			<trkpt lat="47.3087" lon="10.88509">
				<ele>1092.69</ele>
				<time>2026-09-22T15:06:29.281Z</time>
			</trkpt>
			<trkpt lat="47.30846" lon="10.88367">
				<ele>1086.42</ele>
				<time>2026-09-22T15:06:37.153Z</time>
			</trkpt>
			<trkpt lat="47.3084" lon="10.88318">
				<ele>1086.47</ele>
				<time>2026-09-22T15:06:39.833Z</time>
			</trkpt>
			<trkpt lat="47.30833" lon="10.88242">
				<ele>1082.54</ele>
				<time>2026-09-22T15:06:43.963Z</time>
			</trkpt>
			<trkpt lat="47.30831" lon="10.8814">
				<ele>1088.05</ele>
				<time>2026-09-22T15:06:49.460Z</time>
			</trkpt>
			<trkpt lat="47.30833" lon="10.88079">
				<ele>1084.98</ele>
				<time>2026-09-22T15:06:52.751Z</time>
			</trkpt>
			<trkpt lat="47.30844" lon="10.87924">
				<ele>1082.21</ele>
				<time>2026-09-22T15:07:01.156Z</time>
			</trkpt>
			<trkpt lat="47.30843" lon="10.87817">
				<ele>1078.83</ele>
				<time>2026-09-22T15:07:06.932Z</time>
			</trkpt>
			<trkpt lat="47.30837" lon="10.87755">
				<ele>1081.17</ele>
				<time>2026-09-22T15:07:10.313Z</time>
			</trkpt>
			<trkpt lat="47.30827" lon="10.87682">
				<ele>1084.85</ele>
				<time>2026-09-22T15:07:14.336Z</time>
			</trkpt>
			<trkpt lat="47.30813" lon="10.87621">
				<ele>1086.22</ele>
				<time>2026-09-22T15:07:17.816Z</time>
			</trkpt>
			<trkpt lat="47.30798" lon="10.87566">
				<ele>1087.35</ele>
				<time>2026-09-22T15:07:21.020Z</time>
			</trkpt>
			<trkpt lat="47.30776" lon="10.87501">
				<ele>1088.24</ele>
				<time>2026-09-22T15:07:24.948Z</time>
			</trkpt>
			<trkpt lat="47.3075" lon="10.87442">
				<ele>1082.75</ele>
				<time>2026-09-22T15:07:28.754Z</time>
			</trkpt>
			<trkpt lat="47.30711" lon="10.87358">
				<ele>1076.78</ele>
				<time>2026-09-22T15:07:34.263Z</time>
			</trkpt>
			<trkpt lat="47.30667" lon="10.87272">
				<ele>1069.68</ele>
				<time>2026-09-22T15:07:40.096Z</time>
			</trkpt>
			<trkpt lat="47.30644" lon="10.87214">
				<ele>1067.12</ele>
				<time>2026-09-22T15:07:43.735Z</time>
			</trkpt>
			<trkpt lat="47.30624" lon="10.87142">
				<ele>1067.02</ele>
				<time>2026-09-22T15:07:47.950Z</time>
			</trkpt>
			<trkpt lat="47.30608" lon="10.8706">
				<ele>1066.83</ele>
				<time>2026-09-22T15:07:52.575Z</time>
			</trkpt>
			<trkpt lat="47.30602" lon="10.87015">
				<ele>1066.17</ele>
				<time>2026-09-22T15:07:55.062Z</time>
			</trkpt>
			<trkpt lat="47.30598" lon="10.86963">
				<ele>1065.28</ele>
				<time>2026-09-22T15:07:57.900Z</time>
			</trkpt>
			<trkpt lat="47.30597" lon="10.86898">
				<ele>1062.15</ele>
				<time>2026-09-22T15:08:01.426Z</time>
			</trkpt>
			<trkpt lat="47.30599" lon="10.86843">
				<ele>1057.95</ele>
				<time>2026-09-22T15:08:04.414Z</time>
			</trkpt>
			<trkpt lat="47.30605" lon="10.8679">
				<ele>1054.01</ele>
				<time>2026-09-22T15:08:07.330Z</time>
			</trkpt>
			<trkpt lat="47.30612" lon="10.86747">
				<ele>1050.99</ele>
				<time>2026-09-22T15:08:09.731Z</time>
			</trkpt>
			<trkpt lat="47.30627" lon="10.86676">
				<ele>1052.8</ele>
				<time>2026-09-22T15:08:13.768Z</time>
			</trkpt>
			<trkpt lat="47.30639" lon="10.86636">
				<ele>1051.77</ele>
				<time>2026-09-22T15:08:16.143Z</time>
			</trkpt>
			<trkpt lat="47.30663" lon="10.86571">
				<ele>1048.94</ele>
				<time>2026-09-22T15:08:20.163Z</time>
			</trkpt>
			<trkpt lat="47.30687" lon="10.86515">
				<ele>1050</ele>
				<time>2026-09-22T15:08:23.762Z</time>
			</trkpt>
			<trkpt lat="47.30796" lon="10.86277">
				<ele>1042.72</ele>
				<time>2026-09-22T15:08:39.376Z</time>
			</trkpt>
			<trkpt lat="47.30818" lon="10.86224">
				<ele>1034.92</ele>
				<time>2026-09-22T15:08:42.756Z</time>
			</trkpt>
			<trkpt lat="47.30831" lon="10.86186">
				<ele>1029.82</ele>
				<time>2026-09-22T15:08:45.072Z</time>
			</trkpt>
			<trkpt lat="47.30837" lon="10.86162">
				<ele>1029.64</ele>
				<time>2026-09-22T15:08:46.464Z</time>
			</trkpt>
			<trkpt lat="47.3084" lon="10.86127">
				<ele>1030.69</ele>
				<time>2026-09-22T15:08:48.383Z</time>
			</trkpt>
			<trkpt lat="47.3084" lon="10.86104">
				<ele>1030.88</ele>
				<time>2026-09-22T15:08:49.635Z</time>
			</trkpt>
			<trkpt lat="47.30838" lon="10.86086">
				<ele>1030.41</ele>
				<time>2026-09-22T15:08:50.628Z</time>
			</trkpt>
			<trkpt lat="47.30833" lon="10.86063">
				<ele>1030.03</ele>
				<time>2026-09-22T15:08:51.942Z</time>
			</trkpt>
			<trkpt lat="47.30825" lon="10.86037">
				<ele>1028.83</ele>
				<time>2026-09-22T15:08:53.497Z</time>
			</trkpt>
			<trkpt lat="47.30817" lon="10.86018">
				<ele>1027.69</ele>
				<time>2026-09-22T15:08:54.714Z</time>
			</trkpt>
			<trkpt lat="47.30805" lon="10.85999">
				<ele>1027.02</ele>
				<time>2026-09-22T15:08:56.128Z</time>
			</trkpt>
			<trkpt lat="47.3079" lon="10.85982">
				<ele>1025.41</ele>
				<time>2026-09-22T15:08:57.647Z</time>
			</trkpt>
			<trkpt lat="47.30769" lon="10.85967">
				<ele>1022.19</ele>
				<time>2026-09-22T15:08:59.521Z</time>
			</trkpt>
			<trkpt lat="47.30744" lon="10.85957">
				<ele>1016.99</ele>
				<time>2026-09-22T15:09:01.601Z</time>
			</trkpt>
			<trkpt lat="47.30713" lon="10.85953">
				<ele>1011.98</ele>
				<time>2026-09-22T15:09:04.100Z</time>
			</trkpt>
			<trkpt lat="47.30657" lon="10.85952">
				<ele>1009.72</ele>
				<time>2026-09-22T15:09:08.600Z</time>
			</trkpt>
			<trkpt lat="47.30609" lon="10.85948">
				<ele>1012.93</ele>
				<time>2026-09-22T15:09:12.463Z</time>
			</trkpt>
			<trkpt lat="47.30544" lon="10.85935">
				<ele>1006.75</ele>
				<time>2026-09-22T15:09:17.735Z</time>
			</trkpt>
			<trkpt lat="47.30505" lon="10.85922">
				<ele>1008.26</ele>
				<time>2026-09-22T15:09:20.949Z</time>
			</trkpt>
			<trkpt lat="47.30464" lon="10.85905">
				<ele>1008.3</ele>
				<time>2026-09-22T15:09:24.374Z</time>
			</trkpt>
			<trkpt lat="47.30422" lon="10.85882">
				<ele>998.91</ele>
				<time>2026-09-22T15:09:27.976Z</time>
			</trkpt>
			<trkpt lat="47.30336" lon="10.85825">
				<ele>982.25</ele>
				<time>2026-09-22T15:09:35.560Z</time>
			</trkpt>
			<trkpt lat="47.303" lon="10.85805">
				<ele>987.07</ele>
				<time>2026-09-22T15:09:38.655Z</time>
			</trkpt>
			<trkpt lat="47.30283" lon="10.85798">
				<ele>990.04</ele>
				<time>2026-09-22T15:09:40.075Z</time>
			</trkpt>
			<trkpt lat="47.30255" lon="10.85793">
				<ele>991.66</ele>
				<time>2026-09-22T15:09:42.345Z</time>
			</trkpt>
			<trkpt lat="47.30216" lon="10.85797">
				<ele>989.24</ele>
				<time>2026-09-22T15:09:45.491Z</time>
			</trkpt>
			<trkpt lat="47.30194" lon="10.85805">
				<ele>986.85</ele>
				<time>2026-09-22T15:09:47.314Z</time>
			</trkpt>
			<trkpt lat="47.30175" lon="10.85815">
				<ele>984.93</ele>
				<time>2026-09-22T15:09:48.938Z</time>
			</trkpt>
			<trkpt lat="47.30143" lon="10.85841">
				<ele>984.18</ele>
				<time>2026-09-22T15:09:51.879Z</time>
			</trkpt>
			<trkpt lat="47.30122" lon="10.85856">
				<ele>983.37</ele>
				<time>2026-09-22T15:09:53.757Z</time>
			</trkpt>
			<trkpt lat="47.30106" lon="10.85865">
				<ele>982.96</ele>
				<time>2026-09-22T15:09:55.136Z</time>
			</trkpt>
			<trkpt lat="47.3009" lon="10.85866">
				<ele>982.11</ele>
				<time>2026-09-22T15:09:56.425Z</time>
			</trkpt>
			<trkpt lat="47.3008" lon="10.85863">
				<ele>981.02</ele>
				<time>2026-09-22T15:09:57.247Z</time>
			</trkpt>
			<trkpt lat="47.30065" lon="10.85852">
				<ele>980.61</ele>
				<time>2026-09-22T15:09:58.595Z</time>
			</trkpt>
			<trkpt lat="47.30056" lon="10.85842">
				<ele>980.15</ele>
				<time>2026-09-22T15:09:59.503Z</time>
			</trkpt>
			<trkpt lat="47.30048" lon="10.85823">
				<ele>980.61</ele>
				<time>2026-09-22T15:10:00.724Z</time>
			</trkpt>
			<trkpt lat="47.30042" lon="10.85795">
				<ele>979.32</ele>
				<time>2026-09-22T15:10:02.327Z</time>
			</trkpt>
			<trkpt lat="47.30044" lon="10.85762">
				<ele>975.32</ele>
				<time>2026-09-22T15:10:04.136Z</time>
			</trkpt>
			<trkpt lat="47.30049" lon="10.85744">
				<ele>971.89</ele>
				<time>2026-09-22T15:10:05.199Z</time>
			</trkpt>
			<trkpt lat="47.30063" lon="10.85721">
				<ele>968.72</ele>
				<time>2026-09-22T15:10:06.887Z</time>
			</trkpt>
			<trkpt lat="47.30073" lon="10.85712">
				<ele>967.82</ele>
				<time>2026-09-22T15:10:07.830Z</time>
			</trkpt>
			<trkpt lat="47.30087" lon="10.85706">
				<ele>966.11</ele>
				<time>2026-09-22T15:10:09.004Z</time>
			</trkpt>
			<trkpt lat="47.30115" lon="10.85699">
				<ele>964.52</ele>
				<time>2026-09-22T15:10:11.292Z</time>
			</trkpt>
			<trkpt lat="47.30143" lon="10.85691">
				<ele>964.25</ele>
				<time>2026-09-22T15:10:13.589Z</time>
			</trkpt>
			<trkpt lat="47.30194" lon="10.85662">
				<ele>966.02</ele>
				<time>2026-09-22T15:10:17.992Z</time>
			</trkpt>
			<trkpt lat="47.30226" lon="10.85646">
				<ele>964.88</ele>
				<time>2026-09-22T15:10:20.714Z</time>
			</trkpt>
			<trkpt lat="47.30271" lon="10.85632">
				<ele>958.97</ele>
				<time>2026-09-22T15:10:24.419Z</time>
			</trkpt>
			<trkpt lat="47.30322" lon="10.85629">
				<ele>953.25</ele>
				<time>2026-09-22T15:10:28.531Z</time>
			</trkpt>
			<trkpt lat="47.30374" lon="10.85639">
				<ele>948.65</ele>
				<time>2026-09-22T15:10:32.757Z</time>
			</trkpt>
			<trkpt lat="47.30417" lon="10.85657">
				<ele>944.43</ele>
				<time>2026-09-22T15:10:36.359Z</time>
			</trkpt>
			<trkpt lat="47.30439" lon="10.8567">
				<ele>945.91</ele>
				<time>2026-09-22T15:10:38.269Z</time>
			</trkpt>
			<trkpt lat="47.30525" lon="10.85736">
				<ele>951</ele>
				<time>2026-09-22T15:10:46.082Z</time>
			</trkpt>
			<trkpt lat="47.30547" lon="10.85745">
				<ele>949.08</ele>
				<time>2026-09-22T15:10:47.923Z</time>
			</trkpt>
			<trkpt lat="47.30565" lon="10.85743">
				<ele>947.94</ele>
				<time>2026-09-22T15:10:49.377Z</time>
			</trkpt>
			<trkpt lat="47.30577" lon="10.85738">
				<ele>947.46</ele>
				<time>2026-09-22T15:10:50.383Z</time>
			</trkpt>
			<trkpt lat="47.30594" lon="10.85718">
				<ele>945.05</ele>
				<time>2026-09-22T15:10:52.135Z</time>
			</trkpt>
			<trkpt lat="47.30603" lon="10.85696">
				<ele>941.71</ele>
				<time>2026-09-22T15:10:53.540Z</time>
			</trkpt>
			<trkpt lat="47.30606" lon="10.8568">
				<ele>939.13</ele>
				<time>2026-09-22T15:10:54.447Z</time>
			</trkpt>
			<trkpt lat="47.30607" lon="10.85661">
				<ele>935.89</ele>
				<time>2026-09-22T15:10:55.489Z</time>
			</trkpt>
			<trkpt lat="47.30605" lon="10.85648">
				<ele>934.22</ele>
				<time>2026-09-22T15:10:56.217Z</time>
			</trkpt>
			<trkpt lat="47.30599" lon="10.85624">
				<ele>931.66</ele>
				<time>2026-09-22T15:10:57.615Z</time>
			</trkpt>
			<trkpt lat="47.30587" lon="10.85606">
				<ele>930.26</ele>
				<time>2026-09-22T15:10:58.995Z</time>
			</trkpt>
			<trkpt lat="47.30579" lon="10.85597">
				<ele>929.48</ele>
				<time>2026-09-22T15:10:59.806Z</time>
			</trkpt>
			<trkpt lat="47.30558" lon="10.85586">
				<ele>928.29</ele>
				<time>2026-09-22T15:11:01.603Z</time>
			</trkpt>
			<trkpt lat="47.30412" lon="10.85561">
				<ele>919.88</ele>
				<time>2026-09-22T15:11:13.452Z</time>
			</trkpt>
			<trkpt lat="47.30356" lon="10.85546">
				<ele>922</ele>
				<time>2026-09-22T15:11:18.040Z</time>
			</trkpt>
			<trkpt lat="47.30317" lon="10.85531">
				<ele>918.8</ele>
				<time>2026-09-22T15:11:21.289Z</time>
			</trkpt>
			<trkpt lat="47.30257" lon="10.85502">
				<ele>912.53</ele>
				<time>2026-09-22T15:11:26.379Z</time>
			</trkpt>
			<trkpt lat="47.30193" lon="10.8546">
				<ele>907.71</ele>
				<time>2026-09-22T15:11:32.027Z</time>
			</trkpt>
			<trkpt lat="47.30122" lon="10.85406">
				<ele>903.93</ele>
				<time>2026-09-22T15:11:38.467Z</time>
			</trkpt>
			<trkpt lat="47.29672" lon="10.85049">
				<ele>873.8</ele>
				<time>2026-09-22T15:12:19.649Z</time>
			</trkpt>
			<trkpt lat="47.29605" lon="10.8499">
				<ele>867.44</ele>
				<time>2026-09-22T15:12:25.936Z</time>
			</trkpt>
			<trkpt lat="47.29581" lon="10.84966">
				<ele>862.77</ele>
				<time>2026-09-22T15:12:28.272Z</time>
			</trkpt>
			<trkpt lat="47.29561" lon="10.8494">
				<ele>860.56</ele>
				<time>2026-09-22T15:12:30.420Z</time>
			</trkpt>
			<trkpt lat="47.29535" lon="10.84897">
				<ele>862.18</ele>
				<time>2026-09-22T15:12:33.566Z</time>
			</trkpt>
			<trkpt lat="47.29515" lon="10.84858">
				<ele>863.15</ele>
				<time>2026-09-22T15:12:36.237Z</time>
			</trkpt>
			<trkpt lat="47.29495" lon="10.84809">
				<ele>860.69</ele>
				<time>2026-09-22T15:12:39.360Z</time>
			</trkpt>
			<trkpt lat="47.29483" lon="10.84772">
				<ele>856.43</ele>
				<time>2026-09-22T15:12:41.600Z</time>
			</trkpt>
			<trkpt lat="47.29472" lon="10.84731">
				<ele>854.94</ele>
				<time>2026-09-22T15:12:44.008Z</time>
			</trkpt>
			<trkpt lat="47.29449" lon="10.84621">
				<ele>847.18</ele>
				<time>2026-09-22T15:12:50.293Z</time>
			</trkpt>
			<trkpt lat="47.29433" lon="10.84557">
				<ele>842.57</ele>
				<time>2026-09-22T15:12:54.016Z</time>
			</trkpt>
			<trkpt lat="47.29418" lon="10.84512">
				<ele>838.19</ele>
				<time>2026-09-22T15:12:56.753Z</time>
			</trkpt>
			<trkpt lat="47.29392" lon="10.84455">
				<ele>835.34</ele>
				<time>2026-09-22T15:13:00.502Z</time>
			</trkpt>
			<trkpt lat="47.29366" lon="10.84415">
				<ele>833.55</ele>
				<time>2026-09-22T15:13:03.526Z</time>
			</trkpt>
			<trkpt lat="47.29347" lon="10.84392">
				<ele>833.13</ele>
				<time>2026-09-22T15:13:05.504Z</time>
			</trkpt>
			<trkpt lat="47.29313" lon="10.8436">
				<ele>828.22</ele>
				<time>2026-09-22T15:13:08.748Z</time>
			</trkpt>
			<trkpt lat="47.2926" lon="10.84317">
				<ele>823.51</ele>
				<time>2026-09-22T15:13:13.614Z</time>
			</trkpt>
			<trkpt lat="47.29238" lon="10.84292">
				<ele>821.52</ele>
				<time>2026-09-22T15:13:15.848Z</time>
			</trkpt>
			<trkpt lat="47.29228" lon="10.84279">
				<ele>820.22</ele>
				<time>2026-09-22T15:13:16.920Z</time>
			</trkpt>
			<trkpt lat="47.29219" lon="10.84262">
				<ele>818.61</ele>
				<time>2026-09-22T15:13:18.096Z</time>
			</trkpt>
			<trkpt lat="47.29211" lon="10.84234">
				<ele>817.41</ele>
				<time>2026-09-22T15:13:19.753Z</time>
			</trkpt>
			<trkpt lat="47.29207" lon="10.84213">
				<ele>816.59</ele>
				<time>2026-09-22T15:13:20.942Z</time>
			</trkpt>
			<trkpt lat="47.29208" lon="10.84178">
				<ele>815.19</ele>
				<time>2026-09-22T15:13:22.853Z</time>
			</trkpt>
			<trkpt lat="47.29214" lon="10.84149">
				<ele>813.89</ele>
				<time>2026-09-22T15:13:24.506Z</time>
			</trkpt>
			<trkpt lat="47.2922" lon="10.84134">
				<ele>812.78</ele>
				<time>2026-09-22T15:13:25.455Z</time>
			</trkpt>
			<trkpt lat="47.29232" lon="10.84114">
				<ele>810.48</ele>
				<time>2026-09-22T15:13:26.911Z</time>
			</trkpt>
			<trkpt lat="47.29251" lon="10.84092">
				<ele>807.65</ele>
				<time>2026-09-22T15:13:28.852Z</time>
			</trkpt>
			<trkpt lat="47.29265" lon="10.84084">
				<ele>807.06</ele>
				<time>2026-09-22T15:13:30.059Z</time>
			</trkpt>
			<trkpt lat="47.29281" lon="10.8408">
				<ele>806.83</ele>
				<time>2026-09-22T15:13:31.363Z</time>
			</trkpt>
			<trkpt lat="47.29308" lon="10.84084">
				<ele>807.03</ele>
				<time>2026-09-22T15:13:33.544Z</time>
			</trkpt>
			<trkpt lat="47.29324" lon="10.8409">
				<ele>807.27</ele>
				<time>2026-09-22T15:13:34.870Z</time>
			</trkpt>
			<trkpt lat="47.29359" lon="10.84116">
				<ele>808.36</ele>
				<time>2026-09-22T15:13:38.018Z</time>
			</trkpt>
			<trkpt lat="47.29432" lon="10.84177">
				<ele>810.37</ele>
				<time>2026-09-22T15:13:44.758Z</time>
			</trkpt>
			<trkpt lat="47.29513" lon="10.84238">
				<ele>813.71</ele>
				<time>2026-09-22T15:13:52.060Z</time>
			</trkpt>
			<trkpt lat="47.29622" lon="10.84303">
				<ele>814.8</ele>
				<time>2026-09-22T15:14:01.495Z</time>
			</trkpt>
			<trkpt lat="47.29702" lon="10.8434">
				<ele>812.25</ele>
				<time>2026-09-22T15:14:08.219Z</time>
			</trkpt>
			<trkpt lat="47.29733" lon="10.84351">
				<ele>813.05</ele>
				<time>2026-09-22T15:14:10.776Z</time>
			</trkpt>
			<trkpt lat="47.29825" lon="10.84378">
				<ele>814</ele>
				<time>2026-09-22T15:14:18.294Z</time>
			</trkpt>
			<trkpt lat="47.29909" lon="10.84395">
				<ele>813.25</ele>
				<time>2026-09-22T15:14:25.087Z</time>
			</trkpt>
			<trkpt lat="47.29973" lon="10.84399">
				<ele>813.55</ele>
				<time>2026-09-22T15:14:30.217Z</time>
			</trkpt>
			<trkpt lat="47.30036" lon="10.84399">
				<ele>812.12</ele>
				<time>2026-09-22T15:14:35.260Z</time>
			</trkpt>
			<trkpt lat="47.30106" lon="10.84394">
				<ele>815.67</ele>
				<time>2026-09-22T15:14:40.868Z</time>
			</trkpt>
			<trkpt lat="47.30156" lon="10.84386">
				<ele>816</ele>
				<time>2026-09-22T15:14:44.891Z</time>
			</trkpt>
			<trkpt lat="47.30211" lon="10.84369">
				<ele>818.55</ele>
				<time>2026-09-22T15:14:49.385Z</time>
			</trkpt>
			<trkpt lat="47.3026" lon="10.84347">
				<ele>820.48</ele>
				<time>2026-09-22T15:14:53.479Z</time>
			</trkpt>
			<trkpt lat="47.30292" lon="10.84329">
				<ele>818.93</ele>
				<time>2026-09-22T15:14:56.216Z</time>
			</trkpt>
			<trkpt lat="47.30353" lon="10.84287">
				<ele>820.81</ele>
				<time>2026-09-22T15:15:01.594Z</time>
			</trkpt>
			<trkpt lat="47.30381" lon="10.84264">
				<ele>821.47</ele>
				<time>2026-09-22T15:15:04.153Z</time>
			</trkpt>
			<trkpt lat="47.3042" lon="10.84226">
				<ele>822</ele>
				<time>2026-09-22T15:15:07.885Z</time>
			</trkpt>
			<trkpt lat="47.30446" lon="10.84198">
				<ele>822.07</ele>
				<time>2026-09-22T15:15:10.455Z</time>
			</trkpt>
			<trkpt lat="47.30495" lon="10.84135">
				<ele>824.82</ele>
				<time>2026-09-22T15:15:15.641Z</time>
			</trkpt>
			<trkpt lat="47.30534" lon="10.84073">
				<ele>824.58</ele>
				<time>2026-09-22T15:15:20.215Z</time>
			</trkpt>
			<trkpt lat="47.3057" lon="10.84006">
				<ele>824</ele>
				<time>2026-09-22T15:15:24.836Z</time>
			</trkpt>
			<trkpt lat="47.30596" lon="10.83948">
				<ele>822.23</ele>
				<time>2026-09-22T15:15:28.592Z</time>
			</trkpt>
			<trkpt lat="47.30643" lon="10.83832">
				<ele>837.61</ele>
				<time>2026-09-22T15:15:35.890Z</time>
			</trkpt>
			<trkpt lat="47.30668" lon="10.83776">
				<ele>839.95</ele>
				<time>2026-09-22T15:15:39.509Z</time>
			</trkpt>
			<trkpt lat="47.30693" lon="10.83733">
				<ele>841.82</ele>
				<time>2026-09-22T15:15:42.565Z</time>
			</trkpt>
			<trkpt lat="47.30749" lon="10.83664">
				<ele>845.03</ele>
				<time>2026-09-22T15:15:48.369Z</time>
			</trkpt>
			<trkpt lat="47.30818" lon="10.83605">
				<ele>848.3</ele>
				<time>2026-09-22T15:15:54.708Z</time>
			</trkpt>
			<trkpt lat="47.30897" lon="10.83569">
				<ele>851.46</ele>
				<time>2026-09-22T15:16:01.276Z</time>
			</trkpt>
			<trkpt lat="47.30985" lon="10.83549">
				<ele>854.86</ele>
				<time>2026-09-22T15:16:08.343Z</time>
			</trkpt>
			<trkpt lat="47.31022" lon="10.8354">
				<ele>839.77</ele>
				<time>2026-09-22T15:16:11.318Z</time>
			</trkpt>
			<trkpt lat="47.31043" lon="10.83532">
				<ele>838.72</ele>
				<time>2026-09-22T15:16:13.038Z</time>
			</trkpt>
			<trkpt lat="47.31081" lon="10.8351">
				<ele>841.11</ele>
				<time>2026-09-22T15:16:16.274Z</time>
			</trkpt>
			<trkpt lat="47.31099" lon="10.83497">
				<ele>842.75</ele>
				<time>2026-09-22T15:16:17.863Z</time>
			</trkpt>
			<trkpt lat="47.31121" lon="10.83479">
				<ele>843.58</ele>
				<time>2026-09-22T15:16:19.856Z</time>
			</trkpt>
			<trkpt lat="47.31144" lon="10.83454">
				<ele>843.48</ele>
				<time>2026-09-22T15:16:22.120Z</time>
			</trkpt>
			<trkpt lat="47.31169" lon="10.83422">
				<ele>842.53</ele>
				<time>2026-09-22T15:16:24.741Z</time>
			</trkpt>
			<trkpt lat="47.31185" lon="10.83398">
				<ele>836.58</ele>
				<time>2026-09-22T15:16:26.548Z</time>
			</trkpt>
			<trkpt lat="47.31261" lon="10.83255">
				<ele>841</ele>
				<time>2026-09-22T15:16:36.295Z</time>
			</trkpt>
			<trkpt lat="47.31366" lon="10.8308">
				<ele>849.34</ele>
				<time>2026-09-22T15:16:48.813Z</time>
			</trkpt>
			<trkpt lat="47.3142" lon="10.83001">
				<ele>852.59</ele>
				<time>2026-09-22T15:16:54.815Z</time>
			</trkpt>
			<trkpt lat="47.3148" lon="10.82918">
				<ele>860.99</ele>
				<time>2026-09-22T15:17:01.302Z</time>
			</trkpt>
			<trkpt lat="47.31518" lon="10.82863">
				<ele>860.71</ele>
				<time>2026-09-22T15:17:05.496Z</time>
			</trkpt>
			<trkpt lat="47.31551" lon="10.82802">
				<ele>860.41</ele>
				<time>2026-09-22T15:17:09.663Z</time>
			</trkpt>
			<trkpt lat="47.31622" lon="10.82646">
				<ele>867.62</ele>
				<time>2026-09-22T15:17:19.684Z</time>
			</trkpt>
			<trkpt lat="47.31647" lon="10.826">
				<ele>869.39</ele>
				<time>2026-09-22T15:17:22.825Z</time>
			</trkpt>
			<trkpt lat="47.31672" lon="10.82567">
				<ele>868.17</ele>
				<time>2026-09-22T15:17:25.461Z</time>
			</trkpt>
			<trkpt lat="47.31704" lon="10.82536">
				<ele>867.9</ele>
				<time>2026-09-22T15:17:28.467Z</time>
			</trkpt>
			<trkpt lat="47.31736" lon="10.82512">
				<ele>867.67</ele>
				<time>2026-09-22T15:17:31.285Z</time>
			</trkpt>
			<trkpt lat="47.31775" lon="10.82489">
				<ele>867.42</ele>
				<time>2026-09-22T15:17:34.580Z</time>
			</trkpt>
			<trkpt lat="47.31812" lon="10.82472">
				<ele>867.19</ele>
				<time>2026-09-22T15:17:37.619Z</time>
			</trkpt>
			<trkpt lat="47.31841" lon="10.82461">
				<ele>867.02</ele>
				<time>2026-09-22T15:17:39.966Z</time>
			</trkpt>
			<trkpt lat="47.31864" lon="10.82458">
				<ele>866.89</ele>
				<time>2026-09-22T15:17:41.776Z</time>
			</trkpt>
			<trkpt lat="47.31893" lon="10.82459">
				<ele>866.73</ele>
				<time>2026-09-22T15:17:44.048Z</time>
			</trkpt>
			<trkpt lat="47.32057" lon="10.82492">
				<ele>865.89</ele>
				<time>2026-09-22T15:17:56.999Z</time>
			</trkpt>
			<trkpt lat="47.32113" lon="10.82491">
				<ele>865.58</ele>
				<time>2026-09-22T15:18:01.375Z</time>
			</trkpt>
			<trkpt lat="47.32144" lon="10.82484">
				<ele>865.4</ele>
				<time>2026-09-22T15:18:03.824Z</time>
			</trkpt>
			<trkpt lat="47.32195" lon="10.8247">
				<ele>865.1</ele>
				<time>2026-09-22T15:18:07.873Z</time>
			</trkpt>
			<trkpt lat="47.32219" lon="10.82459">
				<ele>864.95</ele>
				<time>2026-09-22T15:18:09.833Z</time>
			</trkpt>
			<trkpt lat="47.32255" lon="10.82437">
				<ele>864.71</ele>
				<time>2026-09-22T15:18:12.872Z</time>
			</trkpt>
			<trkpt lat="47.32445" lon="10.8232">
				<ele>863.42</ele>
				<time>2026-09-22T15:18:28.901Z</time>
			</trkpt>
			<trkpt lat="47.32526" lon="10.82267">
				<ele>865.14</ele>
				<time>2026-09-22T15:18:35.785Z</time>
			</trkpt>
			<trkpt lat="47.32573" lon="10.82226">
				<ele>870.77</ele>
				<time>2026-09-22T15:18:40.023Z</time>
			</trkpt>
			<trkpt lat="47.32612" lon="10.82186">
				<ele>873.49</ele>
				<time>2026-09-22T15:18:43.707Z</time>
			</trkpt>
			<trkpt lat="47.32658" lon="10.8212">
				<ele>875.64</ele>
				<time>2026-09-22T15:18:48.680Z</time>
			</trkpt>
			<trkpt lat="47.32761" lon="10.8195">
				<ele>878.81</ele>
				<time>2026-09-22T15:19:00.638Z</time>
			</trkpt>
			<trkpt lat="47.32794" lon="10.81915">
				<ele>881.05</ele>
				<time>2026-09-22T15:19:03.778Z</time>
			</trkpt>
			<trkpt lat="47.32901" lon="10.81839">
				<ele>885.65</ele>
				<time>2026-09-22T15:19:12.943Z</time>
			</trkpt>
			<trkpt lat="47.32926" lon="10.81827">
				<ele>886.63</ele>
				<time>2026-09-22T15:19:14.969Z</time>
			</trkpt>
			<trkpt lat="47.32961" lon="10.81817">
				<ele>888.75</ele>
				<time>2026-09-22T15:19:17.716Z</time>
			</trkpt>
			<trkpt lat="47.32988" lon="10.81814">
				<ele>889.73</ele>
				<time>2026-09-22T15:19:19.801Z</time>
			</trkpt>
			<trkpt lat="47.3301" lon="10.81814">
				<ele>890.97</ele>
				<time>2026-09-22T15:19:21.495Z</time>
			</trkpt>
			<trkpt lat="47.33048" lon="10.81821">
				<ele>893.03</ele>
				<time>2026-09-22T15:19:24.441Z</time>
			</trkpt>
			<trkpt lat="47.33132" lon="10.81854">
				<ele>904.01</ele>
				<time>2026-09-22T15:19:31.123Z</time>
			</trkpt>
			<trkpt lat="47.33164" lon="10.81861">
				<ele>907.99</ele>
				<time>2026-09-22T15:19:33.608Z</time>
			</trkpt>
			<trkpt lat="47.33222" lon="10.81861">
				<ele>913.96</ele>
				<time>2026-09-22T15:19:38.058Z</time>
			</trkpt>
			<trkpt lat="47.33295" lon="10.81845">
				<ele>916.18</ele>
				<time>2026-09-22T15:19:43.716Z</time>
			</trkpt>
			<trkpt lat="47.33329" lon="10.81844">
				<ele>918.21</ele>
				<time>2026-09-22T15:19:46.320Z</time>
			</trkpt>
			<trkpt lat="47.33349" lon="10.81847">
				<ele>917.61</ele>
				<time>2026-09-22T15:19:47.859Z</time>
			</trkpt>
			<trkpt lat="47.33516" lon="10.81891">
				<ele>909.01</ele>
				<time>2026-09-22T15:20:00.825Z</time>
			</trkpt>
			<trkpt lat="47.33561" lon="10.81894">
				<ele>911.22</ele>
				<time>2026-09-22T15:20:04.262Z</time>
			</trkpt>
			<trkpt lat="47.33638" lon="10.8189">
				<ele>913.14</ele>
				<time>2026-09-22T15:20:10.134Z</time>
			</trkpt>
			<trkpt lat="47.3367" lon="10.81887">
				<ele>911.92</ele>
				<time>2026-09-22T15:20:12.575Z</time>
			</trkpt>
			<trkpt lat="47.33696" lon="10.8188">
				<ele>916.87</ele>
				<time>2026-09-22T15:20:14.587Z</time>
			</trkpt>
			<trkpt lat="47.33751" lon="10.81849">
				<ele>918.54</ele>
				<time>2026-09-22T15:20:19.064Z</time>
			</trkpt>
			<trkpt lat="47.33851" lon="10.81787">
				<ele>917.03</ele>
				<time>2026-09-22T15:20:27.300Z</time>
			</trkpt>
			<trkpt lat="47.33897" lon="10.81762">
				<ele>921.7</ele>
				<time>2026-09-22T15:20:31.017Z</time>
			</trkpt>
			<trkpt lat="47.33911" lon="10.81758">
				<ele>923.88</ele>
				<time>2026-09-22T15:20:32.097Z</time>
			</trkpt>
			<trkpt lat="47.33928" lon="10.81756">
				<ele>925.3</ele>
				<time>2026-09-22T15:20:33.389Z</time>
			</trkpt>
			<trkpt lat="47.33946" lon="10.8176">
				<ele>927.05</ele>
				<time>2026-09-22T15:20:34.768Z</time>
			</trkpt>
			<trkpt lat="47.33965" lon="10.81773">
				<ele>926.47</ele>
				<time>2026-09-22T15:20:36.353Z</time>
			</trkpt>
			<trkpt lat="47.33975" lon="10.81785">
				<ele>926.64</ele>
				<time>2026-09-22T15:20:37.328Z</time>
			</trkpt>
			<trkpt lat="47.33992" lon="10.81813">
				<ele>926.55</ele>
				<time>2026-09-22T15:20:39.256Z</time>
			</trkpt>
			<trkpt lat="47.34005" lon="10.81844">
				<ele>931.5</ele>
				<time>2026-09-22T15:20:41.124Z</time>
			</trkpt>
			<trkpt lat="47.34013" lon="10.81857">
				<ele>934.06</ele>
				<time>2026-09-22T15:20:42.023Z</time>
			</trkpt>
			<trkpt lat="47.34072" lon="10.81915">
				<ele>930.96</ele>
				<time>2026-09-22T15:20:47.378Z</time>
			</trkpt>
			<trkpt lat="47.34134" lon="10.81988">
				<ele>945.41</ele>
				<time>2026-09-22T15:20:53.361Z</time>
			</trkpt>
			<trkpt lat="47.34145" lon="10.81997">
				<ele>944.75</ele>
				<time>2026-09-22T15:20:54.308Z</time>
			</trkpt>
			<trkpt lat="47.34159" lon="10.82003">
				<ele>944.51</ele>
				<time>2026-09-22T15:20:55.407Z</time>
			</trkpt>
			<trkpt lat="47.34173" lon="10.82004">
				<ele>943.85</ele>
				<time>2026-09-22T15:20:56.462Z</time>
			</trkpt>
			<trkpt lat="47.34235" lon="10.81987">
				<ele>945.58</ele>
				<time>2026-09-22T15:21:01.209Z</time>
			</trkpt>
			<trkpt lat="47.34275" lon="10.81973">
				<ele>956.34</ele>
				<time>2026-09-22T15:21:04.299Z</time>
			</trkpt>
			<trkpt lat="47.34285" lon="10.81967">
				<ele>959.06</ele>
				<time>2026-09-22T15:21:05.111Z</time>
			</trkpt>
			<trkpt lat="47.34299" lon="10.81951">
				<ele>962.69</ele>
				<time>2026-09-22T15:21:06.441Z</time>
			</trkpt>
			<trkpt lat="47.34333" lon="10.81899">
				<ele>963.07</ele>
				<time>2026-09-22T15:21:10.117Z</time>
			</trkpt>
			<trkpt lat="47.34343" lon="10.81884">
				<ele>961.18</ele>
				<time>2026-09-22T15:21:11.187Z</time>
			</trkpt>
			<trkpt lat="47.3436" lon="10.81872">
				<ele>957.83</ele>
				<time>2026-09-22T15:21:12.600Z</time>
			</trkpt>
			<trkpt lat="47.34382" lon="10.81868">
				<ele>955.28</ele>
				<time>2026-09-22T15:21:14.262Z</time>
			</trkpt>
			<trkpt lat="47.34434" lon="10.81867">
				<ele>947.63</ele>
				<time>2026-09-22T15:21:18.158Z</time>
			</trkpt>
			<trkpt lat="47.34447" lon="10.8187">
				<ele>945.62</ele>
				<time>2026-09-22T15:21:19.144Z</time>
			</trkpt>
			<trkpt lat="47.3448" lon="10.81898">
				<ele>944</ele>
				<time>2026-09-22T15:21:21.992Z</time>
			</trkpt>
			<trkpt lat="47.34497" lon="10.81905">
				<ele>942.11</ele>
				<time>2026-09-22T15:21:23.312Z</time>
			</trkpt>
			<trkpt lat="47.34512" lon="10.81904">
				<ele>941.61</ele>
				<time>2026-09-22T15:21:24.435Z</time>
			</trkpt>
			<trkpt lat="47.34547" lon="10.8189">
				<ele>950.14</ele>
				<time>2026-09-22T15:21:27.144Z</time>
			</trkpt>
			<trkpt lat="47.34563" lon="10.81889">
				<ele>956.46</ele>
				<time>2026-09-22T15:21:28.340Z</time>
			</trkpt>
			<trkpt lat="47.34572" lon="10.81894">
				<ele>962.01</ele>
				<time>2026-09-22T15:21:29.058Z</time>
			</trkpt>
			<trkpt lat="47.34577" lon="10.81901">
				<ele>966.08</ele>
				<time>2026-09-22T15:21:29.573Z</time>
			</trkpt>
			<trkpt lat="47.34617" lon="10.81993">
				<ele>967.28</ele>
				<time>2026-09-22T15:21:35.097Z</time>
			</trkpt>
			<trkpt lat="47.34626" lon="10.82008">
				<ele>968.04</ele>
				<time>2026-09-22T15:21:36.109Z</time>
			</trkpt>
			<trkpt lat="47.34649" lon="10.82034">
				<ele>973.77</ele>
				<time>2026-09-22T15:21:38.267Z</time>
			</trkpt>
			<trkpt lat="47.34663" lon="10.82056">
				<ele>974.37</ele>
				<time>2026-09-22T15:21:39.790Z</time>
			</trkpt>
			<trkpt lat="47.34715" lon="10.82153">
				<ele>979.68</ele>
				<time>2026-09-22T15:21:46.022Z</time>
			</trkpt>
			<trkpt lat="47.34743" lon="10.82205">
				<ele>983.54</ele>
				<time>2026-09-22T15:21:49.364Z</time>
			</trkpt>
			<trkpt lat="47.34804" lon="10.82348">
				<ele>981.54</ele>
				<time>2026-09-22T15:21:57.853Z</time>
			</trkpt>
			<trkpt lat="47.34815" lon="10.82371">
				<ele>983.43</ele>
				<time>2026-09-22T15:21:59.265Z</time>
			</trkpt>
			<trkpt lat="47.34822" lon="10.82379">
				<ele>985.14</ele>
				<time>2026-09-22T15:21:59.920Z</time>
			</trkpt>
			<trkpt lat="47.3483" lon="10.82386">
				<ele>987.14</ele>
				<time>2026-09-22T15:22:00.608Z</time>
			</trkpt>
			<trkpt lat="47.3487" lon="10.82401">
				<ele>996.29</ele>
				<time>2026-09-22T15:22:03.660Z</time>
			</trkpt>
			<trkpt lat="47.34879" lon="10.82408">
				<ele>993.83</ele>
				<time>2026-09-22T15:22:04.412Z</time>
			</trkpt>
			<trkpt lat="47.349" lon="10.82431">
				<ele>988.34</ele>
				<time>2026-09-22T15:22:06.344Z</time>
			</trkpt>
			<trkpt lat="47.3491" lon="10.82439">
				<ele>987.48</ele>
				<time>2026-09-22T15:22:07.184Z</time>
			</trkpt>
			<trkpt lat="47.3492" lon="10.82445">
				<ele>987.71</ele>
				<time>2026-09-22T15:22:07.981Z</time>
			</trkpt>
			<trkpt lat="47.34942" lon="10.82445">
				<ele>992.34</ele>
				<time>2026-09-22T15:22:09.605Z</time>
			</trkpt>
			<trkpt lat="47.34968" lon="10.82435">
				<ele>1005.15</ele>
				<time>2026-09-22T15:22:11.586Z</time>
			</trkpt>
			<trkpt lat="47.34979" lon="10.82435">
				<ele>1009.07</ele>
				<time>2026-09-22T15:22:12.397Z</time>
			</trkpt>
			<trkpt lat="47.34991" lon="10.82439">
				<ele>1011.21</ele>
				<time>2026-09-22T15:22:13.304Z</time>
			</trkpt>
			<trkpt lat="47.35069" lon="10.82482">
				<ele>1013.51</ele>
				<time>2026-09-22T15:22:19.435Z</time>
			</trkpt>
			<trkpt lat="47.35093" lon="10.82501">
				<ele>1014.23</ele>
				<time>2026-09-22T15:22:21.438Z</time>
			</trkpt>
			<trkpt lat="47.35114" lon="10.82521">
				<ele>1019.39</ele>
				<time>2026-09-22T15:22:23.275Z</time>
			</trkpt>
			<trkpt lat="47.3513" lon="10.82543">
				<ele>1020.85</ele>
				<time>2026-09-22T15:22:24.881Z</time>
			</trkpt>
			<trkpt lat="47.35186" lon="10.82633">
				<ele>1014.49</ele>
				<time>2026-09-22T15:22:30.955Z</time>
			</trkpt>
			<trkpt lat="47.35241" lon="10.82707">
				<ele>1020.27</ele>
				<time>2026-09-22T15:22:36.405Z</time>
			</trkpt>
			<trkpt lat="47.35265" lon="10.82745">
				<ele>1023.82</ele>
				<time>2026-09-22T15:22:38.980Z</time>
			</trkpt>
			<trkpt lat="47.35293" lon="10.82793">
				<ele>1023.63</ele>
				<time>2026-09-22T15:22:42.115Z</time>
			</trkpt>
			<trkpt lat="47.35319" lon="10.82852">
				<ele>1027.52</ele>
				<time>2026-09-22T15:22:45.596Z</time>
			</trkpt>
			<trkpt lat="47.35338" lon="10.82901">
				<ele>1030.18</ele>
				<time>2026-09-22T15:22:48.385Z</time>
			</trkpt>
			<trkpt lat="47.35359" lon="10.82968">
				<ele>1026.44</ele>
				<time>2026-09-22T15:22:52.028Z</time>
			</trkpt>
			<trkpt lat="47.35373" lon="10.83023">
				<ele>1024.99</ele>
				<time>2026-09-22T15:22:54.924Z</time>
			</trkpt>
			<trkpt lat="47.35416" lon="10.83223">
				<ele>1042.13</ele>
				<time>2026-09-22T15:23:05.245Z</time>
			</trkpt>
			<trkpt lat="47.35423" lon="10.8326">
				<ele>1048.1</ele>
				<time>2026-09-22T15:23:07.130Z</time>
			</trkpt>
			<trkpt lat="47.35435" lon="10.83351">
				<ele>1045.23</ele>
				<time>2026-09-22T15:23:11.675Z</time>
			</trkpt>
			<trkpt lat="47.35439" lon="10.83405">
				<ele>1046.67</ele>
				<time>2026-09-22T15:23:14.335Z</time>
			</trkpt>
			<trkpt lat="47.35448" lon="10.83464">
				<ele>1047.76</ele>
				<time>2026-09-22T15:23:17.294Z</time>
			</trkpt>
			<trkpt lat="47.35453" lon="10.83508">
				<ele>1053.63</ele>
				<time>2026-09-22T15:23:19.474Z</time>
			</trkpt>
			<trkpt lat="47.35454" lon="10.83545">
				<ele>1055.11</ele>
				<time>2026-09-22T15:23:21.282Z</time>
			</trkpt>
			<trkpt lat="47.35454" lon="10.83667">
				<ele>1055.45</ele>
				<time>2026-09-22T15:23:27.232Z</time>
			</trkpt>
			<trkpt lat="47.35451" lon="10.83719">
				<ele>1055.1</ele>
				<time>2026-09-22T15:23:29.774Z</time>
			</trkpt>
			<trkpt lat="47.35439" lon="10.83792">
				<ele>1061.64</ele>
				<time>2026-09-22T15:23:33.428Z</time>
			</trkpt>
			<trkpt lat="47.3543" lon="10.83815">
				<ele>1061.75</ele>
				<time>2026-09-22T15:23:34.719Z</time>
			</trkpt>
			<trkpt lat="47.35376" lon="10.83931">
				<ele>1058.93</ele>
				<time>2026-09-22T15:23:41.548Z</time>
			</trkpt>
			<trkpt lat="47.35349" lon="10.83998">
				<ele>1060.22</ele>
				<time>2026-09-22T15:23:45.324Z</time>
			</trkpt>
			<trkpt lat="47.3533" lon="10.84073">
				<ele>1075.54</ele>
				<time>2026-09-22T15:23:49.196Z</time>
			</trkpt>
			<trkpt lat="47.35318" lon="10.84112">
				<ele>1082.14</ele>
				<time>2026-09-22T15:23:51.266Z</time>
			</trkpt>
			<trkpt lat="47.35313" lon="10.84125">
				<ele>1083.54</ele>
				<time>2026-09-22T15:23:51.987Z</time>
			</trkpt>
			<trkpt lat="47.35305" lon="10.84136">
				<ele>1083.17</ele>
				<time>2026-09-22T15:23:52.766Z</time>
			</trkpt>
			<trkpt lat="47.35287" lon="10.84146">
				<ele>1081.82</ele>
				<time>2026-09-22T15:23:54.136Z</time>
			</trkpt>
			<trkpt lat="47.35276" lon="10.84146">
				<ele>1079.03</ele>
				<time>2026-09-22T15:23:54.919Z</time>
			</trkpt>
			<trkpt lat="47.3525" lon="10.8414">
				<ele>1074.64</ele>
				<time>2026-09-22T15:23:56.792Z</time>
			</trkpt>
			<trkpt lat="47.35232" lon="10.84141">
				<ele>1076.37</ele>
				<time>2026-09-22T15:23:58.073Z</time>
			</trkpt>
			<trkpt lat="47.35227" lon="10.84145">
				<ele>1077.97</ele>
				<time>2026-09-22T15:23:58.477Z</time>
			</trkpt>
			<trkpt lat="47.35224" lon="10.84156">
				<ele>1082.13</ele>
				<time>2026-09-22T15:23:59.048Z</time>
			</trkpt>
			<trkpt lat="47.35227" lon="10.84166">
				<ele>1085.52</ele>
				<time>2026-09-22T15:23:59.574Z</time>
			</trkpt>
			<trkpt lat="47.35233" lon="10.84173">
				<ele>1088.26</ele>
				<time>2026-09-22T15:24:00.118Z</time>
			</trkpt>
			<trkpt lat="47.35294" lon="10.84167">
				<ele>1089.57</ele>
				<time>2026-09-22T15:24:04.457Z</time>
			</trkpt>
			<trkpt lat="47.35313" lon="10.84159">
				<ele>1093.76</ele>
				<time>2026-09-22T15:24:05.858Z</time>
			</trkpt>
			<trkpt lat="47.35321" lon="10.84149">
				<ele>1094.85</ele>
				<time>2026-09-22T15:24:06.601Z</time>
			</trkpt>
			<trkpt lat="47.35326" lon="10.84141">
				<ele>1094.6</ele>
				<time>2026-09-22T15:24:07.123Z</time>
			</trkpt>
			<trkpt lat="47.35364" lon="10.84048">
				<ele>1090.18</ele>
				<time>2026-09-22T15:24:12.330Z</time>
			</trkpt>
			<trkpt lat="47.35382" lon="10.84002">
				<ele>1087.63</ele>
				<time>2026-09-22T15:24:14.873Z</time>
			</trkpt>
			<trkpt lat="47.35397" lon="10.83973">
				<ele>1089.79</ele>
				<time>2026-09-22T15:24:16.618Z</time>
			</trkpt>
			<trkpt lat="47.35454" lon="10.83885">
				<ele>1104.11</ele>
				<time>2026-09-22T15:24:22.432Z</time>
			</trkpt>
			<trkpt lat="47.35468" lon="10.83859">
				<ele>1104.29</ele>
				<time>2026-09-22T15:24:24.016Z</time>
			</trkpt>
			<trkpt lat="47.3548" lon="10.83835">
				<ele>1107.01</ele>
				<time>2026-09-22T15:24:25.438Z</time>
			</trkpt>
			<trkpt lat="47.35493" lon="10.838">
				<ele>1111.39</ele>
				<time>2026-09-22T15:24:27.338Z</time>
			</trkpt>
			<trkpt lat="47.35503" lon="10.83757">
				<ele>1110.58</ele>
				<time>2026-09-22T15:24:29.502Z</time>
			</trkpt>
			<trkpt lat="47.35521" lon="10.83636">
				<ele>1111.33</ele>
				<time>2026-09-22T15:24:35.386Z</time>
			</trkpt>
			<trkpt lat="47.35539" lon="10.83434">
				<ele>1124.21</ele>
				<time>2026-09-22T15:24:45.033Z</time>
			</trkpt>
			<trkpt lat="47.35541" lon="10.83346">
				<ele>1126.14</ele>
				<time>2026-09-22T15:24:49.190Z</time>
			</trkpt>
			<trkpt lat="47.35555" lon="10.83246">
				<ele>1134.74</ele>
				<time>2026-09-22T15:24:54.001Z</time>
			</trkpt>
			<trkpt lat="47.35557" lon="10.83224">
				<ele>1134.41</ele>
				<time>2026-09-22T15:24:55.046Z</time>
			</trkpt>
			<trkpt lat="47.35558" lon="10.83198">
				<ele>1136.44</ele>
				<time>2026-09-22T15:24:56.271Z</time>
			</trkpt>
			<trkpt lat="47.3555" lon="10.82995">
				<ele>1134.86</ele>
				<time>2026-09-22T15:25:05.812Z</time>
			</trkpt>
			<trkpt lat="47.35551" lon="10.8298">
				<ele>1130.63</ele>
				<time>2026-09-22T15:25:06.517Z</time>
			</trkpt>
			<trkpt lat="47.35557" lon="10.82961">
				<ele>1129.32</ele>
				<time>2026-09-22T15:25:07.499Z</time>
			</trkpt>
			<trkpt lat="47.35571" lon="10.82933">
				<ele>1134.9</ele>
				<time>2026-09-22T15:25:09.126Z</time>
			</trkpt>
			<trkpt lat="47.35588" lon="10.82893">
				<ele>1140.29</ele>
				<time>2026-09-22T15:25:11.333Z</time>
			</trkpt>
			<trkpt lat="47.35601" lon="10.82858">
				<ele>1142.79</ele>
				<time>2026-09-22T15:25:13.196Z</time>
			</trkpt>
			<trkpt lat="47.35625" lon="10.82759">
				<ele>1148.03</ele>
				<time>2026-09-22T15:25:18.098Z</time>
			</trkpt>
			<trkpt lat="47.35628" lon="10.82736">
				<ele>1149.47</ele>
				<time>2026-09-22T15:25:19.188Z</time>
			</trkpt>
			<trkpt lat="47.3563" lon="10.82699">
				<ele>1150.42</ele>
				<time>2026-09-22T15:25:20.915Z</time>
			</trkpt>
			<trkpt lat="47.35627" lon="10.82661">
				<ele>1150.7</ele>
				<time>2026-09-22T15:25:22.693Z</time>
			</trkpt>
			<trkpt lat="47.35622" lon="10.82626">
				<ele>1145.61</ele>
				<time>2026-09-22T15:25:24.354Z</time>
			</trkpt>
			<trkpt lat="47.35621" lon="10.82612">
				<ele>1143.79</ele>
				<time>2026-09-22T15:25:25.008Z</time>
			</trkpt>
			<trkpt lat="47.35624" lon="10.82597">
				<ele>1143.38</ele>
				<time>2026-09-22T15:25:25.733Z</time>
			</trkpt>
			<trkpt lat="47.35628" lon="10.82584">
				<ele>1144.39</ele>
				<time>2026-09-22T15:25:26.396Z</time>
			</trkpt>
			<trkpt lat="47.35643" lon="10.82565">
				<ele>1148.36</ele>
				<time>2026-09-22T15:25:27.749Z</time>
			</trkpt>
			<trkpt lat="47.3572" lon="10.82493">
				<ele>1158.58</ele>
				<time>2026-09-22T15:25:33.976Z</time>
			</trkpt>
			<trkpt lat="47.35778" lon="10.82453">
				<ele>1164.34</ele>
				<time>2026-09-22T15:25:38.339Z</time>
			</trkpt>
			<trkpt lat="47.3579" lon="10.82441">
				<ele>1165.98</ele>
				<time>2026-09-22T15:25:39.325Z</time>
			</trkpt>
			<trkpt lat="47.35812" lon="10.82409">
				<ele>1168.47</ele>
				<time>2026-09-22T15:25:41.426Z</time>
			</trkpt>
			<trkpt lat="47.35846" lon="10.8235">
				<ele>1167.21</ele>
				<time>2026-09-22T15:25:44.990Z</time>
			</trkpt>
			<trkpt lat="47.35852" lon="10.82344">
				<ele>1167.54</ele>
				<time>2026-09-22T15:25:45.482Z</time>
			</trkpt>
			<trkpt lat="47.35859" lon="10.8234">
				<ele>1168.24</ele>
				<time>2026-09-22T15:25:45.991Z</time>
			</trkpt>
			<trkpt lat="47.35866" lon="10.8234">
				<ele>1168.3</ele>
				<time>2026-09-22T15:25:46.465Z</time>
			</trkpt>
			<trkpt lat="47.35875" lon="10.82344">
				<ele>1168.29</ele>
				<time>2026-09-22T15:25:47.103Z</time>
			</trkpt>
			<trkpt lat="47.35879" lon="10.8235">
				<ele>1168.57</ele>
				<time>2026-09-22T15:25:47.489Z</time>
			</trkpt>
			<trkpt lat="47.35884" lon="10.8236">
				<ele>1169.13</ele>
				<time>2026-09-22T15:25:48.060Z</time>
			</trkpt>
			<trkpt lat="47.35902" lon="10.82416">
				<ele>1176.09</ele>
				<time>2026-09-22T15:25:50.903Z</time>
			</trkpt>
			<trkpt lat="47.35915" lon="10.82441">
				<ele>1179.62</ele>
				<time>2026-09-22T15:25:52.347Z</time>
			</trkpt>
			<trkpt lat="47.35933" lon="10.82464">
				<ele>1177.84</ele>
				<time>2026-09-22T15:25:53.956Z</time>
			</trkpt>
			<trkpt lat="47.35939" lon="10.82482">
				<ele>1178.01</ele>
				<time>2026-09-22T15:25:54.874Z</time>
			</trkpt>
			<trkpt lat="47.35956" lon="10.82555">
				<ele>1173.47</ele>
				<time>2026-09-22T15:25:58.402Z</time>
			</trkpt>
			<trkpt lat="47.35957" lon="10.82563">
				<ele>1174.16</ele>
				<time>2026-09-22T15:25:58.773Z</time>
			</trkpt>
			<trkpt lat="47.35952" lon="10.82603">
				<ele>1180.92</ele>
				<time>2026-09-22T15:26:00.629Z</time>
			</trkpt>
			<trkpt lat="47.35951" lon="10.82635">
				<ele>1185.67</ele>
				<time>2026-09-22T15:26:02.090Z</time>
			</trkpt>
			<trkpt lat="47.35954" lon="10.82656">
				<ele>1189.45</ele>
				<time>2026-09-22T15:26:03.068Z</time>
			</trkpt>
			<trkpt lat="47.35965" lon="10.82706">
				<ele>1194.97</ele>
				<time>2026-09-22T15:26:05.461Z</time>
			</trkpt>
			<trkpt lat="47.35976" lon="10.82894">
				<ele>1198.87</ele>
				<time>2026-09-22T15:26:14.027Z</time>
			</trkpt>
			<trkpt lat="47.35984" lon="10.82923">
				<ele>1198.56</ele>
				<time>2026-09-22T15:26:15.445Z</time>
			</trkpt>
			<trkpt lat="47.36" lon="10.82946">
				<ele>1198.14</ele>
				<time>2026-09-22T15:26:16.937Z</time>
			</trkpt>
			<trkpt lat="47.36035" lon="10.82974">
				<ele>1197.29</ele>
				<time>2026-09-22T15:26:19.593Z</time>
			</trkpt>
			<trkpt lat="47.36044" lon="10.82985">
				<ele>1198.65</ele>
				<time>2026-09-22T15:26:20.372Z</time>
			</trkpt>
			<trkpt lat="47.36051" lon="10.83">
				<ele>1200.16</ele>
				<time>2026-09-22T15:26:21.194Z</time>
			</trkpt>
			<trkpt lat="47.3607" lon="10.83057">
				<ele>1203.85</ele>
				<time>2026-09-22T15:26:24.058Z</time>
			</trkpt>
			<trkpt lat="47.36079" lon="10.83071">
				<ele>1210.64</ele>
				<time>2026-09-22T15:26:24.928Z</time>
			</trkpt>
			<trkpt lat="47.3609" lon="10.83077">
				<ele>1212.79</ele>
				<time>2026-09-22T15:26:25.707Z</time>
			</trkpt>
			<trkpt lat="47.36115" lon="10.83077">
				<ele>1214.53</ele>
				<time>2026-09-22T15:26:27.368Z</time>
			</trkpt>
			<trkpt lat="47.36138" lon="10.83074">
				<ele>1214.97</ele>
				<time>2026-09-22T15:26:28.900Z</time>
			</trkpt>
			<trkpt lat="47.36166" lon="10.83066">
				<ele>1206.54</ele>
				<time>2026-09-22T15:26:30.791Z</time>
			</trkpt>
			<trkpt lat="47.36194" lon="10.83054">
				<ele>1198.55</ele>
				<time>2026-09-22T15:26:32.722Z</time>
			</trkpt>
			<trkpt lat="47.36205" lon="10.83052">
				<ele>1199.24</ele>
				<time>2026-09-22T15:26:33.456Z</time>
			</trkpt>
			<trkpt lat="47.36214" lon="10.83054">
				<ele>1200.83</ele>
				<time>2026-09-22T15:26:34.058Z</time>
			</trkpt>
			<trkpt lat="47.36227" lon="10.83062">
				<ele>1204.11</ele>
				<time>2026-09-22T15:26:34.990Z</time>
			</trkpt>
			<trkpt lat="47.36236" lon="10.8307">
				<ele>1206</ele>
				<time>2026-09-22T15:26:35.684Z</time>
			</trkpt>
			<trkpt lat="47.36243" lon="10.8308">
				<ele>1207.3</ele>
				<time>2026-09-22T15:26:36.328Z</time>
			</trkpt>
			<trkpt lat="47.3631" lon="10.83231">
				<ele>1212.8</ele>
				<time>2026-09-22T15:26:44.389Z</time>
			</trkpt>
			<trkpt lat="47.36337" lon="10.83297">
				<ele>1216.43</ele>
				<time>2026-09-22T15:26:47.820Z</time>
			</trkpt>
			<trkpt lat="47.36347" lon="10.83325">
				<ele>1214.38</ele>
				<time>2026-09-22T15:26:49.227Z</time>
			</trkpt>
			<trkpt lat="47.36399" lon="10.83524">
				<ele>1217.72</ele>
				<time>2026-09-22T15:26:58.671Z</time>
			</trkpt>
			<trkpt lat="47.36406" lon="10.83565">
				<ele>1221.29</ele>
				<time>2026-09-22T15:27:00.529Z</time>
			</trkpt>
			<trkpt lat="47.36413" lon="10.83627">
				<ele>1222.48</ele>
				<time>2026-09-22T15:27:03.280Z</time>
			</trkpt>
			<trkpt lat="47.36413" lon="10.83658">
				<ele>1221.92</ele>
				<time>2026-09-22T15:27:04.632Z</time>
			</trkpt>
			<trkpt lat="47.3641" lon="10.83687">
				<ele>1221.93</ele>
				<time>2026-09-22T15:27:05.908Z</time>
			</trkpt>
			<trkpt lat="47.36391" lon="10.83778">
				<ele>1222.18</ele>
				<time>2026-09-22T15:27:10.034Z</time>
			</trkpt>
			<trkpt lat="47.36352" lon="10.83923">
				<ele>1225.48</ele>
				<time>2026-09-22T15:27:16.735Z</time>
			</trkpt>
			<trkpt lat="47.36341" lon="10.83955">
				<ele>1224.03</ele>
				<time>2026-09-22T15:27:18.266Z</time>
			</trkpt>
			<trkpt lat="47.36329" lon="10.83975">
				<ele>1222.66</ele>
				<time>2026-09-22T15:27:19.404Z</time>
			</trkpt>
			<trkpt lat="47.36315" lon="10.83995">
				<ele>1222.89</ele>
				<time>2026-09-22T15:27:20.626Z</time>
			</trkpt>
			<trkpt lat="47.36259" lon="10.84067">
				<ele>1222.42</ele>
				<time>2026-09-22T15:27:25.266Z</time>
			</trkpt>
			<trkpt lat="47.36237" lon="10.84098">
				<ele>1216.62</ele>
				<time>2026-09-22T15:27:27.157Z</time>
			</trkpt>
			<trkpt lat="47.36171" lon="10.84208">
				<ele>1210.42</ele>
				<time>2026-09-22T15:27:33.309Z</time>
			</trkpt>
			<trkpt lat="47.36154" lon="10.84242">
				<ele>1207.83</ele>
				<time>2026-09-22T15:27:35.069Z</time>
			</trkpt>
			<trkpt lat="47.36144" lon="10.84266">
				<ele>1206.22</ele>
				<time>2026-09-22T15:27:36.240Z</time>
			</trkpt>
			<trkpt lat="47.36137" lon="10.84289">
				<ele>1205.6</ele>
				<time>2026-09-22T15:27:37.286Z</time>
			</trkpt>
			<trkpt lat="47.36132" lon="10.84314">
				<ele>1205.44</ele>
				<time>2026-09-22T15:27:38.366Z</time>
			</trkpt>
			<trkpt lat="47.36129" lon="10.84342">
				<ele>1204.15</ele>
				<time>2026-09-22T15:27:39.539Z</time>
			</trkpt>
			<trkpt lat="47.36128" lon="10.84382">
				<ele>1200.93</ele>
				<time>2026-09-22T15:27:41.191Z</time>
			</trkpt>
			<trkpt lat="47.36126" lon="10.84416">
				<ele>1196.42</ele>
				<time>2026-09-22T15:27:42.598Z</time>
			</trkpt>
			<trkpt lat="47.3612" lon="10.84439">
				<ele>1192.59</ele>
				<time>2026-09-22T15:27:43.612Z</time>
			</trkpt>
			<trkpt lat="47.36112" lon="10.84456">
				<ele>1188.99</ele>
				<time>2026-09-22T15:27:44.463Z</time>
			</trkpt>
			<trkpt lat="47.36103" lon="10.8447">
				<ele>1187.24</ele>
				<time>2026-09-22T15:27:45.255Z</time>
			</trkpt>
			<trkpt lat="47.36093" lon="10.8448">
				<ele>1185.15</ele>
				<time>2026-09-22T15:27:45.986Z</time>
			</trkpt>
			<trkpt lat="47.36079" lon="10.84488">
				<ele>1184.23</ele>
				<time>2026-09-22T15:27:46.894Z</time>
			</trkpt>
			<trkpt lat="47.35988" lon="10.84528">
				<ele>1194.81</ele>
				<time>2026-09-22T15:27:52.614Z</time>
			</trkpt>
			<trkpt lat="47.35971" lon="10.84541">
				<ele>1195.06</ele>
				<time>2026-09-22T15:27:53.763Z</time>
			</trkpt>
			<trkpt lat="47.35957" lon="10.84555">
				<ele>1193.5</ele>
				<time>2026-09-22T15:27:54.776Z</time>
			</trkpt>
			<trkpt lat="47.35935" lon="10.84583">
				<ele>1193.95</ele>
				<time>2026-09-22T15:27:56.514Z</time>
			</trkpt>
			<trkpt lat="47.35912" lon="10.84617">
				<ele>1190.57</ele>
				<time>2026-09-22T15:27:58.458Z</time>
			</trkpt>
			<trkpt lat="47.35875" lon="10.8468">
				<ele>1192</ele>
				<time>2026-09-22T15:28:01.821Z</time>
			</trkpt>
			<trkpt lat="47.35847" lon="10.84736">
				<ele>1190.83</ele>
				<time>2026-09-22T15:28:04.620Z</time>
			</trkpt>
			<trkpt lat="47.35837" lon="10.84766">
				<ele>1190.86</ele>
				<time>2026-09-22T15:28:05.961Z</time>
			</trkpt>
			<trkpt lat="47.35835" lon="10.84784">
				<ele>1190.06</ele>
				<time>2026-09-22T15:28:06.692Z</time>
			</trkpt>
			<trkpt lat="47.35832" lon="10.84871">
				<ele>1179.62</ele>
				<time>2026-09-22T15:28:10.177Z</time>
			</trkpt>
			<trkpt lat="47.35828" lon="10.84902">
				<ele>1177.49</ele>
				<time>2026-09-22T15:28:11.437Z</time>
			</trkpt>
			<trkpt lat="47.35824" lon="10.84916">
				<ele>1177.75</ele>
				<time>2026-09-22T15:28:12.043Z</time>
			</trkpt>
			<trkpt lat="47.35804" lon="10.84958">
				<ele>1181.18</ele>
				<time>2026-09-22T15:28:14.088Z</time>
			</trkpt>
			<trkpt lat="47.35737" lon="10.8508">
				<ele>1176.1</ele>
				<time>2026-09-22T15:28:20.324Z</time>
			</trkpt>
			<trkpt lat="47.35657" lon="10.85202">
				<ele>1161.49</ele>
				<time>2026-09-22T15:28:27.033Z</time>
			</trkpt>
			<trkpt lat="47.35615" lon="10.85301">
				<ele>1156.11</ele>
				<time>2026-09-22T15:28:31.633Z</time>
			</trkpt>
			<trkpt lat="47.35609" lon="10.8533">
				<ele>1154.04</ele>
				<time>2026-09-22T15:28:32.824Z</time>
			</trkpt>
			<trkpt lat="47.35608" lon="10.85355">
				<ele>1150.67</ele>
				<time>2026-09-22T15:28:33.808Z</time>
			</trkpt>
			<trkpt lat="47.35612" lon="10.85459">
				<ele>1150.44</ele>
				<time>2026-09-22T15:28:37.895Z</time>
			</trkpt>
			<trkpt lat="47.35616" lon="10.85478">
				<ele>1151.58</ele>
				<time>2026-09-22T15:28:38.675Z</time>
			</trkpt>
			<trkpt lat="47.35624" lon="10.85497">
				<ele>1151.81</ele>
				<time>2026-09-22T15:28:39.552Z</time>
			</trkpt>
			<trkpt lat="47.35635" lon="10.85508">
				<ele>1152.17</ele>
				<time>2026-09-22T15:28:40.320Z</time>
			</trkpt>
			<trkpt lat="47.35641" lon="10.85512">
				<ele>1152.45</ele>
				<time>2026-09-22T15:28:40.700Z</time>
			</trkpt>
			<trkpt lat="47.35658" lon="10.85517">
				<ele>1153.64</ele>
				<time>2026-09-22T15:28:41.702Z</time>
			</trkpt>
			<trkpt lat="47.35677" lon="10.85515">
				<ele>1153.23</ele>
				<time>2026-09-22T15:28:42.802Z</time>
			</trkpt>
			<trkpt lat="47.35718" lon="10.85487">
				<ele>1148.94</ele>
				<time>2026-09-22T15:28:45.410Z</time>
			</trkpt>
			<trkpt lat="47.35728" lon="10.85483">
				<ele>1148.49</ele>
				<time>2026-09-22T15:28:46.007Z</time>
			</trkpt>
			<trkpt lat="47.35734" lon="10.85483">
				<ele>1148.97</ele>
				<time>2026-09-22T15:28:46.354Z</time>
			</trkpt>
			<trkpt lat="47.35753" lon="10.85487">
				<ele>1151.45</ele>
				<time>2026-09-22T15:28:47.460Z</time>
			</trkpt>
			<trkpt lat="47.35789" lon="10.85512">
				<ele>1156.37</ele>
				<time>2026-09-22T15:28:49.754Z</time>
			</trkpt>
			<trkpt lat="47.35804" lon="10.85519">
				<ele>1156.18</ele>
				<time>2026-09-22T15:28:50.660Z</time>
			</trkpt>
			<trkpt lat="47.35816" lon="10.85521">
				<ele>1157.05</ele>
				<time>2026-09-22T15:28:51.356Z</time>
			</trkpt>
			<trkpt lat="47.35834" lon="10.8552">
				<ele>1158.18</ele>
				<time>2026-09-22T15:28:52.394Z</time>
			</trkpt>
			<trkpt lat="47.35849" lon="10.85516">
				<ele>1160.01</ele>
				<time>2026-09-22T15:28:53.272Z</time>
			</trkpt>
			<trkpt lat="47.35864" lon="10.85505">
				<ele>1160.34</ele>
				<time>2026-09-22T15:28:54.236Z</time>
			</trkpt>
			<trkpt lat="47.35879" lon="10.85486">
				<ele>1157.81</ele>
				<time>2026-09-22T15:28:55.374Z</time>
			</trkpt>
			<trkpt lat="47.35917" lon="10.85432">
				<ele>1148.88</ele>
				<time>2026-09-22T15:28:58.411Z</time>
			</trkpt>
			<trkpt lat="47.35924" lon="10.85428">
				<ele>1147.88</ele>
				<time>2026-09-22T15:28:58.843Z</time>
			</trkpt>
			<trkpt lat="47.35933" lon="10.85428">
				<ele>1147.76</ele>
				<time>2026-09-22T15:28:59.361Z</time>
			</trkpt>
			<trkpt lat="47.35939" lon="10.85431">
				<ele>1148.79</ele>
				<time>2026-09-22T15:28:59.725Z</time>
			</trkpt>
			<trkpt lat="47.35945" lon="10.85438">
				<ele>1150.86</ele>
				<time>2026-09-22T15:29:00.165Z</time>
			</trkpt>
			<trkpt lat="47.35952" lon="10.85451">
				<ele>1152.29</ele>
				<time>2026-09-22T15:29:00.813Z</time>
			</trkpt>
			<trkpt lat="47.35989" lon="10.85553">
				<ele>1160.36</ele>
				<time>2026-09-22T15:29:05.323Z</time>
			</trkpt>
			<trkpt lat="47.36042" lon="10.85654">
				<ele>1158.87</ele>
				<time>2026-09-22T15:29:10.305Z</time>
			</trkpt>
			<trkpt lat="47.36056" lon="10.857">
				<ele>1157.76</ele>
				<time>2026-09-22T15:29:12.273Z</time>
			</trkpt>
			<trkpt lat="47.3606" lon="10.85726">
				<ele>1160.02</ele>
				<time>2026-09-22T15:29:13.313Z</time>
			</trkpt>
			<trkpt lat="47.36075" lon="10.85849">
				<ele>1155.49</ele>
				<time>2026-09-22T15:29:18.193Z</time>
			</trkpt>
			<trkpt lat="47.36077" lon="10.85875">
				<ele>1154.44</ele>
				<time>2026-09-22T15:29:19.216Z</time>
			</trkpt>
			<trkpt lat="47.36076" lon="10.85903">
				<ele>1154.59</ele>
				<time>2026-09-22T15:29:20.312Z</time>
			</trkpt>
			<trkpt lat="47.36074" lon="10.8593">
				<ele>1153.9</ele>
				<time>2026-09-22T15:29:21.374Z</time>
			</trkpt>
			<trkpt lat="47.36053" lon="10.86036">
				<ele>1154.54</ele>
				<time>2026-09-22T15:29:25.697Z</time>
			</trkpt>
			<trkpt lat="47.3605" lon="10.86054">
				<ele>1156.2</ele>
				<time>2026-09-22T15:29:26.423Z</time>
			</trkpt>
			<trkpt lat="47.36052" lon="10.86099">
				<ele>1154.54</ele>
				<time>2026-09-22T15:29:28.191Z</time>
			</trkpt>
			<trkpt lat="47.36056" lon="10.86122">
				<ele>1152.28</ele>
				<time>2026-09-22T15:29:29.123Z</time>
			</trkpt>
			<trkpt lat="47.36065" lon="10.86151">
				<ele>1150.1</ele>
				<time>2026-09-22T15:29:30.375Z</time>
			</trkpt>
			<trkpt lat="47.36082" lon="10.86192">
				<ele>1148.13</ele>
				<time>2026-09-22T15:29:32.263Z</time>
			</trkpt>
			<trkpt lat="47.36121" lon="10.86245">
				<ele>1145</ele>
				<time>2026-09-22T15:29:35.342Z</time>
			</trkpt>
			<trkpt lat="47.36138" lon="10.86274">
				<ele>1145.98</ele>
				<time>2026-09-22T15:29:36.852Z</time>
			</trkpt>
			<trkpt lat="47.36148" lon="10.86295">
				<ele>1147.54</ele>
				<time>2026-09-22T15:29:37.864Z</time>
			</trkpt>
			<trkpt lat="47.36172" lon="10.86375">
				<ele>1143.47</ele>
				<time>2026-09-22T15:29:41.318Z</time>
			</trkpt>
			<trkpt lat="47.3618" lon="10.86413">
				<ele>1139.83</ele>
				<time>2026-09-22T15:29:42.892Z</time>
			</trkpt>
			<trkpt lat="47.36204" lon="10.86503">
				<ele>1131.56</ele>
				<time>2026-09-22T15:29:46.724Z</time>
			</trkpt>
			<trkpt lat="47.36216" lon="10.86534">
				<ele>1131.38</ele>
				<time>2026-09-22T15:29:48.141Z</time>
			</trkpt>
			<trkpt lat="47.36251" lon="10.86602">
				<ele>1121.86</ele>
				<time>2026-09-22T15:29:51.539Z</time>
			</trkpt>
			<trkpt lat="47.36268" lon="10.86639">
				<ele>1116.22</ele>
				<time>2026-09-22T15:29:53.321Z</time>
			</trkpt>
			<trkpt lat="47.36277" lon="10.86665">
				<ele>1113.14</ele>
				<time>2026-09-22T15:29:54.487Z</time>
			</trkpt>
			<trkpt lat="47.36283" lon="10.867">
				<ele>1110.44</ele>
				<time>2026-09-22T15:29:55.930Z</time>
			</trkpt>
			<trkpt lat="47.36288" lon="10.86767">
				<ele>1110.98</ele>
				<time>2026-09-22T15:29:58.629Z</time>
			</trkpt>
			<trkpt lat="47.36292" lon="10.86794">
				<ele>1110.71</ele>
				<time>2026-09-22T15:29:59.737Z</time>
			</trkpt>
			<trkpt lat="47.36299" lon="10.86818">
				<ele>1110.33</ele>
				<time>2026-09-22T15:30:00.787Z</time>
			</trkpt>
			<trkpt lat="47.36309" lon="10.86846">
				<ele>1112.01</ele>
				<time>2026-09-22T15:30:02.060Z</time>
			</trkpt>
			<trkpt lat="47.36322" lon="10.86871">
				<ele>1113.7</ele>
				<time>2026-09-22T15:30:03.328Z</time>
			</trkpt>
			<trkpt lat="47.3637" lon="10.86943">
				<ele>1120.08</ele>
				<time>2026-09-22T15:30:07.407Z</time>
			</trkpt>
			<trkpt lat="47.3641" lon="10.87015">
				<ele>1113.79</ele>
				<time>2026-09-22T15:30:11.182Z</time>
			</trkpt>
			<trkpt lat="47.36442" lon="10.87066">
				<ele>1107.06</ele>
				<time>2026-09-22T15:30:14.011Z</time>
			</trkpt>
			<trkpt lat="47.36459" lon="10.8709">
				<ele>1103.71</ele>
				<time>2026-09-22T15:30:15.428Z</time>
			</trkpt>
			<trkpt lat="47.36492" lon="10.87126">
				<ele>1101.23</ele>
				<time>2026-09-22T15:30:17.906Z</time>
			</trkpt>
			<trkpt lat="47.36509" lon="10.87142">
				<ele>1098.5</ele>
				<time>2026-09-22T15:30:19.126Z</time>
			</trkpt>
			<trkpt lat="47.36534" lon="10.87155">
				<ele>1095.03</ele>
				<time>2026-09-22T15:30:20.732Z</time>
			</trkpt>
			<trkpt lat="47.36552" lon="10.8716">
				<ele>1095.13</ele>
				<time>2026-09-22T15:30:21.845Z</time>
			</trkpt>
			<trkpt lat="47.36574" lon="10.87163">
				<ele>1095.59</ele>
				<time>2026-09-22T15:30:23.188Z</time>
			</trkpt>
			<trkpt lat="47.36591" lon="10.87181">
				<ele>1093.53</ele>
				<time>2026-09-22T15:30:24.463Z</time>
			</trkpt>
			<trkpt lat="47.36597" lon="10.87191">
				<ele>1092.34</ele>
				<time>2026-09-22T15:30:25.015Z</time>
			</trkpt>
			<trkpt lat="47.36594" lon="10.87226">
				<ele>1090.45</ele>
				<time>2026-09-22T15:30:26.474Z</time>
			</trkpt>
			<trkpt lat="47.36584" lon="10.87285">
				<ele>1090.83</ele>
				<time>2026-09-22T15:30:28.997Z</time>
			</trkpt>
			<trkpt lat="47.36578" lon="10.87312">
				<ele>1091.62</ele>
				<time>2026-09-22T15:30:30.179Z</time>
			</trkpt>
			<trkpt lat="47.36568" lon="10.87332">
				<ele>1090.66</ele>
				<time>2026-09-22T15:30:31.214Z</time>
			</trkpt>
			<trkpt lat="47.36529" lon="10.87387">
				<ele>1087.08</ele>
				<time>2026-09-22T15:30:34.541Z</time>
			</trkpt>
			<trkpt lat="47.3651" lon="10.87422">
				<ele>1087.35</ele>
				<time>2026-09-22T15:30:36.422Z</time>
			</trkpt>
			<trkpt lat="47.36498" lon="10.87461">
				<ele>1087.04</ele>
				<time>2026-09-22T15:30:38.223Z</time>
			</trkpt>
			<trkpt lat="47.36495" lon="10.87492">
				<ele>1087.17</ele>
				<time>2026-09-22T15:30:39.543Z</time>
			</trkpt>
			<trkpt lat="47.36494" lon="10.87532">
				<ele>1087.1</ele>
				<time>2026-09-22T15:30:41.233Z</time>
			</trkpt>
			<trkpt lat="47.36499" lon="10.87569">
				<ele>1086</ele>
				<time>2026-09-22T15:30:42.831Z</time>
			</trkpt>
			<trkpt lat="47.3652" lon="10.87638">
				<ele>1087</ele>
				<time>2026-09-22T15:30:46.046Z</time>
			</trkpt>
			<trkpt lat="47.36591" lon="10.87794">
				<ele>1088.35</ele>
				<time>2026-09-22T15:30:54.104Z</time>
			</trkpt>
			<trkpt lat="47.36601" lon="10.87832">
				<ele>1091.25</ele>
				<time>2026-09-22T15:30:55.966Z</time>
			</trkpt>
			<trkpt lat="47.3662" lon="10.87925">
				<ele>1094.05</ele>
				<time>2026-09-22T15:31:00.599Z</time>
			</trkpt>
			<trkpt lat="47.3663" lon="10.87954">
				<ele>1093.43</ele>
				<time>2026-09-22T15:31:02.151Z</time>
			</trkpt>
			<trkpt lat="47.36642" lon="10.87985">
				<ele>1093.28</ele>
				<time>2026-09-22T15:31:03.854Z</time>
			</trkpt>
			<trkpt lat="47.36657" lon="10.88013">
				<ele>1092.26</ele>
				<time>2026-09-22T15:31:05.557Z</time>
			</trkpt>
			<trkpt lat="47.36674" lon="10.88039">
				<ele>1090.18</ele>
				<time>2026-09-22T15:31:07.281Z</time>
			</trkpt>
			<trkpt lat="47.36756" lon="10.88132">
				<ele>1084.63</ele>
				<time>2026-09-22T15:31:14.569Z</time>
			</trkpt>
			<trkpt lat="47.36789" lon="10.88165">
				<ele>1084.54</ele>
				<time>2026-09-22T15:31:17.381Z</time>
			</trkpt>
			<trkpt lat="47.36894" lon="10.88255">
				<ele>1074.35</ele>
				<time>2026-09-22T15:31:25.955Z</time>
			</trkpt>
			<trkpt lat="47.36923" lon="10.8827">
				<ele>1073.84</ele>
				<time>2026-09-22T15:31:28.128Z</time>
			</trkpt>
			<trkpt lat="47.36993" lon="10.88298">
				<ele>1066.51</ele>
				<time>2026-09-22T15:31:33.261Z</time>
			</trkpt>
			<trkpt lat="47.37018" lon="10.88323">
				<ele>1063.55</ele>
				<time>2026-09-22T15:31:35.401Z</time>
			</trkpt>
			<trkpt lat="47.37044" lon="10.88367">
				<ele>1059.9</ele>
				<time>2026-09-22T15:31:38.206Z</time>
			</trkpt>
			<trkpt lat="47.37057" lon="10.884">
				<ele>1057.18</ele>
				<time>2026-09-22T15:31:40.041Z</time>
			</trkpt>
			<trkpt lat="47.37074" lon="10.88459">
				<ele>1057.9</ele>
				<time>2026-09-22T15:31:43.125Z</time>
			</trkpt>
			<trkpt lat="47.37086" lon="10.88515">
				<ele>1057.5</ele>
				<time>2026-09-22T15:31:45.954Z</time>
			</trkpt>
			<trkpt lat="47.37096" lon="10.88548">
				<ele>1053.33</ele>
				<time>2026-09-22T15:31:47.697Z</time>
			</trkpt>
			<trkpt lat="47.37114" lon="10.88586">
				<ele>1052.17</ele>
				<time>2026-09-22T15:31:49.934Z</time>
			</trkpt>
			<trkpt lat="47.37166" lon="10.88678">
				<ele>1046.56</ele>
				<time>2026-09-22T15:31:55.726Z</time>
			</trkpt>
			<trkpt lat="47.37204" lon="10.88725">
				<ele>1040.83</ele>
				<time>2026-09-22T15:31:59.271Z</time>
			</trkpt>
			<trkpt lat="47.37223" lon="10.88743">
				<ele>1039.71</ele>
				<time>2026-09-22T15:32:00.888Z</time>
			</trkpt>
			<trkpt lat="47.37382" lon="10.88887">
				<ele>1020.39</ele>
				<time>2026-09-22T15:32:14.298Z</time>
			</trkpt>
			<trkpt lat="47.37413" lon="10.8891">
				<ele>1019.02</ele>
				<time>2026-09-22T15:32:16.803Z</time>
			</trkpt>
			<trkpt lat="47.37448" lon="10.88926">
				<ele>1019.56</ele>
				<time>2026-09-22T15:32:19.454Z</time>
			</trkpt>
			<trkpt lat="47.37508" lon="10.88945">
				<ele>1022.8</ele>
				<time>2026-09-22T15:32:23.902Z</time>
			</trkpt>
			<trkpt lat="47.3753" lon="10.88945">
				<ele>1022</ele>
				<time>2026-09-22T15:32:25.501Z</time>
			</trkpt>
			<trkpt lat="47.3773" lon="10.88888">
				<ele>1011.28</ele>
				<time>2026-09-22T15:32:40.381Z</time>
			</trkpt>
			<trkpt lat="47.37767" lon="10.88882">
				<ele>1010.75</ele>
				<time>2026-09-22T15:32:43.118Z</time>
			</trkpt>
			<trkpt lat="47.37801" lon="10.88882">
				<ele>1008.76</ele>
				<time>2026-09-22T15:32:45.623Z</time>
			</trkpt>
			<trkpt lat="47.37839" lon="10.88888">
				<ele>1002.67</ele>
				<time>2026-09-22T15:32:48.444Z</time>
			</trkpt>
			<trkpt lat="47.37881" lon="10.88904">
				<ele>995.98</ele>
				<time>2026-09-22T15:32:51.654Z</time>
			</trkpt>
			<trkpt lat="47.38056" lon="10.88986">
				<ele>1006.16</ele>
				<time>2026-09-22T15:33:05.338Z</time>
			</trkpt>
			<trkpt lat="47.38098" lon="10.89012">
				<ele>1004.61</ele>
				<time>2026-09-22T15:33:08.757Z</time>
			</trkpt>
			<trkpt lat="47.38207" lon="10.89088">
				<ele>997.87</ele>
				<time>2026-09-22T15:33:17.859Z</time>
			</trkpt>
			<trkpt lat="47.38236" lon="10.89114">
				<ele>997.57</ele>
				<time>2026-09-22T15:33:20.435Z</time>
			</trkpt>
			<trkpt lat="47.38262" lon="10.89129">
				<ele>1001.27</ele>
				<time>2026-09-22T15:33:22.559Z</time>
			</trkpt>
			<trkpt lat="47.38304" lon="10.89146">
				<ele>1000.92</ele>
				<time>2026-09-22T15:33:25.881Z</time>
			</trkpt>
			<trkpt lat="47.38323" lon="10.8916">
				<ele>1000.9</ele>
				<time>2026-09-22T15:33:27.505Z</time>
			</trkpt>
			<trkpt lat="47.38359" lon="10.89192">
				<ele>995.43</ele>
				<time>2026-09-22T15:33:30.726Z</time>
			</trkpt>
			<trkpt lat="47.3838" lon="10.89219">
				<ele>990.17</ele>
				<time>2026-09-22T15:33:32.866Z</time>
			</trkpt>
			<trkpt lat="47.38448" lon="10.89288">
				<ele>1000.35</ele>
				<time>2026-09-22T15:33:39.235Z</time>
			</trkpt>
			<trkpt lat="47.38468" lon="10.89318">
				<ele>997.9</ele>
				<time>2026-09-22T15:33:41.446Z</time>
			</trkpt>
			<trkpt lat="47.38485" lon="10.89361">
				<ele>993.87</ele>
				<time>2026-09-22T15:33:44.066Z</time>
			</trkpt>
			<trkpt lat="47.38489" lon="10.89379">
				<ele>993.73</ele>
				<time>2026-09-22T15:33:45.065Z</time>
			</trkpt>
			<trkpt lat="47.38493" lon="10.89415">
				<ele>993.78</ele>
				<time>2026-09-22T15:33:46.992Z</time>
			</trkpt>
			<trkpt lat="47.38501" lon="10.89562">
				<ele>983.7</ele>
				<time>2026-09-22T15:33:54.820Z</time>
			</trkpt>
			<trkpt lat="47.385" lon="10.89578">
				<ele>982.42</ele>
				<time>2026-09-22T15:33:55.677Z</time>
			</trkpt>
			<trkpt lat="47.38496" lon="10.89594">
				<ele>980.67</ele>
				<time>2026-09-22T15:33:56.588Z</time>
			</trkpt>
			<trkpt lat="47.38487" lon="10.89612">
				<ele>978.19</ele>
				<time>2026-09-22T15:33:57.784Z</time>
			</trkpt>
			<trkpt lat="47.38478" lon="10.8963">
				<ele>976.62</ele>
				<time>2026-09-22T15:33:58.981Z</time>
			</trkpt>
			<trkpt lat="47.38471" lon="10.89651">
				<ele>976.47</ele>
				<time>2026-09-22T15:34:00.236Z</time>
			</trkpt>
			<trkpt lat="47.3847" lon="10.8968">
				<ele>977.59</ele>
				<time>2026-09-22T15:34:01.794Z</time>
			</trkpt>
			<trkpt lat="47.38476" lon="10.89764">
				<ele>978.26</ele>
				<time>2026-09-22T15:34:06.343Z</time>
			</trkpt>
			<trkpt lat="47.38474" lon="10.89793">
				<ele>977.39</ele>
				<time>2026-09-22T15:34:07.918Z</time>
			</trkpt>
			<trkpt lat="47.38473" lon="10.89809">
				<ele>976.41</ele>
				<time>2026-09-22T15:34:08.787Z</time>
			</trkpt>
			<trkpt lat="47.3847" lon="10.89825">
				<ele>975.91</ele>
				<time>2026-09-22T15:34:09.687Z</time>
			</trkpt>
			<trkpt lat="47.38393" lon="10.90033">
				<ele>969.03</ele>
				<time>2026-09-22T15:34:22.628Z</time>
			</trkpt>
			<trkpt lat="47.38368" lon="10.90106">
				<ele>973.1</ele>
				<time>2026-09-22T15:34:27.139Z</time>
			</trkpt>
			<trkpt lat="47.38351" lon="10.90169">
				<ele>973.22</ele>
				<time>2026-09-22T15:34:30.897Z</time>
			</trkpt>
			<trkpt lat="47.38347" lon="10.90192">
				<ele>972.56</ele>
				<time>2026-09-22T15:34:32.217Z</time>
			</trkpt>
			<trkpt lat="47.38342" lon="10.90216">
				<ele>972.65</ele>
				<time>2026-09-22T15:34:33.615Z</time>
			</trkpt>
			<trkpt lat="47.38334" lon="10.90286">
				<ele>971.31</ele>
				<time>2026-09-22T15:34:37.580Z</time>
			</trkpt>
			<trkpt lat="47.38332" lon="10.90335">
				<ele>969.01</ele>
				<time>2026-09-22T15:34:40.332Z</time>
			</trkpt>
			<trkpt lat="47.38333" lon="10.90378">
				<ele>969.62</ele>
				<time>2026-09-22T15:34:42.752Z</time>
			</trkpt>
			<trkpt lat="47.38338" lon="10.90446">
				<ele>970.17</ele>
				<time>2026-09-22T15:34:46.613Z</time>
			</trkpt>
			<trkpt lat="47.38343" lon="10.90475">
				<ele>970.06</ele>
				<time>2026-09-22T15:34:48.308Z</time>
			</trkpt>
			<trkpt lat="47.38358" lon="10.90529">
				<ele>973.38</ele>
				<time>2026-09-22T15:34:51.625Z</time>
			</trkpt>
			<trkpt lat="47.38388" lon="10.90602">
				<ele>981.08</ele>
				<time>2026-09-22T15:34:56.501Z</time>
			</trkpt>
			<trkpt lat="47.38411" lon="10.90645">
				<ele>977.61</ele>
				<time>2026-09-22T15:34:59.645Z</time>
			</trkpt>
			<trkpt lat="47.38437" lon="10.90689">
				<ele>981.62</ele>
				<time>2026-09-22T15:35:03.010Z</time>
			</trkpt>
			<trkpt lat="47.38465" lon="10.90726">
				<ele>979.39</ele>
				<time>2026-09-22T15:35:06.220Z</time>
			</trkpt>
			<trkpt lat="47.38923" lon="10.91264">
				<ele>985.17</ele>
				<time>2026-09-22T15:35:57.955Z</time>
			</trkpt>
			<trkpt lat="47.38942" lon="10.91282">
				<ele>987.8</ele>
				<time>2026-09-22T15:36:00.020Z</time>
			</trkpt>
			<trkpt lat="47.38994" lon="10.91323">
				<ele>982.31</ele>
				<time>2026-09-22T15:36:05.439Z</time>
			</trkpt>
			<trkpt lat="47.39007" lon="10.91337">
				<ele>983.35</ele>
				<time>2026-09-22T15:36:06.924Z</time>
			</trkpt>
			<trkpt lat="47.39019" lon="10.91352">
				<ele>984.79</ele>
				<time>2026-09-22T15:36:08.378Z</time>
			</trkpt>
			<trkpt lat="47.39033" lon="10.91379">
				<ele>987.11</ele>
				<time>2026-09-22T15:36:10.513Z</time>
			</trkpt>
			<trkpt lat="47.39061" lon="10.9144">
				<ele>990.45</ele>
				<time>2026-09-22T15:36:15.159Z</time>
			</trkpt>
			<trkpt lat="47.39072" lon="10.91455">
				<ele>989.86</ele>
				<time>2026-09-22T15:36:16.559Z</time>
			</trkpt>
			<trkpt lat="47.39085" lon="10.91471">
				<ele>988.51</ele>
				<time>2026-09-22T15:36:18.144Z</time>
			</trkpt>
			<trkpt lat="47.3911" lon="10.91488">
				<ele>990.29</ele>
				<time>2026-09-22T15:36:20.728Z</time>
			</trkpt>
			<trkpt lat="47.39143" lon="10.91497">
				<ele>991.45</ele>
				<time>2026-09-22T15:36:23.891Z</time>
			</trkpt>
			<trkpt lat="47.39169" lon="10.91494">
				<ele>990.32</ele>
				<time>2026-09-22T15:36:26.358Z</time>
			</trkpt>
			<trkpt lat="47.39204" lon="10.91485">
				<ele>983.76</ele>
				<time>2026-09-22T15:36:29.732Z</time>
			</trkpt>
			<trkpt lat="47.39434" lon="10.91428">
				<ele>980.58</ele>
				<time>2026-09-22T15:36:52.243Z</time>
			</trkpt>
			<trkpt lat="47.39464" lon="10.9142">
				<ele>978.75</ele>
				<time>2026-09-22T15:36:55.234Z</time>
			</trkpt>
			<trkpt lat="47.39466" lon="10.91424">
				<ele>979.15</ele>
				<time>2026-09-22T15:36:55.565Z</time>
			</trkpt>
			<trkpt lat="47.3947" lon="10.91429">
				<ele>979.5</ele>
				<time>2026-09-22T15:36:56.080Z</time>
			</trkpt>
			<trkpt lat="47.39475" lon="10.91429">
				<ele>979.16</ele>
				<time>2026-09-22T15:36:56.572Z</time>
			</trkpt>
			<trkpt lat="47.39479" lon="10.91426">
				<ele>978.59</ele>
				<time>2026-09-22T15:36:57.014Z</time>
			</trkpt>
			<trkpt lat="47.39481" lon="10.9142">
				<ele>977.98</ele>
				<time>2026-09-22T15:36:57.460Z</time>
			</trkpt>
			<trkpt lat="47.39492" lon="10.9142">
				<ele>977.47</ele>
				<time>2026-09-22T15:36:58.546Z</time>
			</trkpt>
			<trkpt lat="47.39523" lon="10.9143">
				<ele>978.35</ele>
				<time>2026-09-22T15:37:01.684Z</time>
			</trkpt>
			<trkpt lat="47.39542" lon="10.91442">
				<ele>979.46</ele>
				<time>2026-09-22T15:37:03.734Z</time>
			</trkpt>
			<trkpt lat="47.39646" lon="10.91535">
				<ele>982.56</ele>
				<time>2026-09-22T15:37:15.907Z</time>
			</trkpt>
			<trkpt lat="47.39721" lon="10.91639">
				<ele>991.99</ele>
				<time>2026-09-22T15:37:26.355Z</time>
			</trkpt>
			<trkpt lat="47.39774" lon="10.91733">
				<ele>992.64</ele>
				<time>2026-09-22T15:37:34.867Z</time>
			</trkpt>
			<trkpt lat="47.3984" lon="10.91827">
				<ele>993.53</ele>
				<time>2026-09-22T15:37:44.397Z</time>
			</trkpt>
			<trkpt lat="47.39858" lon="10.91856">
				<ele>993.91</ele>
				<time>2026-09-22T15:37:47.194Z</time>
			</trkpt>
			<trkpt lat="47.39865" lon="10.9186">
				<ele>993.63</ele>
				<time>2026-09-22T15:37:47.993Z</time>
			</trkpt>
			<trkpt lat="47.39872" lon="10.9186">
				<ele>993.13</ele>
				<time>2026-09-22T15:37:48.743Z</time>
			</trkpt>
			<trkpt lat="47.3992" lon="10.91837">
				<ele>989.12</ele>
				<time>2026-09-22T15:37:54.300Z</time>
			</trkpt>
			<trkpt lat="47.39929" lon="10.91832">
				<ele>989.01</ele>
				<time>2026-09-22T15:37:55.387Z</time>
			</trkpt>
			<trkpt lat="47.39948" lon="10.91815">
				<ele>989.4</ele>
				<time>2026-09-22T15:37:57.932Z</time>
			</trkpt>
			<trkpt lat="47.3996" lon="10.91813">
				<ele>988.75</ele>
				<time>2026-09-22T15:37:59.334Z</time>
			</trkpt>
			<trkpt lat="47.39968" lon="10.91814">
				<ele>988.2</ele>
				<time>2026-09-22T15:38:00.274Z</time>
			</trkpt>
			<trkpt lat="47.40018" lon="10.91849">
				<ele>985.07</ele>
				<time>2026-09-22T15:38:06.904Z</time>
			</trkpt>
			<trkpt lat="47.4003" lon="10.91866">
				<ele>985.01</ele>
				<time>2026-09-22T15:38:08.946Z</time>
			</trkpt>
			<trkpt lat="47.40062" lon="10.91925">
				<ele>986.59</ele>
				<time>2026-09-22T15:38:15.369Z</time>
			</trkpt>
			<trkpt lat="47.40086" lon="10.91948">
				<ele>985.74</ele>
				<time>2026-09-22T15:38:19.045Z</time>
			</trkpt>
			<trkpt lat="47.40101" lon="10.9196">
				<ele>984.65</ele>
				<time>2026-09-22T15:38:21.264Z</time>
			</trkpt>
			<trkpt lat="47.40121" lon="10.91971">
				<ele>983.63</ele>
				<time>2026-09-22T15:38:24.069Z</time>
			</trkpt>
			<trkpt lat="47.4014" lon="10.91978">
				<ele>982.88</ele>
				<time>2026-09-22T15:38:26.668Z</time>
			</trkpt>
			<trkpt lat="47.4015" lon="10.91977">
				<ele>982.07</ele>
				<time>2026-09-22T15:38:28.007Z</time>
			</trkpt>
			<trkpt lat="47.40208" lon="10.91963">
				<ele>978.83</ele>
				<time>2026-09-22T15:38:35.982Z</time>
			</trkpt>
			<trkpt lat="47.40259" lon="10.91968">
				<ele>979.17</ele>
				<time>2026-09-22T15:38:43.069Z</time>
			</trkpt>
			<trkpt lat="47.40299" lon="10.91966">
				<ele>979.73</ele>
				<time>2026-09-22T15:38:48.705Z</time>
			</trkpt>
			<trkpt lat="47.40478" lon="10.91891">
				<ele>978.82</ele>
				<time>2026-09-22T15:39:15.656Z</time>
			</trkpt>
			<trkpt lat="47.40506" lon="10.91873">
				<ele>977.65</ele>
				<time>2026-09-22T15:39:20.161Z</time>
			</trkpt>
			<trkpt lat="47.40528" lon="10.91848">
				<ele>976.65</ele>
				<time>2026-09-22T15:39:24.266Z</time>
			</trkpt>
			<trkpt lat="47.4054" lon="10.91832">
				<ele>976.87</ele>
				<time>2026-09-22T15:39:26.661Z</time>
			</trkpt>
			<trkpt lat="47.40557" lon="10.91786">
				<ele>975.5</ele>
				<time>2026-09-22T15:39:31.924Z</time>
			</trkpt>
			<trkpt lat="47.40562" lon="10.91776">
				<ele>975.67</ele>
				<time>2026-09-22T15:39:33.173Z</time>
			</trkpt>
			<trkpt lat="47.40582" lon="10.91753">
				<ele>976.11</ele>
				<time>2026-09-22T15:39:36.937Z</time>
			</trkpt>
			<trkpt lat="47.40605" lon="10.9173">
				<ele>976.46</ele>
				<time>2026-09-22T15:39:41.061Z</time>
			</trkpt>
			<trkpt lat="47.40628" lon="10.91697">
				<ele>976.26</ele>
				<time>2026-09-22T15:39:45.817Z</time>
			</trkpt>
			<trkpt lat="47.40641" lon="10.91673">
				<ele>977.16</ele>
				<time>2026-09-22T15:39:48.899Z</time>
			</trkpt>
			<trkpt lat="47.40649" lon="10.91645">
				<ele>976.71</ele>
				<time>2026-09-22T15:39:51.942Z</time>
			</trkpt>
			<trkpt lat="47.40683" lon="10.9157">
				<ele>970.17</ele>
				<time>2026-09-22T15:40:00.941Z</time>
			</trkpt>
			<trkpt lat="47.407" lon="10.91528">
				<ele>971.19</ele>
				<time>2026-09-22T15:40:05.788Z</time>
			</trkpt>
			<trkpt lat="47.40708" lon="10.91505">
				<ele>971.13</ele>
				<time>2026-09-22T15:40:08.338Z</time>
			</trkpt>
			<trkpt lat="47.40726" lon="10.91432">
				<ele>970.66</ele>
				<time>2026-09-22T15:40:15.945Z</time>
			</trkpt>
			<trkpt lat="47.40752" lon="10.91321">
				<ele>970.2</ele>
				<time>2026-09-22T15:40:27.258Z</time>
			</trkpt>
			<trkpt lat="47.4076" lon="10.91237">
				<ele>966.7</ele>
				<time>2026-09-22T15:40:35.254Z</time>
			</trkpt>
			<trkpt lat="47.40757" lon="10.91203">
				<ele>964.56</ele>
				<time>2026-09-22T15:40:38.439Z</time>
			</trkpt>
			<trkpt lat="47.4076" lon="10.91187">
				<ele>963.33</ele>
				<time>2026-09-22T15:40:39.970Z</time>
			</trkpt>
			<trkpt lat="47.40761" lon="10.91172">
				<ele>962.57</ele>
				<time>2026-09-22T15:40:41.355Z</time>
			</trkpt>
			<trkpt lat="47.4077" lon="10.91157">
				<ele>963</ele>
				<time>2026-09-22T15:40:43.186Z</time>
			</trkpt>
			<trkpt lat="47.40786" lon="10.91152">
				<ele>966.34</ele>
				<time>2026-09-22T15:40:45.379Z</time>
			</trkpt>
			<trkpt lat="47.40842" lon="10.9117">
				<ele>969.08</ele>
				<time>2026-09-22T15:40:52.929Z</time>
			</trkpt>
			<trkpt lat="47.40902" lon="10.91193">
				<ele>969.08</ele>
				<time>2026-09-22T15:41:00.839Z</time>
			</trkpt>
			<trkpt lat="47.40923" lon="10.91204">
				<ele>969.91</ele>
				<time>2026-09-22T15:41:03.610Z</time>
			</trkpt>
			<trkpt lat="47.40954" lon="10.91224">
				<ele>968.07</ele>
				<time>2026-09-22T15:41:07.742Z</time>
			</trkpt>
			<trkpt lat="47.41086" lon="10.91317">
				<ele>971.51</ele>
				<time>2026-09-22T15:41:24.428Z</time>
			</trkpt>
			<trkpt lat="47.41099" lon="10.91322">
				<ele>969.21</ele>
				<time>2026-09-22T15:41:25.855Z</time>
			</trkpt>
			<trkpt lat="47.41128" lon="10.91325">
				<ele>964.54</ele>
				<time>2026-09-22T15:41:28.880Z</time>
			</trkpt>
			<trkpt lat="47.41232" lon="10.91327">
				<ele>961.27</ele>
				<time>2026-09-22T15:41:38.927Z</time>
			</trkpt>
			<trkpt lat="47.41256" lon="10.91331">
				<ele>961.51</ele>
				<time>2026-09-22T15:41:41.102Z</time>
			</trkpt>
			<trkpt lat="47.41279" lon="10.91343">
				<ele>963.07</ele>
				<time>2026-09-22T15:41:43.293Z</time>
			</trkpt>
			<trkpt lat="47.41299" lon="10.9136">
				<ele>960</ele>
				<time>2026-09-22T15:41:45.360Z</time>
			</trkpt>
			<trkpt lat="47.41328" lon="10.91379">
				<ele>959.76</ele>
				<time>2026-09-22T15:41:48.192Z</time>
			</trkpt>
			<trkpt lat="47.41471" lon="10.91415">
				<ele>959.08</ele>
				<time>2026-09-22T15:42:01.007Z</time>
			</trkpt>
			<trkpt lat="47.41501" lon="10.91425">
				<ele>957.51</ele>
				<time>2026-09-22T15:42:03.696Z</time>
			</trkpt>
			<trkpt lat="47.41521" lon="10.91435">
				<ele>958.52</ele>
				<time>2026-09-22T15:42:05.536Z</time>
			</trkpt>
			<trkpt lat="47.41558" lon="10.91446">
				<ele>958.08</ele>
				<time>2026-09-22T15:42:08.814Z</time>
			</trkpt>
			<trkpt lat="47.41576" lon="10.91455">
				<ele>956.9</ele>
				<time>2026-09-22T15:42:10.459Z</time>
			</trkpt>
			<trkpt lat="47.4159" lon="10.91466">
				<ele>955.89</ele>
				<time>2026-09-22T15:42:11.829Z</time>
			</trkpt>
			<trkpt lat="47.41615" lon="10.91492">
				<ele>956.99</ele>
				<time>2026-09-22T15:42:14.463Z</time>
			</trkpt>
			<trkpt lat="47.41637" lon="10.91511">
				<ele>962.33</ele>
				<time>2026-09-22T15:42:16.651Z</time>
			</trkpt>
			<trkpt lat="47.41657" lon="10.91525">
				<ele>962.43</ele>
				<time>2026-09-22T15:42:18.546Z</time>
			</trkpt>
			<trkpt lat="47.41695" lon="10.91546">
				<ele>956.61</ele>
				<time>2026-09-22T15:42:22.007Z</time>
			</trkpt>
			<trkpt lat="47.41751" lon="10.91591">
				<ele>953.54</ele>
				<time>2026-09-22T15:42:27.412Z</time>
			</trkpt>
			<trkpt lat="47.41772" lon="10.91607">
				<ele>951.78</ele>
				<time>2026-09-22T15:42:29.405Z</time>
			</trkpt>
			<trkpt lat="47.41908" lon="10.9167">
				<ele>944.07</ele>
				<time>2026-09-22T15:42:41.310Z</time>
			</trkpt>
			<trkpt lat="47.4194" lon="10.91699">
				<ele>945.05</ele>
				<time>2026-09-22T15:42:44.412Z</time>
			</trkpt>
			<trkpt lat="47.42027" lon="10.91765">
				<ele>942.44</ele>
				<time>2026-09-22T15:42:52.430Z</time>
			</trkpt>
			<trkpt lat="47.42133" lon="10.91854">
				<ele>936.89</ele>
				<time>2026-09-22T15:43:02.298Z</time>
			</trkpt>
			<trkpt lat="47.42214" lon="10.91909">
				<ele>935.39</ele>
				<time>2026-09-22T15:43:09.424Z</time>
			</trkpt>
			<trkpt lat="47.42298" lon="10.91958">
				<ele>942.02</ele>
				<time>2026-09-22T15:43:16.568Z</time>
			</trkpt>
			<trkpt lat="47.42333" lon="10.91964">
				<ele>939.33</ele>
				<time>2026-09-22T15:43:19.335Z</time>
			</trkpt>
			<trkpt lat="47.42368" lon="10.91955">
				<ele>937.26</ele>
				<time>2026-09-22T15:43:22.113Z</time>
			</trkpt>
			<trkpt lat="47.42394" lon="10.91939">
				<ele>937.36</ele>
				<time>2026-09-22T15:43:24.307Z</time>
			</trkpt>
			<trkpt lat="47.42416" lon="10.91929">
				<ele>937.98</ele>
				<time>2026-09-22T15:43:26.095Z</time>
			</trkpt>
			<trkpt lat="47.42445" lon="10.91925">
				<ele>934.91</ele>
				<time>2026-09-22T15:43:28.351Z</time>
			</trkpt>
			<trkpt lat="47.42497" lon="10.91912">
				<ele>933.17</ele>
				<time>2026-09-22T15:43:32.416Z</time>
			</trkpt>
			<trkpt lat="47.42519" lon="10.91904">
				<ele>932.75</ele>
				<time>2026-09-22T15:43:34.155Z</time>
			</trkpt>
			<trkpt lat="47.42644" lon="10.9183">
				<ele>930.15</ele>
				<time>2026-09-22T15:43:44.394Z</time>
			</trkpt>
			<trkpt lat="47.42657" lon="10.91826">
				<ele>928.43</ele>
				<time>2026-09-22T15:43:45.395Z</time>
			</trkpt>
			<trkpt lat="47.4268" lon="10.91823">
				<ele>925.61</ele>
				<time>2026-09-22T15:43:47.132Z</time>
			</trkpt>
			<trkpt lat="47.42781" lon="10.91835">
				<ele>926.26</ele>
				<time>2026-09-22T15:43:54.701Z</time>
			</trkpt>
			<trkpt lat="47.42861" lon="10.91841">
				<ele>923.1</ele>
				<time>2026-09-22T15:44:00.622Z</time>
			</trkpt>
			<trkpt lat="47.42898" lon="10.91838">
				<ele>921.72</ele>
				<time>2026-09-22T15:44:03.343Z</time>
			</trkpt>
			<trkpt lat="47.42966" lon="10.91809">
				<ele>913.87</ele>
				<time>2026-09-22T15:44:08.507Z</time>
			</trkpt>
			<trkpt lat="47.42994" lon="10.91808">
				<ele>914.26</ele>
				<time>2026-09-22T15:44:10.539Z</time>
			</trkpt>
			<trkpt lat="47.432" lon="10.91871">
				<ele>911.29</ele>
				<time>2026-09-22T15:44:25.596Z</time>
			</trkpt>
			<trkpt lat="47.43237" lon="10.91886">
				<ele>910</ele>
				<time>2026-09-22T15:44:28.303Z</time>
			</trkpt>
			<trkpt lat="47.43427" lon="10.92007">
				<ele>910.55</ele>
				<time>2026-09-22T15:44:42.702Z</time>
			</trkpt>
			<trkpt lat="47.43474" lon="10.92042">
				<ele>907.67</ele>
				<time>2026-09-22T15:44:46.311Z</time>
			</trkpt>
			<trkpt lat="47.4352" lon="10.92081">
				<ele>902.69</ele>
				<time>2026-09-22T15:44:49.927Z</time>
			</trkpt>
			<trkpt lat="47.43627" lon="10.92176">
				<ele>901.81</ele>
				<time>2026-09-22T15:44:58.354Z</time>
			</trkpt>
			<trkpt lat="47.43671" lon="10.92206">
				<ele>899.9</ele>
				<time>2026-09-22T15:45:01.594Z</time>
			</trkpt>
			<trkpt lat="47.43691" lon="10.92216">
				<ele>899.81</ele>
				<time>2026-09-22T15:45:03.000Z</time>
			</trkpt>
			<trkpt lat="47.43711" lon="10.92221">
				<ele>899.34</ele>
				<time>2026-09-22T15:45:04.348Z</time>
			</trkpt>
			<trkpt lat="47.43754" lon="10.92223">
				<ele>896.04</ele>
				<time>2026-09-22T15:45:07.197Z</time>
			</trkpt>
			<trkpt lat="47.438" lon="10.92218">
				<ele>895.87</ele>
				<time>2026-09-22T15:45:10.237Z</time>
			</trkpt>
			<trkpt lat="47.43856" lon="10.92205">
				<ele>892.93</ele>
				<time>2026-09-22T15:45:13.952Z</time>
			</trkpt>
			<trkpt lat="47.4408" lon="10.9214">
				<ele>891.61</ele>
				<time>2026-09-22T15:45:28.683Z</time>
			</trkpt>
			<trkpt lat="47.44123" lon="10.92132">
				<ele>891.06</ele>
				<time>2026-09-22T15:45:31.439Z</time>
			</trkpt>
			<trkpt lat="47.44339" lon="10.92106">
				<ele>890.54</ele>
				<time>2026-09-22T15:45:45.032Z</time>
			</trkpt>
			<trkpt lat="47.44362" lon="10.92106">
				<ele>888.88</ele>
				<time>2026-09-22T15:45:46.457Z</time>
			</trkpt>
			<trkpt lat="47.44461" lon="10.92133">
				<ele>884.67</ele>
				<time>2026-09-22T15:45:52.651Z</time>
			</trkpt>
			<trkpt lat="47.44545" lon="10.92163">
				<ele>886.58</ele>
				<time>2026-09-22T15:45:57.918Z</time>
			</trkpt>
			<trkpt lat="47.44559" lon="10.92171">
				<ele>885.79</ele>
				<time>2026-09-22T15:45:58.827Z</time>
			</trkpt>
			<trkpt lat="47.4458" lon="10.92189">
				<ele>884.14</ele>
				<time>2026-09-22T15:46:00.296Z</time>
			</trkpt>
			<trkpt lat="47.44606" lon="10.92214">
				<ele>884.94</ele>
				<time>2026-09-22T15:46:02.167Z</time>
			</trkpt>
			<trkpt lat="47.44625" lon="10.92229">
				<ele>885.36</ele>
				<time>2026-09-22T15:46:03.463Z</time>
			</trkpt>
			<trkpt lat="47.44646" lon="10.9224">
				<ele>884.68</ele>
				<time>2026-09-22T15:46:04.800Z</time>
			</trkpt>
			<trkpt lat="47.44666" lon="10.92246">
				<ele>884.86</ele>
				<time>2026-09-22T15:46:06.023Z</time>
			</trkpt>
			<trkpt lat="47.44736" lon="10.92258">
				<ele>877.8</ele>
				<time>2026-09-22T15:46:10.225Z</time>
			</trkpt>
			<trkpt lat="47.44775" lon="10.92274">
				<ele>875.19</ele>
				<time>2026-09-22T15:46:12.625Z</time>
			</trkpt>
			<trkpt lat="47.44805" lon="10.92293">
				<ele>877.83</ele>
				<time>2026-09-22T15:46:14.553Z</time>
			</trkpt>
			<trkpt lat="47.449" lon="10.92347">
				<ele>878.96</ele>
				<time>2026-09-22T15:46:20.526Z</time>
			</trkpt>
			<trkpt lat="47.44939" lon="10.92366">
				<ele>876.61</ele>
				<time>2026-09-22T15:46:22.919Z</time>
			</trkpt>
			<trkpt lat="47.44967" lon="10.92376">
				<ele>877.12</ele>
				<time>2026-09-22T15:46:24.592Z</time>
			</trkpt>
			<trkpt lat="47.4503" lon="10.92389">
				<ele>869.03</ele>
				<time>2026-09-22T15:46:28.270Z</time>
			</trkpt>
			<trkpt lat="47.45069" lon="10.92391">
				<ele>869.16</ele>
				<time>2026-09-22T15:46:30.515Z</time>
			</trkpt>
			<trkpt lat="47.45102" lon="10.92389">
				<ele>868.36</ele>
				<time>2026-09-22T15:46:32.408Z</time>
			</trkpt>
			<trkpt lat="47.4514" lon="10.92381">
				<ele>865.33</ele>
				<time>2026-09-22T15:46:34.601Z</time>
			</trkpt>
			<trkpt lat="47.45231" lon="10.92355">
				<ele>859.43</ele>
				<time>2026-09-22T15:46:39.864Z</time>
			</trkpt>
			<trkpt lat="47.45412" lon="10.92296">
				<ele>857.56</ele>
				<time>2026-09-22T15:46:50.251Z</time>
			</trkpt>
			<trkpt lat="47.45427" lon="10.92295">
				<ele>857.72</ele>
				<time>2026-09-22T15:46:51.085Z</time>
			</trkpt>
			<trkpt lat="47.45486" lon="10.92302">
				<ele>854.02</ele>
				<time>2026-09-22T15:46:54.360Z</time>
			</trkpt>
			<trkpt lat="47.4553" lon="10.923">
				<ele>854.53</ele>
				<time>2026-09-22T15:46:56.785Z</time>
			</trkpt>
			<trkpt lat="47.4557" lon="10.92293">
				<ele>855.36</ele>
				<time>2026-09-22T15:46:58.995Z</time>
			</trkpt>
			<trkpt lat="47.45618" lon="10.92272">
				<ele>856.06</ele>
				<time>2026-09-22T15:47:01.731Z</time>
			</trkpt>
			<trkpt lat="47.45652" lon="10.9225">
				<ele>858.46</ele>
				<time>2026-09-22T15:47:03.752Z</time>
			</trkpt>
			<trkpt lat="47.45685" lon="10.92218">
				<ele>857.1</ele>
				<time>2026-09-22T15:47:05.893Z</time>
			</trkpt>
			<trkpt lat="47.45777" lon="10.92099">
				<ele>858.53</ele>
				<time>2026-09-22T15:47:12.478Z</time>
			</trkpt>
			<trkpt lat="47.45803" lon="10.92077">
				<ele>862.43</ele>
				<time>2026-09-22T15:47:14.081Z</time>
			</trkpt>
			<trkpt lat="47.45827" lon="10.92065">
				<ele>862.47</ele>
				<time>2026-09-22T15:47:15.434Z</time>
			</trkpt>
			<trkpt lat="47.45866" lon="10.92053">
				<ele>858.8</ele>
				<time>2026-09-22T15:47:17.556Z</time>
			</trkpt>
			<trkpt lat="47.45905" lon="10.92046">
				<ele>856.28</ele>
				<time>2026-09-22T15:47:19.641Z</time>
			</trkpt>
			<trkpt lat="47.4594" lon="10.92044">
				<ele>854.77</ele>
				<time>2026-09-22T15:47:21.495Z</time>
			</trkpt>
			<trkpt lat="47.45971" lon="10.92049">
				<ele>853.83</ele>
				<time>2026-09-22T15:47:23.141Z</time>
			</trkpt>
			<trkpt lat="47.46015" lon="10.92059">
				<ele>851.07</ele>
				<time>2026-09-22T15:47:25.483Z</time>
			</trkpt>
			<trkpt lat="47.46145" lon="10.92097">
				<ele>849.07</ele>
				<time>2026-09-22T15:47:32.405Z</time>
			</trkpt>
			<trkpt lat="47.46216" lon="10.92129">
				<ele>854.26</ele>
				<time>2026-09-22T15:47:36.251Z</time>
			</trkpt>
			<trkpt lat="47.46417" lon="10.92251">
				<ele>848.98</ele>
				<time>2026-09-22T15:47:47.383Z</time>
			</trkpt>
			<trkpt lat="47.46489" lon="10.92292">
				<ele>849.95</ele>
				<time>2026-09-22T15:47:51.293Z</time>
			</trkpt>
			<trkpt lat="47.46518" lon="10.92314">
				<ele>849.46</ele>
				<time>2026-09-22T15:47:52.939Z</time>
			</trkpt>
			<trkpt lat="47.46542" lon="10.92335">
				<ele>848.89</ele>
				<time>2026-09-22T15:47:54.343Z</time>
			</trkpt>
			<trkpt lat="47.46566" lon="10.92365">
				<ele>847</ele>
				<time>2026-09-22T15:47:55.923Z</time>
			</trkpt>
			<trkpt lat="47.46588" lon="10.92401">
				<ele>847.1</ele>
				<time>2026-09-22T15:47:57.569Z</time>
			</trkpt>
			<trkpt lat="47.46604" lon="10.9244">
				<ele>846.14</ele>
				<time>2026-09-22T15:47:59.112Z</time>
			</trkpt>
			<trkpt lat="47.46675" lon="10.92652">
				<ele>848.15</ele>
				<time>2026-09-22T15:48:07.065Z</time>
			</trkpt>
			<trkpt lat="47.46693" lon="10.92698">
				<ele>844.05</ele>
				<time>2026-09-22T15:48:08.840Z</time>
			</trkpt>
			<trkpt lat="47.4671" lon="10.92729">
				<ele>841.1</ele>
				<time>2026-09-22T15:48:10.171Z</time>
			</trkpt>
			<trkpt lat="47.46729" lon="10.92756">
				<ele>837.27</ele>
				<time>2026-09-22T15:48:11.468Z</time>
			</trkpt>
			<trkpt lat="47.46864" lon="10.92912">
				<ele>831.38</ele>
				<time>2026-09-22T15:48:19.848Z</time>
			</trkpt>
			<trkpt lat="47.46887" lon="10.92934">
				<ele>830.72</ele>
				<time>2026-09-22T15:48:21.180Z</time>
			</trkpt>
			<trkpt lat="47.46955" lon="10.9298">
				<ele>833.33</ele>
				<time>2026-09-22T15:48:24.805Z</time>
			</trkpt>
			<trkpt lat="47.46982" lon="10.93002">
				<ele>839.08</ele>
				<time>2026-09-22T15:48:26.295Z</time>
			</trkpt>
			<trkpt lat="47.47002" lon="10.93025">
				<ele>841.4</ele>
				<time>2026-09-22T15:48:27.518Z</time>
			</trkpt>
			<trkpt lat="47.47054" lon="10.93104">
				<ele>834.58</ele>
				<time>2026-09-22T15:48:31.105Z</time>
			</trkpt>
			<trkpt lat="47.47127" lon="10.93205">
				<ele>837.91</ele>
				<time>2026-09-22T15:48:35.893Z</time>
			</trkpt>
			<trkpt lat="47.47394" lon="10.93591">
				<ele>835.9</ele>
				<time>2026-09-22T15:48:53.568Z</time>
			</trkpt>
			<trkpt lat="47.47488" lon="10.93753">
				<ele>826.1</ele>
				<time>2026-09-22T15:49:00.323Z</time>
			</trkpt>
			<trkpt lat="47.47506" lon="10.93778">
				<ele>829.19</ele>
				<time>2026-09-22T15:49:01.474Z</time>
			</trkpt>
			<trkpt lat="47.47541" lon="10.93814">
				<ele>833.34</ele>
				<time>2026-09-22T15:49:03.460Z</time>
			</trkpt>
			<trkpt lat="47.47578" lon="10.9384">
				<ele>832.4</ele>
				<time>2026-09-22T15:49:05.366Z</time>
			</trkpt>
			<trkpt lat="47.4762" lon="10.93861">
				<ele>831.38</ele>
				<time>2026-09-22T15:49:07.425Z</time>
			</trkpt>
			<trkpt lat="47.47642" lon="10.93868">
				<ele>834.28</ele>
				<time>2026-09-22T15:49:08.469Z</time>
			</trkpt>
			<trkpt lat="47.47686" lon="10.93891">
				<ele>836.23</ele>
				<time>2026-09-22T15:49:10.631Z</time>
			</trkpt>
			<trkpt lat="47.47705" lon="10.93906">
				<ele>836.86</ele>
				<time>2026-09-22T15:49:11.628Z</time>
			</trkpt>
			<trkpt lat="47.47739" lon="10.93952">
				<ele>832.61</ele>
				<time>2026-09-22T15:49:13.758Z</time>
			</trkpt>
			<trkpt lat="47.47757" lon="10.93989">
				<ele>829.39</ele>
				<time>2026-09-22T15:49:15.181Z</time>
			</trkpt>
			<trkpt lat="47.47766" lon="10.94017">
				<ele>826.31</ele>
				<time>2026-09-22T15:49:16.148Z</time>
			</trkpt>
			<trkpt lat="47.47779" lon="10.94077">
				<ele>823.22</ele>
				<time>2026-09-22T15:49:18.111Z</time>
			</trkpt>
			<trkpt lat="47.47797" lon="10.94291">
				<ele>821.26</ele>
				<time>2026-09-22T15:49:24.813Z</time>
			</trkpt>
			<trkpt lat="47.47817" lon="10.94472">
				<ele>818.3</ele>
				<time>2026-09-22T15:49:30.493Z</time>
			</trkpt>
			<trkpt lat="47.47822" lon="10.94496">
				<ele>818.28</ele>
				<time>2026-09-22T15:49:31.270Z</time>
			</trkpt>
			<trkpt lat="47.47835" lon="10.94537">
				<ele>817.95</ele>
				<time>2026-09-22T15:49:32.669Z</time>
			</trkpt>
			<trkpt lat="47.47863" lon="10.946">
				<ele>816.51</ele>
				<time>2026-09-22T15:49:34.998Z</time>
			</trkpt>
			<trkpt lat="47.47935" lon="10.94748">
				<ele>817.98</ele>
				<time>2026-09-22T15:49:40.621Z</time>
			</trkpt>
			<trkpt lat="47.48007" lon="10.94902">
				<ele>820.24</ele>
				<time>2026-09-22T15:49:46.383Z</time>
			</trkpt>
			<trkpt lat="47.48021" lon="10.94942">
				<ele>820.13</ele>
				<time>2026-09-22T15:49:47.768Z</time>
			</trkpt>
			<trkpt lat="47.48031" lon="10.94979">
				<ele>822.76</ele>
				<time>2026-09-22T15:49:48.993Z</time>
			</trkpt>
			<trkpt lat="47.48037" lon="10.95016">
				<ele>825.1</ele>
				<time>2026-09-22T15:49:50.162Z</time>
			</trkpt>
			<trkpt lat="47.4804" lon="10.95047">
				<ele>824</ele>
				<time>2026-09-22T15:49:51.124Z</time>
			</trkpt>
			<trkpt lat="47.48043" lon="10.95177">
				<ele>819.61</ele>
				<time>2026-09-22T15:49:55.118Z</time>
			</trkpt>
			<trkpt lat="47.48041" lon="10.95243">
				<ele>816.51</ele>
				<time>2026-09-22T15:49:57.146Z</time>
			</trkpt>
			<trkpt lat="47.48039" lon="10.95439">
				<ele>817.05</ele>
				<time>2026-09-22T15:50:03.160Z</time>
			</trkpt>
			<trkpt lat="47.48033" lon="10.957">
				<ele>812.12</ele>
				<time>2026-09-22T15:50:11.171Z</time>
			</trkpt>
			<trkpt lat="47.48022" lon="10.96379">
				<ele>811.2</ele>
				<time>2026-09-22T15:50:32.047Z</time>
			</trkpt>
			<trkpt lat="47.48023" lon="10.96455">
				<ele>810.36</ele>
				<time>2026-09-22T15:50:34.391Z</time>
			</trkpt>
			<trkpt lat="47.48024" lon="10.96506">
				<ele>813.44</ele>
				<time>2026-09-22T15:50:35.965Z</time>
			</trkpt>
			<trkpt lat="47.48028" lon="10.9654">
				<ele>814.88</ele>
				<time>2026-09-22T15:50:37.031Z</time>
			</trkpt>
			<trkpt lat="47.48045" lon="10.96628">
				<ele>810.55</ele>
				<time>2026-09-22T15:50:39.859Z</time>
			</trkpt>
			<trkpt lat="47.48055" lon="10.96692">
				<ele>813.8</ele>
				<time>2026-09-22T15:50:41.891Z</time>
			</trkpt>
			<trkpt lat="47.48062" lon="10.97031">
				<ele>820.04</ele>
				<time>2026-09-22T15:50:52.417Z</time>
			</trkpt>
			<trkpt lat="47.48066" lon="10.97092">
				<ele>817.16</ele>
				<time>2026-09-22T15:50:54.326Z</time>
			</trkpt>
			<trkpt lat="47.48073" lon="10.97141">
				<ele>818.44</ele>
				<time>2026-09-22T15:50:55.888Z</time>
			</trkpt>
			<trkpt lat="47.48083" lon="10.97182">
				<ele>816.51</ele>
				<time>2026-09-22T15:50:57.248Z</time>
			</trkpt>
			<trkpt lat="47.48127" lon="10.97317">
				<ele>810.75</ele>
				<time>2026-09-22T15:51:01.936Z</time>
			</trkpt>
			<trkpt lat="47.4814" lon="10.9735">
				<ele>808.71</ele>
				<time>2026-09-22T15:51:03.133Z</time>
			</trkpt>
			<trkpt lat="47.48152" lon="10.97376">
				<ele>810.71</ele>
				<time>2026-09-22T15:51:04.121Z</time>
			</trkpt>
			<trkpt lat="47.48189" lon="10.97433">
				<ele>810.98</ele>
				<time>2026-09-22T15:51:06.603Z</time>
			</trkpt>
			<trkpt lat="47.48199" lon="10.97446">
				<ele>810.61</ele>
				<time>2026-09-22T15:51:07.223Z</time>
			</trkpt>
			<trkpt lat="47.48209" lon="10.97454">
				<ele>810.48</ele>
				<time>2026-09-22T15:51:07.752Z</time>
			</trkpt>
			<trkpt lat="47.48236" lon="10.97471">
				<ele>806.06</ele>
				<time>2026-09-22T15:51:09.119Z</time>
			</trkpt>
			<trkpt lat="47.48287" lon="10.97495">
				<ele>800.48</ele>
				<time>2026-09-22T15:51:11.616Z</time>
			</trkpt>
			<trkpt lat="47.4831" lon="10.97508">
				<ele>801.02</ele>
				<time>2026-09-22T15:51:12.767Z</time>
			</trkpt>
			<trkpt lat="47.48342" lon="10.97534">
				<ele>801.33</ele>
				<time>2026-09-22T15:51:14.475Z</time>
			</trkpt>
			<trkpt lat="47.48362" lon="10.97555">
				<ele>800.99</ele>
				<time>2026-09-22T15:51:15.624Z</time>
			</trkpt>
			<trkpt lat="47.48386" lon="10.97581">
				<ele>799.23</ele>
				<time>2026-09-22T15:51:17.019Z</time>
			</trkpt>
			<trkpt lat="47.48414" lon="10.97619">
				<ele>796.03</ele>
				<time>2026-09-22T15:51:18.804Z</time>
			</trkpt>
			<trkpt lat="47.48436" lon="10.97659">
				<ele>801.26</ele>
				<time>2026-09-22T15:51:20.443Z</time>
			</trkpt>
			<trkpt lat="47.48459" lon="10.97708">
				<ele>804.77</ele>
				<time>2026-09-22T15:51:22.343Z</time>
			</trkpt>
			<trkpt lat="47.48472" lon="10.97749">
				<ele>801.06</ele>
				<time>2026-09-22T15:51:23.788Z</time>
			</trkpt>
			<trkpt lat="47.48482" lon="10.97799">
				<ele>809.67</ele>
				<time>2026-09-22T15:51:25.453Z</time>
			</trkpt>
			<trkpt lat="47.48485" lon="10.97854">
				<ele>816.22</ele>
				<time>2026-09-22T15:51:27.219Z</time>
			</trkpt>
			<trkpt lat="47.48484" lon="10.97888">
				<ele>820.27</ele>
				<time>2026-09-22T15:51:28.309Z</time>
			</trkpt>
			<trkpt lat="47.48477" lon="10.97942">
				<ele>816.07</ele>
				<time>2026-09-22T15:51:30.074Z</time>
			</trkpt>
			<trkpt lat="47.48449" lon="10.98032">
				<ele>801.3</ele>
				<time>2026-09-22T15:51:33.261Z</time>
			</trkpt>
			<trkpt lat="47.48443" lon="10.98068">
				<ele>801.45</ele>
				<time>2026-09-22T15:51:34.457Z</time>
			</trkpt>
			<trkpt lat="47.48439" lon="10.98134">
				<ele>801.76</ele>
				<time>2026-09-22T15:51:36.598Z</time>
			</trkpt>
			<trkpt lat="47.48441" lon="10.9822">
				<ele>804.5</ele>
				<time>2026-09-22T15:51:39.385Z</time>
			</trkpt>
			<trkpt lat="47.48439" lon="10.98264">
				<ele>805.44</ele>
				<time>2026-09-22T15:51:40.817Z</time>
			</trkpt>
			<trkpt lat="47.48417" lon="10.98452">
				<ele>807.67</ele>
				<time>2026-09-22T15:51:47.039Z</time>
			</trkpt>
			<trkpt lat="47.484" lon="10.98553">
				<ele>806.83</ele>
				<time>2026-09-22T15:51:50.453Z</time>
			</trkpt>
			<trkpt lat="47.48385" lon="10.98606">
				<ele>802.25</ele>
				<time>2026-09-22T15:51:52.344Z</time>
			</trkpt>
			<trkpt lat="47.48372" lon="10.98638">
				<ele>803.7</ele>
				<time>2026-09-22T15:51:53.575Z</time>
			</trkpt>
			<trkpt lat="47.48347" lon="10.98696">
				<ele>800.73</ele>
				<time>2026-09-22T15:51:55.847Z</time>
			</trkpt>
			<trkpt lat="47.48327" lon="10.98734">
				<ele>800.28</ele>
				<time>2026-09-22T15:51:57.443Z</time>
			</trkpt>
			<trkpt lat="47.4829" lon="10.9879">
				<ele>800.6</ele>
				<time>2026-09-22T15:52:00.043Z</time>
			</trkpt>
			<trkpt lat="47.48264" lon="10.98836">
				<ele>801.8</ele>
				<time>2026-09-22T15:52:02.041Z</time>
			</trkpt>
			<trkpt lat="47.48238" lon="10.98895">
				<ele>802.52</ele>
				<time>2026-09-22T15:52:04.393Z</time>
			</trkpt>
			<trkpt lat="47.48222" lon="10.98948">
				<ele>802.28</ele>
				<time>2026-09-22T15:52:06.338Z</time>
			</trkpt>
			<trkpt lat="47.48216" lon="10.98976">
				<ele>803.59</ele>
				<time>2026-09-22T15:52:07.324Z</time>
			</trkpt>
			<trkpt lat="47.4821" lon="10.99024">
				<ele>806.15</ele>
				<time>2026-09-22T15:52:08.965Z</time>
			</trkpt>
			<trkpt lat="47.48208" lon="10.99083">
				<ele>803.95</ele>
				<time>2026-09-22T15:52:10.956Z</time>
			</trkpt>
			<trkpt lat="47.48208" lon="10.9927">
				<ele>799.47</ele>
				<time>2026-09-22T15:52:17.294Z</time>
			</trkpt>
			<trkpt lat="47.48211" lon="10.99321">
				<ele>797.46</ele>
				<time>2026-09-22T15:52:19.039Z</time>
			</trkpt>
			<trkpt lat="47.48232" lon="10.995">
				<ele>801.3</ele>
				<time>2026-09-22T15:52:25.268Z</time>
			</trkpt>
			<trkpt lat="47.48236" lon="10.99566">
				<ele>798.1</ele>
				<time>2026-09-22T15:52:27.553Z</time>
			</trkpt>
			<trkpt lat="47.48236" lon="10.99624">
				<ele>795.46</ele>
				<time>2026-09-22T15:52:29.560Z</time>
			</trkpt>
			<trkpt lat="47.48231" lon="10.99684">
				<ele>793.91</ele>
				<time>2026-09-22T15:52:31.658Z</time>
			</trkpt>
			<trkpt lat="47.48222" lon="10.9974">
				<ele>792.04</ele>
				<time>2026-09-22T15:52:33.662Z</time>
			</trkpt>
			<trkpt lat="47.48211" lon="10.99785">
				<ele>794.9</ele>
				<time>2026-09-22T15:52:35.333Z</time>
			</trkpt>
			<trkpt lat="47.48179" lon="10.99897">
				<ele>799.29</ele>
				<time>2026-09-22T15:52:39.596Z</time>
			</trkpt>
			<trkpt lat="47.48171" lon="10.9993">
				<ele>795.48</ele>
				<time>2026-09-22T15:52:40.831Z</time>
			</trkpt>
			<trkpt lat="47.48162" lon="10.99989">
				<ele>795.68</ele>
				<time>2026-09-22T15:52:42.966Z</time>
			</trkpt>
			<trkpt lat="47.48157" lon="11.00037">
				<ele>797.84</ele>
				<time>2026-09-22T15:52:44.685Z</time>
			</trkpt>
			<trkpt lat="47.4815" lon="11.00199">
				<ele>789.42</ele>
				<time>2026-09-22T15:52:50.466Z</time>
			</trkpt>
			<trkpt lat="47.48147" lon="11.00304">
				<ele>792.19</ele>
				<time>2026-09-22T15:52:54.237Z</time>
			</trkpt>
			<trkpt lat="47.4815" lon="11.00363">
				<ele>790.5</ele>
				<time>2026-09-22T15:52:56.369Z</time>
			</trkpt>
			<trkpt lat="47.48157" lon="11.00427">
				<ele>786.67</ele>
				<time>2026-09-22T15:52:58.715Z</time>
			</trkpt>
			<trkpt lat="47.48159" lon="11.00471">
				<ele>786.65</ele>
				<time>2026-09-22T15:53:00.315Z</time>
			</trkpt>
			<trkpt lat="47.48154" lon="11.0058">
				<ele>785.32</ele>
				<time>2026-09-22T15:53:04.297Z</time>
			</trkpt>
			<trkpt lat="47.48157" lon="11.00636">
				<ele>787.65</ele>
				<time>2026-09-22T15:53:06.354Z</time>
			</trkpt>
			<trkpt lat="47.48169" lon="11.00771">
				<ele>781.92</ele>
				<time>2026-09-22T15:53:11.370Z</time>
			</trkpt>
			<trkpt lat="47.48181" lon="11.01067">
				<ele>775.83</ele>
				<time>2026-09-22T15:53:22.437Z</time>
			</trkpt>
			<trkpt lat="47.48181" lon="11.01096">
				<ele>773.67</ele>
				<time>2026-09-22T15:53:23.531Z</time>
			</trkpt>
			<trkpt lat="47.48179" lon="11.01131">
				<ele>772.27</ele>
				<time>2026-09-22T15:53:24.857Z</time>
			</trkpt>
			<trkpt lat="47.48176" lon="11.01153">
				<ele>772.33</ele>
				<time>2026-09-22T15:53:25.707Z</time>
			</trkpt>
			<trkpt lat="47.48151" lon="11.01263">
				<ele>778.32</ele>
				<time>2026-09-22T15:53:30.117Z</time>
			</trkpt>
			<trkpt lat="47.48146" lon="11.01301">
				<ele>781.06</ele>
				<time>2026-09-22T15:53:31.596Z</time>
			</trkpt>
			<trkpt lat="47.48141" lon="11.01476">
				<ele>779.96</ele>
				<time>2026-09-22T15:53:38.332Z</time>
			</trkpt>
			<trkpt lat="47.48139" lon="11.01607">
				<ele>773.83</ele>
				<time>2026-09-22T15:53:43.421Z</time>
			</trkpt>
			<trkpt lat="47.48141" lon="11.01816">
				<ele>774.02</ele>
				<time>2026-09-22T15:53:51.630Z</time>
			</trkpt>
			<trkpt lat="47.48144" lon="11.01937">
				<ele>768.42</ele>
				<time>2026-09-22T15:53:56.438Z</time>
			</trkpt>
			<trkpt lat="47.48148" lon="11.02016">
				<ele>766.46</ele>
				<time>2026-09-22T15:53:59.606Z</time>
			</trkpt>
			<trkpt lat="47.48159" lon="11.02121">
				<ele>762.26</ele>
				<time>2026-09-22T15:54:03.880Z</time>
			</trkpt>
			<trkpt lat="47.48176" lon="11.02263">
				<ele>770.57</ele>
				<time>2026-09-22T15:54:09.732Z</time>
			</trkpt>
			<trkpt lat="47.48185" lon="11.02372">
				<ele>763.83</ele>
				<time>2026-09-22T15:54:14.226Z</time>
			</trkpt>
			<trkpt lat="47.48204" lon="11.02624">
				<ele>764.05</ele>
				<time>2026-09-22T15:54:24.738Z</time>
			</trkpt>
			<trkpt lat="47.48209" lon="11.02681">
				<ele>764.25</ele>
				<time>2026-09-22T15:54:27.147Z</time>
			</trkpt>
			<trkpt lat="47.48216" lon="11.02719">
				<ele>762.08</ele>
				<time>2026-09-22T15:54:28.804Z</time>
			</trkpt>
			<trkpt lat="47.48225" lon="11.02756">
				<ele>762.94</ele>
				<time>2026-09-22T15:54:30.462Z</time>
			</trkpt>
			<trkpt lat="47.48233" lon="11.0278">
				<ele>763.84</ele>
				<time>2026-09-22T15:54:31.593Z</time>
			</trkpt>
			<trkpt lat="47.48277" lon="11.02886">
				<ele>766.36</ele>
				<time>2026-09-22T15:54:36.880Z</time>
			</trkpt>
			<trkpt lat="47.48289" lon="11.02919">
				<ele>767.4</ele>
				<time>2026-09-22T15:54:38.482Z</time>
			</trkpt>
			<trkpt lat="47.48301" lon="11.02967">
				<ele>761.05</ele>
				<time>2026-09-22T15:54:40.677Z</time>
			</trkpt>
			<trkpt lat="47.48319" lon="11.03072">
				<ele>757.57</ele>
				<time>2026-09-22T15:54:45.350Z</time>
			</trkpt>
			<trkpt lat="47.48324" lon="11.03118">
				<ele>760.29</ele>
				<time>2026-09-22T15:54:47.371Z</time>
			</trkpt>
			<trkpt lat="47.48326" lon="11.03174">
				<ele>765.02</ele>
				<time>2026-09-22T15:54:49.813Z</time>
			</trkpt>
			<trkpt lat="47.48325" lon="11.03268">
				<ele>762.5</ele>
				<time>2026-09-22T15:54:53.929Z</time>
			</trkpt>
			<trkpt lat="47.48326" lon="11.03292">
				<ele>762.96</ele>
				<time>2026-09-22T15:54:54.986Z</time>
			</trkpt>
			<trkpt lat="47.48338" lon="11.03376">
				<ele>767.48</ele>
				<time>2026-09-22T15:54:58.776Z</time>
			</trkpt>
			<trkpt lat="47.48346" lon="11.03468">
				<ele>762.99</ele>
				<time>2026-09-22T15:55:02.898Z</time>
			</trkpt>
			<trkpt lat="47.48351" lon="11.03579">
				<ele>762.61</ele>
				<time>2026-09-22T15:55:07.880Z</time>
			</trkpt>
			<trkpt lat="47.48351" lon="11.03661">
				<ele>757.58</ele>
				<time>2026-09-22T15:55:11.578Z</time>
			</trkpt>
			<trkpt lat="47.4835" lon="11.03713">
				<ele>755.99</ele>
				<time>2026-09-22T15:55:13.936Z</time>
			</trkpt>
			<trkpt lat="47.48347" lon="11.03764">
				<ele>755.98</ele>
				<time>2026-09-22T15:55:16.265Z</time>
			</trkpt>
			<trkpt lat="47.4834" lon="11.03808">
				<ele>755.44</ele>
				<time>2026-09-22T15:55:18.330Z</time>
			</trkpt>
			<trkpt lat="47.48321" lon="11.03892">
				<ele>749.08</ele>
				<time>2026-09-22T15:55:22.395Z</time>
			</trkpt>
			<trkpt lat="47.48307" lon="11.03936">
				<ele>741.4</ele>
				<time>2026-09-22T15:55:24.639Z</time>
			</trkpt>
			<trkpt lat="47.48288" lon="11.03974">
				<ele>740.22</ele>
				<time>2026-09-22T15:55:26.828Z</time>
			</trkpt>
			<trkpt lat="47.4828" lon="11.03998">
				<ele>740.04</ele>
				<time>2026-09-22T15:55:28.071Z</time>
			</trkpt>
			<trkpt lat="47.48278" lon="11.04008">
				<ele>740</ele>
				<time>2026-09-22T15:55:28.555Z</time>
			</trkpt>
			<trkpt lat="47.48272" lon="11.04063">
				<ele>740.86</ele>
				<time>2026-09-22T15:55:31.153Z</time>
			</trkpt>
			<trkpt lat="47.48266" lon="11.04098">
				<ele>741.34</ele>
				<time>2026-09-22T15:55:32.842Z</time>
			</trkpt>
			<trkpt lat="47.48261" lon="11.04121">
				<ele>741.78</ele>
				<time>2026-09-22T15:55:33.974Z</time>
			</trkpt>
			<trkpt lat="47.4818" lon="11.04405">
				<ele>745.77</ele>
				<time>2026-09-22T15:55:48.613Z</time>
			</trkpt>
			<trkpt lat="47.48152" lon="11.04486">
				<ele>746.45</ele>
				<time>2026-09-22T15:55:52.999Z</time>
			</trkpt>
			<trkpt lat="47.48132" lon="11.04529">
				<ele>745.79</ele>
				<time>2026-09-22T15:55:55.530Z</time>
			</trkpt>
			<trkpt lat="47.48089" lon="11.0461">
				<ele>739.01</ele>
				<time>2026-09-22T15:56:00.554Z</time>
			</trkpt>
			<trkpt lat="47.48058" lon="11.04679">
				<ele>740.22</ele>
				<time>2026-09-22T15:56:04.625Z</time>
			</trkpt>
			<trkpt lat="47.48051" lon="11.04704">
				<ele>739.54</ele>
				<time>2026-09-22T15:56:05.960Z</time>
			</trkpt>
			<trkpt lat="47.48043" lon="11.04737">
				<ele>738.45</ele>
				<time>2026-09-22T15:56:07.694Z</time>
			</trkpt>
			<trkpt lat="47.48037" lon="11.04778">
				<ele>735.9</ele>
				<time>2026-09-22T15:56:09.775Z</time>
			</trkpt>
			<trkpt lat="47.48035" lon="11.04823">
				<ele>734.67</ele>
				<time>2026-09-22T15:56:12.020Z</time>
			</trkpt>
			<trkpt lat="47.48036" lon="11.04865">
				<ele>733.53</ele>
				<time>2026-09-22T15:56:14.119Z</time>
			</trkpt>
			<trkpt lat="47.48032" lon="11.04893">
				<ele>734.87</ele>
				<time>2026-09-22T15:56:15.552Z</time>
			</trkpt>
			<trkpt lat="47.48025" lon="11.04904">
				<ele>735.64</ele>
				<time>2026-09-22T15:56:16.310Z</time>
			</trkpt>
			<trkpt lat="47.48016" lon="11.04912">
				<ele>736.31</ele>
				<time>2026-09-22T15:56:17.090Z</time>
			</trkpt>
			<trkpt lat="47.48007" lon="11.04918">
				<ele>736.75</ele>
				<time>2026-09-22T15:56:17.825Z</time>
			</trkpt>
			<trkpt lat="47.47986" lon="11.04922">
				<ele>736.63</ele>
				<time>2026-09-22T15:56:19.403Z</time>
			</trkpt>
			<trkpt lat="47.47968" lon="11.0493">
				<ele>736.52</ele>
				<time>2026-09-22T15:56:20.807Z</time>
			</trkpt>
			<trkpt lat="47.47952" lon="11.04939">
				<ele>736.41</ele>
				<time>2026-09-22T15:56:22.089Z</time>
			</trkpt>
			<trkpt lat="47.4793" lon="11.04961">
				<ele>736.24</ele>
				<time>2026-09-22T15:56:24.082Z</time>
			</trkpt>
			<trkpt lat="47.47917" lon="11.0498">
				<ele>737.09</ele>
				<time>2026-09-22T15:56:25.457Z</time>
			</trkpt>
			<trkpt lat="47.47903" lon="11.05005">
				<ele>735.72</ele>
				<time>2026-09-22T15:56:27.112Z</time>
			</trkpt>
			<trkpt lat="47.47892" lon="11.05037">
				<ele>733.84</ele>
				<time>2026-09-22T15:56:28.947Z</time>
			</trkpt>
			<trkpt lat="47.47888" lon="11.05052">
				<ele>733.24</ele>
				<time>2026-09-22T15:56:29.773Z</time>
			</trkpt>
			<trkpt lat="47.47883" lon="11.05082">
				<ele>732.03</ele>
				<time>2026-09-22T15:56:31.358Z</time>
			</trkpt>
			<trkpt lat="47.47881" lon="11.05132">
				<ele>732.43</ele>
				<time>2026-09-22T15:56:33.937Z</time>
			</trkpt>
			<trkpt lat="47.47886" lon="11.05167">
				<ele>728.11</ele>
				<time>2026-09-22T15:56:35.784Z</time>
			</trkpt>
			<trkpt lat="47.47895" lon="11.05198">
				<ele>724.86</ele>
				<time>2026-09-22T15:56:37.532Z</time>
			</trkpt>
			<trkpt lat="47.47897" lon="11.05203">
				<ele>724.65</ele>
				<time>2026-09-22T15:56:37.833Z</time>
			</trkpt>
			<trkpt lat="47.47906" lon="11.05227">
				<ele>723.66</ele>
				<time>2026-09-22T15:56:39.259Z</time>
			</trkpt>
			<trkpt lat="47.47907" lon="11.05229">
				<ele>723.54</ele>
				<time>2026-09-22T15:56:39.388Z</time>
			</trkpt>
			<trkpt lat="47.47938" lon="11.0529">
				<ele>724.67</ele>
				<time>2026-09-22T15:56:43.369Z</time>
			</trkpt>
			<trkpt lat="47.4795" lon="11.05319">
				<ele>724.29</ele>
				<time>2026-09-22T15:56:45.151Z</time>
			</trkpt>
			<trkpt lat="47.47972" lon="11.05389">
				<ele>720.97</ele>
				<time>2026-09-22T15:56:49.213Z</time>
			</trkpt>
			<trkpt lat="47.47988" lon="11.0548">
				<ele>721.7</ele>
				<time>2026-09-22T15:56:54.194Z</time>
			</trkpt>
			<trkpt lat="47.48003" lon="11.05586">
				<ele>720.86</ele>
				<time>2026-09-22T15:57:00.010Z</time>
			</trkpt>
			<trkpt lat="47.48005" lon="11.056">
				<ele>720.79</ele>
				<time>2026-09-22T15:57:00.791Z</time>
			</trkpt>
			<trkpt lat="47.4801" lon="11.05644">
				<ele>721</ele>
				<time>2026-09-22T15:57:03.244Z</time>
			</trkpt>
			<trkpt lat="47.48012" lon="11.05686">
				<ele>721</ele>
				<time>2026-09-22T15:57:05.586Z</time>
			</trkpt>
			<trkpt lat="47.48006" lon="11.05803">
				<ele>720.34</ele>
				<time>2026-09-22T15:57:12.242Z</time>
			</trkpt>
			<trkpt lat="47.48006" lon="11.05834">
				<ele>719.77</ele>
				<time>2026-09-22T15:57:14.032Z</time>
			</trkpt>
			<trkpt lat="47.48009" lon="11.05861">
				<ele>719.97</ele>
				<time>2026-09-22T15:57:15.622Z</time>
			</trkpt>
			<trkpt lat="47.48014" lon="11.05885">
				<ele>720.31</ele>
				<time>2026-09-22T15:57:17.091Z</time>
			</trkpt>
			<trkpt lat="47.48064" lon="11.0608">
				<ele>717.33</ele>
				<time>2026-09-22T15:57:29.600Z</time>
			</trkpt>
			<trkpt lat="47.48077" lon="11.06114">
				<ele>718.4</ele>
				<time>2026-09-22T15:57:32.003Z</time>
			</trkpt>
			<trkpt lat="47.48089" lon="11.06139">
				<ele>719.02</ele>
				<time>2026-09-22T15:57:33.902Z</time>
			</trkpt>
			<trkpt lat="47.48114" lon="11.06178">
				<ele>719.94</ele>
				<time>2026-09-22T15:57:37.257Z</time>
			</trkpt>
			<trkpt lat="47.48133" lon="11.06199">
				<ele>719.38</ele>
				<time>2026-09-22T15:57:39.466Z</time>
			</trkpt>
			<trkpt lat="47.48157" lon="11.06217">
				<ele>719.95</ele>
				<time>2026-09-22T15:57:41.988Z</time>
			</trkpt>
			<trkpt lat="47.48212" lon="11.0625">
				<ele>718.02</ele>
				<time>2026-09-22T15:57:47.615Z</time>
			</trkpt>
			<trkpt lat="47.48257" lon="11.06281">
				<ele>717.61</ele>
				<time>2026-09-22T15:57:52.384Z</time>
			</trkpt>
			<trkpt lat="47.48273" lon="11.06295">
				<ele>717.53</ele>
				<time>2026-09-22T15:57:54.185Z</time>
			</trkpt>
			<trkpt lat="47.48315" lon="11.0634">
				<ele>719.51</ele>
				<time>2026-09-22T15:57:59.248Z</time>
			</trkpt>
			<trkpt lat="47.48409" lon="11.06528">
				<ele>719</ele>
				<time>2026-09-22T15:58:15.030Z</time>
			</trkpt>
			<trkpt lat="47.48503" lon="11.06695">
				<ele>718.94</ele>
				<time>2026-09-22T15:58:30.127Z</time>
			</trkpt>
			<trkpt lat="47.48541" lon="11.06759">
				<ele>717</ele>
				<time>2026-09-22T15:58:36.146Z</time>
			</trkpt>
			<trkpt lat="47.48496" lon="11.06818">
				<ele>715</ele>
				<time>2026-09-22T15:58:42.488Z</time>
			</trkpt>
			<trkpt lat="47.48463" lon="11.06848">
				<ele>716.19</ele>
				<time>2026-09-22T15:58:46.602Z</time>
			</trkpt>
			<trkpt lat="47.48351" lon="11.06938">
				<ele>717.85</ele>
				<time>2026-09-22T15:59:00.289Z</time>
			</trkpt>
			<trkpt lat="47.48341" lon="11.06943">
				<ele>717.99</ele>
				<time>2026-09-22T15:59:01.432Z</time>
			</trkpt>
			<trkpt lat="47.48336" lon="11.06954">
				<ele>717.95</ele>
				<time>2026-09-22T15:59:02.403Z</time>
			</trkpt>
			<trkpt lat="47.48336" lon="11.06967">
				<ele>717.89</ele>
				<time>2026-09-22T15:59:03.356Z</time>
			</trkpt>
			<trkpt lat="47.48366" lon="11.07039">
				<ele>718</ele>
				<time>2026-09-22T15:59:09.581Z</time>
			</trkpt>
			<trkpt lat="47.48374" lon="11.07053">
				<ele>718</ele>
				<time>2026-09-22T15:59:10.935Z</time>
			</trkpt>
			<trkpt lat="47.484" lon="11.07129">
				<ele>716.33</ele>
				<time>2026-09-22T15:59:17.248Z</time>
			</trkpt>
			<trkpt lat="47.48481" lon="11.07393">
				<ele>714.58</ele>
				<time>2026-09-22T15:59:39.014Z</time>
			</trkpt>
			<trkpt lat="47.48508" lon="11.07497">
				<ele>711.38</ele>
				<time>2026-09-22T15:59:47.697Z</time>
			</trkpt>
			<trkpt lat="47.48507" lon="11.07505">
				<ele>711.14</ele>
				<time>2026-09-22T15:59:48.341Z</time>
			</trkpt>
			<trkpt lat="47.48542" lon="11.0765">
				<ele>712.41</ele>
				<time>2026-09-22T16:00:00.765Z</time>
			</trkpt>
			<trkpt lat="47.48548" lon="11.0766">
				<ele>712.77</ele>
				<time>2026-09-22T16:00:01.864Z</time>
			</trkpt>
			<trkpt lat="47.4858" lon="11.07794">
				<ele>709.1</ele>
				<time>2026-09-22T16:00:13.739Z</time>
			</trkpt>
			<trkpt lat="47.48634" lon="11.08005">
				<ele>707.46</ele>
				<time>2026-09-22T16:00:33.237Z</time>
			</trkpt>
			<trkpt lat="47.48715" lon="11.08271">
				<ele>706.21</ele>
				<time>2026-09-22T16:00:59.427Z</time>
			</trkpt>
			<trkpt lat="47.48753" lon="11.08386">
				<ele>706.2</ele>
				<time>2026-09-22T16:01:11.196Z</time>
			</trkpt>
			<trkpt lat="47.48772" lon="11.0844">
				<ele>707.67</ele>
				<time>2026-09-22T16:01:16.842Z</time>
			</trkpt>
			<trkpt lat="47.48792" lon="11.08491">
				<ele>706.77</ele>
				<time>2026-09-22T16:01:22.336Z</time>
			</trkpt>
			<trkpt lat="47.48846" lon="11.08596">
				<ele>703.47</ele>
				<time>2026-09-22T16:01:34.713Z</time>
			</trkpt>
			<trkpt lat="47.48921" lon="11.08721">
				<ele>703.18</ele>
				<time>2026-09-22T16:01:50.516Z</time>
			</trkpt>
			<trkpt lat="47.4894" lon="11.08762">
				<ele>704.05</ele>
				<time>2026-09-22T16:01:55.236Z</time>
			</trkpt>
			<trkpt lat="47.49016" lon="11.08943">
				<ele>705</ele>
				<time>2026-09-22T16:02:15.518Z</time>
			</trkpt>
			<trkpt lat="47.49064" lon="11.09068">
				<ele>700.2</ele>
				<time>2026-09-22T16:02:29.208Z</time>
			</trkpt>
			<trkpt lat="47.49082" lon="11.09132">
				<ele>701.99</ele>
				<time>2026-09-22T16:02:35.799Z</time>
			</trkpt>
			<trkpt lat="47.4913" lon="11.093">
				<ele>702.29</ele>
				<time>2026-09-22T16:02:53.069Z</time>
			</trkpt>
			<trkpt lat="47.4918" lon="11.09487">
				<ele>703</ele>
				<time>2026-09-22T16:03:11.924Z</time>
			</trkpt>
			<trkpt lat="47.49206" lon="11.09567">
				<ele>703.42</ele>
				<time>2026-09-22T16:03:20.160Z</time>
			</trkpt>
			<trkpt lat="47.49242" lon="11.09679">
				<ele>706.13</ele>
				<time>2026-09-22T16:03:31.556Z</time>
			</trkpt>
			<trkpt lat="47.49266" lon="11.0976">
				<ele>706.62</ele>
				<time>2026-09-22T16:03:39.592Z</time>
			</trkpt>
			<trkpt lat="47.49271" lon="11.09791">
				<ele>707.11</ele>
				<time>2026-09-22T16:03:42.468Z</time>
			</trkpt>
			<trkpt lat="47.4927" lon="11.09803">
				<ele>707.23</ele>
				<time>2026-09-22T16:03:43.556Z</time>
			</trkpt>
			<trkpt lat="47.49266" lon="11.09817">
				<ele>706.96</ele>
				<time>2026-09-22T16:03:44.921Z</time>
			</trkpt>
			<trkpt lat="47.49257" lon="11.09832">
				<ele>706.76</ele>
				<time>2026-09-22T16:03:46.719Z</time>
			</trkpt>
			<trkpt lat="47.49202" lon="11.09871">
				<ele>708</ele>
				<time>2026-09-22T16:03:54.749Z</time>
			</trkpt>
			<trkpt lat="47.49172" lon="11.09765">
				<ele>709.02</ele>
				<time>2026-09-22T16:04:04.820Z</time>
			</trkpt>
		</trkseg>
	</trk>
</gpx>