<?xml version="1.0" encoding="UTF-8"?>
<gpx version="1.1" creator="Kurviger" xmlns="http://www.topografix.com/GPX/1/1" xmlns:xsi="http://www.w3.org/2001/XMLSchema-instance" xsi:schemaLocation="http://www.topografix.com/GPX/1/1 http://www.topografix.com/GPX/1/1/gpx.xsd http://www.garmin.com/xmlschemas/GpxExtensions/v3 http://www.garmin.com/xmlschemas/GpxExtensionsv3.xsd http://www.garmin.com/xmlschemas/TripExtensions/v1 http://www.garmin.com/xmlschemas/TripExtensionsv1.xsd" xmlns:gpxx="http://www.garmin.com/xmlschemas/GpxExtensions/v3" xmlns:trp="http://www.garmin.com/xmlschemas/TripExtensions/v1">
	<metadata>
		<name>Namlostal und Hahntennjoch</name>
		<copyright author="OpenStreetMap contributors"/>
		<link href="https://kurviger.com">
			<text>Kurviger.com GPX</text>
		</link>
		<time>2026-09-22T14:07:33.661Z</time>
	</metadata>
	<trk>
		<name>Namlostal und Hahntennjoch</name>
		<trkseg>
			<trkpt lat="47.38328" lon="10.89165">
				<ele>998.16</ele>
				<time>2026-09-22T14:07:33.659Z</time>
			</trkpt>
			<trkpt lat="47.38304" lon="10.89146">
				<ele>1000.92</ele>
				<time>2026-09-22T14:07:36.146Z</time>
			</trkpt>
			<trkpt lat="47.38262" lon="10.89129">
				<ele>1001.27</ele>
				<time>2026-09-22T14:07:40.125Z</time>
			</trkpt>
			<trkpt lat="47.38236" lon="10.89114">
				<ele>997.57</ele>
				<time>2026-09-22T14:07:42.675Z</time>
			</trkpt>
			<trkpt lat="47.38207" lon="10.89088">
				<ele>997.87</ele>
				<time>2026-09-22T14:07:45.776Z</time>
			</trkpt>
			<trkpt lat="47.38098" lon="10.89012">
				<ele>1004.61</ele>
				<time>2026-09-22T14:07:56.793Z</time>
			</trkpt>
			<trkpt lat="47.38056" lon="10.88986">
				<ele>1006.16</ele>
				<time>2026-09-22T14:08:00.956Z</time>
			</trkpt>
			<trkpt lat="47.37881" lon="10.88904">
				<ele>995.98</ele>
				<time>2026-09-22T14:08:17.727Z</time>
			</trkpt>
			<trkpt lat="47.37851" lon="10.88891">
				<ele>999</ele>
				<time>2026-09-22T14:08:20.580Z</time>
			</trkpt>
			<trkpt lat="47.37801" lon="10.88882">
				<ele>1008.76</ele>
				<time>2026-09-22T14:08:25.175Z</time>
			</trkpt>
			<trkpt lat="47.37767" lon="10.88882">
				<ele>1010.75</ele>
				<time>2026-09-22T14:08:28.275Z</time>
			</trkpt>
			<trkpt lat="47.3773" lon="10.88888">
				<ele>1011.28</ele>
				<time>2026-09-22T14:08:31.667Z</time>
			</trkpt>
			<trkpt lat="47.3753" lon="10.88945">
				<ele>1022</ele>
				<time>2026-09-22T14:08:50.192Z</time>
			</trkpt>
			<trkpt lat="47.37508" lon="10.88945">
				<ele>1022.8</ele>
				<time>2026-09-22T14:08:52.188Z</time>
			</trkpt>
			<trkpt lat="47.37448" lon="10.88926">
				<ele>1019.56</ele>
				<time>2026-09-22T14:08:57.750Z</time>
			</trkpt>
			<trkpt lat="47.37413" lon="10.8891">
				<ele>1019.02</ele>
				<time>2026-09-22T14:09:01.067Z</time>
			</trkpt>
			<trkpt lat="47.37382" lon="10.88887">
				<ele>1020.39</ele>
				<time>2026-09-22T14:09:04.205Z</time>
			</trkpt>
			<trkpt lat="47.37223" lon="10.88743">
				<ele>1039.71</ele>
				<time>2026-09-22T14:09:21.019Z</time>
			</trkpt>
			<trkpt lat="47.37204" lon="10.88725">
				<ele>1040.83</ele>
				<time>2026-09-22T14:09:23.046Z</time>
			</trkpt>
			<trkpt lat="47.37166" lon="10.88678">
				<ele>1046.56</ele>
				<time>2026-09-22T14:09:27.493Z</time>
			</trkpt>
			<trkpt lat="47.37114" lon="10.88586">
				<ele>1052.17</ele>
				<time>2026-09-22T14:09:34.755Z</time>
			</trkpt>
			<trkpt lat="47.37096" lon="10.88548">
				<ele>1053.33</ele>
				<time>2026-09-22T14:09:37.559Z</time>
			</trkpt>
			<trkpt lat="47.37086" lon="10.88515">
				<ele>1057.5</ele>
				<time>2026-09-22T14:09:39.743Z</time>
			</trkpt>
			<trkpt lat="47.37074" lon="10.88459">
				<ele>1057.9</ele>
				<time>2026-09-22T14:09:43.285Z</time>
			</trkpt>
			<trkpt lat="47.37057" lon="10.884">
				<ele>1057.18</ele>
				<time>2026-09-22T14:09:47.145Z</time>
			</trkpt>
			<trkpt lat="47.37044" lon="10.88367">
				<ele>1059.9</ele>
				<time>2026-09-22T14:09:49.440Z</time>
			</trkpt>
			<trkpt lat="47.37018" lon="10.88323">
				<ele>1063.55</ele>
				<time>2026-09-22T14:09:52.944Z</time>
			</trkpt>
			<trkpt lat="47.36993" lon="10.88298">
				<ele>1066.51</ele>
				<time>2026-09-22T14:09:55.614Z</time>
			</trkpt>
			<trkpt lat="47.36923" lon="10.8827">
				<ele>1073.84</ele>
				<time>2026-09-22T14:10:02.013Z</time>
			</trkpt>
			<trkpt lat="47.36894" lon="10.88255">
				<ele>1074.35</ele>
				<time>2026-09-22T14:10:04.716Z</time>
			</trkpt>
			<trkpt lat="47.36789" lon="10.88165">
				<ele>1084.54</ele>
				<time>2026-09-22T14:10:15.354Z</time>
			</trkpt>
			<trkpt lat="47.36756" lon="10.88132">
				<ele>1084.63</ele>
				<time>2026-09-22T14:10:18.829Z</time>
			</trkpt>
			<trkpt lat="47.36674" lon="10.88039">
				<ele>1090.18</ele>
				<time>2026-09-22T14:10:27.807Z</time>
			</trkpt>
			<trkpt lat="47.36657" lon="10.88013">
				<ele>1092.26</ele>
				<time>2026-09-22T14:10:29.923Z</time>
			</trkpt>
			<trkpt lat="47.36642" lon="10.87985">
				<ele>1093.28</ele>
				<time>2026-09-22T14:10:32.010Z</time>
			</trkpt>
			<trkpt lat="47.3663" lon="10.87954">
				<ele>1093.43</ele>
				<time>2026-09-22T14:10:34.095Z</time>
			</trkpt>
			<trkpt lat="47.3662" lon="10.87925">
				<ele>1094.05</ele>
				<time>2026-09-22T14:10:35.991Z</time>
			</trkpt>
			<trkpt lat="47.36601" lon="10.87832">
				<ele>1091.25</ele>
				<time>2026-09-22T14:10:41.636Z</time>
			</trkpt>
			<trkpt lat="47.36591" lon="10.87794">
				<ele>1088.35</ele>
				<time>2026-09-22T14:10:43.996Z</time>
			</trkpt>
			<trkpt lat="47.3652" lon="10.87638">
				<ele>1087</ele>
				<time>2026-09-22T14:10:54.818Z</time>
			</trkpt>
			<trkpt lat="47.36499" lon="10.87569">
				<ele>1086</ele>
				<time>2026-09-22T14:10:59.143Z</time>
			</trkpt>
			<trkpt lat="47.36494" lon="10.87532">
				<ele>1087.1</ele>
				<time>2026-09-22T14:11:01.294Z</time>
			</trkpt>
			<trkpt lat="47.36495" lon="10.87492">
				<ele>1087.17</ele>
				<time>2026-09-22T14:11:03.571Z</time>
			</trkpt>
			<trkpt lat="47.36498" lon="10.87461">
				<ele>1087.04</ele>
				<time>2026-09-22T14:11:05.348Z</time>
			</trkpt>
			<trkpt lat="47.3651" lon="10.87422">
				<ele>1087.35</ele>
				<time>2026-09-22T14:11:07.775Z</time>
			</trkpt>
			<trkpt lat="47.36529" lon="10.87387">
				<ele>1087.08</ele>
				<time>2026-09-22T14:11:10.309Z</time>
			</trkpt>
			<trkpt lat="47.36568" lon="10.87332">
				<ele>1090.66</ele>
				<time>2026-09-22T14:11:14.791Z</time>
			</trkpt>
			<trkpt lat="47.36579" lon="10.87326">
				<ele>1093.33</ele>
				<time>2026-09-22T14:11:15.763Z</time>
			</trkpt>
			<trkpt lat="47.36596" lon="10.87304">
				<ele>1094.67</ele>
				<time>2026-09-22T14:11:17.634Z</time>
			</trkpt>
			<trkpt lat="47.36601" lon="10.87284">
				<ele>1093.38</ele>
				<time>2026-09-22T14:11:18.827Z</time>
			</trkpt>
			<trkpt lat="47.36599" lon="10.87251">
				<ele>1091.27</ele>
				<time>2026-09-22T14:11:20.680Z</time>
			</trkpt>
			<trkpt lat="47.36603" lon="10.87235">
				<ele>1091.08</ele>
				<time>2026-09-22T14:11:21.633Z</time>
			</trkpt>
			<trkpt lat="47.36612" lon="10.87219">
				<ele>1091.1</ele>
				<time>2026-09-22T14:11:22.793Z</time>
			</trkpt>
			<trkpt lat="47.36635" lon="10.87195">
				<ele>1091.95</ele>
				<time>2026-09-22T14:11:25.110Z</time>
			</trkpt>
			<trkpt lat="47.36641" lon="10.87184">
				<ele>1092.8</ele>
				<time>2026-09-22T14:11:25.896Z</time>
			</trkpt>
			<trkpt lat="47.36658" lon="10.87133">
				<ele>1098.84</ele>
				<time>2026-09-22T14:11:29.054Z</time>
			</trkpt>
			<trkpt lat="47.36666" lon="10.8712">
				<ele>1099.57</ele>
				<time>2026-09-22T14:11:30.028Z</time>
			</trkpt>
			<trkpt lat="47.36678" lon="10.87112">
				<ele>1098.01</ele>
				<time>2026-09-22T14:11:31.106Z</time>
			</trkpt>
			<trkpt lat="47.36693" lon="10.8711">
				<ele>1094.17</ele>
				<time>2026-09-22T14:11:32.337Z</time>
			</trkpt>
			<trkpt lat="47.36703" lon="10.87116">
				<ele>1094</ele>
				<time>2026-09-22T14:11:33.218Z</time>
			</trkpt>
			<trkpt lat="47.36713" lon="10.87129">
				<ele>1094</ele>
				<time>2026-09-22T14:11:34.306Z</time>
			</trkpt>
			<trkpt lat="47.36718" lon="10.87144">
				<ele>1093.78</ele>
				<time>2026-09-22T14:11:35.229Z</time>
			</trkpt>
			<trkpt lat="47.36719" lon="10.87159">
				<ele>1093.25</ele>
				<time>2026-09-22T14:11:36.061Z</time>
			</trkpt>
			<trkpt lat="47.36715" lon="10.87172">
				<ele>1092.24</ele>
				<time>2026-09-22T14:11:36.848Z</time>
			</trkpt>
			<trkpt lat="47.36709" lon="10.87184">
				<ele>1091</ele>
				<time>2026-09-22T14:11:37.670Z</time>
			</trkpt>
			<trkpt lat="47.36703" lon="10.87187">
				<ele>1091.01</ele>
				<time>2026-09-22T14:11:38.185Z</time>
			</trkpt>
			<trkpt lat="47.36689" lon="10.87189">
				<ele>1091.71</ele>
				<time>2026-09-22T14:11:39.328Z</time>
			</trkpt>
			<trkpt lat="47.36659" lon="10.87173">
				<ele>1093.69</ele>
				<time>2026-09-22T14:11:41.917Z</time>
			</trkpt>
			<trkpt lat="47.36635" lon="10.87167">
				<ele>1094.23</ele>
				<time>2026-09-22T14:11:43.888Z</time>
			</trkpt>
			<trkpt lat="47.36574" lon="10.87163">
				<ele>1095.59</ele>
				<time>2026-09-22T14:11:48.820Z</time>
			</trkpt>
			<trkpt lat="47.36552" lon="10.8716">
				<ele>1095.13</ele>
				<time>2026-09-22T14:11:50.600Z</time>
			</trkpt>
			<trkpt lat="47.36534" lon="10.87155">
				<ele>1095.03</ele>
				<time>2026-09-22T14:11:52.073Z</time>
			</trkpt>
			<trkpt lat="47.36509" lon="10.87142">
				<ele>1098.5</ele>
				<time>2026-09-22T14:11:54.202Z</time>
			</trkpt>
			<trkpt lat="47.36492" lon="10.87126">
				<ele>1101.23</ele>
				<time>2026-09-22T14:11:55.819Z</time>
			</trkpt>
			<trkpt lat="47.36459" lon="10.8709">
				<ele>1103.71</ele>
				<time>2026-09-22T14:11:59.104Z</time>
			</trkpt>
			<trkpt lat="47.36442" lon="10.87066">
				<ele>1107.06</ele>
				<time>2026-09-22T14:12:00.983Z</time>
			</trkpt>
			<trkpt lat="47.3641" lon="10.87015">
				<ele>1113.79</ele>
				<time>2026-09-22T14:12:04.736Z</time>
			</trkpt>
			<trkpt lat="47.3637" lon="10.86943">
				<ele>1120.08</ele>
				<time>2026-09-22T14:12:09.746Z</time>
			</trkpt>
			<trkpt lat="47.36322" lon="10.86871">
				<ele>1113.7</ele>
				<time>2026-09-22T14:12:15.159Z</time>
			</trkpt>
			<trkpt lat="47.36309" lon="10.86846">
				<ele>1112.01</ele>
				<time>2026-09-22T14:12:16.843Z</time>
			</trkpt>
			<trkpt lat="47.36299" lon="10.86818">
				<ele>1110.33</ele>
				<time>2026-09-22T14:12:18.532Z</time>
			</trkpt>
			<trkpt lat="47.36292" lon="10.86794">
				<ele>1110.71</ele>
				<time>2026-09-22T14:12:19.925Z</time>
			</trkpt>
			<trkpt lat="47.36288" lon="10.86767">
				<ele>1110.98</ele>
				<time>2026-09-22T14:12:21.396Z</time>
			</trkpt>
			<trkpt lat="47.36283" lon="10.867">
				<ele>1110.44</ele>
				<time>2026-09-22T14:12:24.978Z</time>
			</trkpt>
			<trkpt lat="47.36277" lon="10.86665">
				<ele>1113.14</ele>
				<time>2026-09-22T14:12:26.892Z</time>
			</trkpt>
			<trkpt lat="47.36268" lon="10.86639">
				<ele>1116.22</ele>
				<time>2026-09-22T14:12:28.438Z</time>
			</trkpt>
			<trkpt lat="47.36251" lon="10.86602">
				<ele>1121.86</ele>
				<time>2026-09-22T14:12:30.802Z</time>
			</trkpt>
			<trkpt lat="47.36216" lon="10.86534">
				<ele>1131.38</ele>
				<time>2026-09-22T14:12:35.307Z</time>
			</trkpt>
			<trkpt lat="47.36204" lon="10.86503">
				<ele>1131.56</ele>
				<time>2026-09-22T14:12:37.185Z</time>
			</trkpt>
			<trkpt lat="47.3618" lon="10.86413">
				<ele>1139.83</ele>
				<time>2026-09-22T14:12:42.261Z</time>
			</trkpt>
			<trkpt lat="47.36172" lon="10.86375">
				<ele>1143.47</ele>
				<time>2026-09-22T14:12:44.343Z</time>
			</trkpt>
			<trkpt lat="47.36148" lon="10.86295">
				<ele>1147.54</ele>
				<time>2026-09-22T14:12:48.911Z</time>
			</trkpt>
			<trkpt lat="47.36138" lon="10.86274">
				<ele>1145.98</ele>
				<time>2026-09-22T14:12:50.248Z</time>
			</trkpt>
			<trkpt lat="47.36121" lon="10.86245">
				<ele>1145</ele>
				<time>2026-09-22T14:12:52.244Z</time>
			</trkpt>
			<trkpt lat="47.36082" lon="10.86192">
				<ele>1148.13</ele>
				<time>2026-09-22T14:12:56.307Z</time>
			</trkpt>
			<trkpt lat="47.36065" lon="10.86151">
				<ele>1150.1</ele>
				<time>2026-09-22T14:12:58.796Z</time>
			</trkpt>
			<trkpt lat="47.36056" lon="10.86122">
				<ele>1152.28</ele>
				<time>2026-09-22T14:13:00.446Z</time>
			</trkpt>
			<trkpt lat="47.36052" lon="10.86099">
				<ele>1154.54</ele>
				<time>2026-09-22T14:13:01.673Z</time>
			</trkpt>
			<trkpt lat="47.3605" lon="10.86054">
				<ele>1156.2</ele>
				<time>2026-09-22T14:13:04.000Z</time>
			</trkpt>
			<trkpt lat="47.36053" lon="10.86036">
				<ele>1154.54</ele>
				<time>2026-09-22T14:13:04.955Z</time>
			</trkpt>
			<trkpt lat="47.36074" lon="10.8593">
				<ele>1153.9</ele>
				<time>2026-09-22T14:13:10.634Z</time>
			</trkpt>
			<trkpt lat="47.36076" lon="10.85903">
				<ele>1154.59</ele>
				<time>2026-09-22T14:13:12.027Z</time>
			</trkpt>
			<trkpt lat="47.36077" lon="10.85875">
				<ele>1154.44</ele>
				<time>2026-09-22T14:13:13.464Z</time>
			</trkpt>
			<trkpt lat="47.36075" lon="10.85849">
				<ele>1155.49</ele>
				<time>2026-09-22T14:13:14.804Z</time>
			</trkpt>
			<trkpt lat="47.3606" lon="10.85726">
				<ele>1160.02</ele>
				<time>2026-09-22T14:13:21.184Z</time>
			</trkpt>
			<trkpt lat="47.36056" lon="10.857">
				<ele>1157.76</ele>
				<time>2026-09-22T14:13:22.542Z</time>
			</trkpt>
			<trkpt lat="47.36042" lon="10.85654">
				<ele>1158.87</ele>
				<time>2026-09-22T14:13:25.107Z</time>
			</trkpt>
			<trkpt lat="47.35989" lon="10.85553">
				<ele>1160.36</ele>
				<time>2026-09-22T14:13:31.585Z</time>
			</trkpt>
			<trkpt lat="47.35952" lon="10.85451">
				<ele>1152.29</ele>
				<time>2026-09-22T14:13:37.427Z</time>
			</trkpt>
			<trkpt lat="47.35945" lon="10.85438">
				<ele>1150.86</ele>
				<time>2026-09-22T14:13:38.264Z</time>
			</trkpt>
			<trkpt lat="47.35939" lon="10.85431">
				<ele>1148.79</ele>
				<time>2026-09-22T14:13:38.833Z</time>
			</trkpt>
			<trkpt lat="47.35933" lon="10.85428">
				<ele>1147.76</ele>
				<time>2026-09-22T14:13:39.304Z</time>
			</trkpt>
			<trkpt lat="47.35924" lon="10.85428">
				<ele>1147.88</ele>
				<time>2026-09-22T14:13:39.972Z</time>
			</trkpt>
			<trkpt lat="47.35917" lon="10.85432">
				<ele>1148.88</ele>
				<time>2026-09-22T14:13:40.530Z</time>
			</trkpt>
			<trkpt lat="47.35879" lon="10.85486">
				<ele>1157.81</ele>
				<time>2026-09-22T14:13:44.442Z</time>
			</trkpt>
			<trkpt lat="47.35864" lon="10.85505">
				<ele>1160.34</ele>
				<time>2026-09-22T14:13:45.905Z</time>
			</trkpt>
			<trkpt lat="47.35849" lon="10.85516">
				<ele>1160.01</ele>
				<time>2026-09-22T14:13:47.144Z</time>
			</trkpt>
			<trkpt lat="47.35834" lon="10.8552">
				<ele>1158.18</ele>
				<time>2026-09-22T14:13:48.271Z</time>
			</trkpt>
			<trkpt lat="47.35816" lon="10.85521">
				<ele>1157.05</ele>
				<time>2026-09-22T14:13:49.601Z</time>
			</trkpt>
			<trkpt lat="47.35804" lon="10.85519">
				<ele>1156.18</ele>
				<time>2026-09-22T14:13:50.493Z</time>
			</trkpt>
			<trkpt lat="47.35789" lon="10.85512">
				<ele>1156.37</ele>
				<time>2026-09-22T14:13:51.653Z</time>
			</trkpt>
			<trkpt lat="47.35753" lon="10.85487">
				<ele>1151.45</ele>
				<time>2026-09-22T14:13:54.584Z</time>
			</trkpt>
			<trkpt lat="47.35734" lon="10.85483">
				<ele>1148.97</ele>
				<time>2026-09-22T14:13:55.996Z</time>
			</trkpt>
			<trkpt lat="47.35728" lon="10.85483">
				<ele>1148.49</ele>
				<time>2026-09-22T14:13:56.438Z</time>
			</trkpt>
			<trkpt lat="47.35718" lon="10.85487">
				<ele>1148.94</ele>
				<time>2026-09-22T14:13:57.199Z</time>
			</trkpt>
			<trkpt lat="47.35677" lon="10.85515">
				<ele>1153.23</ele>
				<time>2026-09-22T14:14:00.516Z</time>
			</trkpt>
			<trkpt lat="47.35658" lon="10.85517">
				<ele>1153.64</ele>
				<time>2026-09-22T14:14:01.913Z</time>
			</trkpt>
			<trkpt lat="47.35641" lon="10.85512">
				<ele>1152.45</ele>
				<time>2026-09-22T14:14:03.182Z</time>
			</trkpt>
			<trkpt lat="47.35635" lon="10.85508">
				<ele>1152.17</ele>
				<time>2026-09-22T14:14:03.664Z</time>
			</trkpt>
			<trkpt lat="47.35624" lon="10.85497">
				<ele>1151.81</ele>
				<time>2026-09-22T14:14:04.637Z</time>
			</trkpt>
			<trkpt lat="47.35616" lon="10.85478">
				<ele>1151.58</ele>
				<time>2026-09-22T14:14:05.745Z</time>
			</trkpt>
			<trkpt lat="47.35612" lon="10.85459">
				<ele>1150.44</ele>
				<time>2026-09-22T14:14:06.731Z</time>
			</trkpt>
			<trkpt lat="47.35608" lon="10.85355">
				<ele>1150.67</ele>
				<time>2026-09-22T14:14:11.880Z</time>
			</trkpt>
			<trkpt lat="47.35609" lon="10.8533">
				<ele>1154.04</ele>
				<time>2026-09-22T14:14:13.116Z</time>
			</trkpt>
			<trkpt lat="47.35615" lon="10.85301">
				<ele>1156.11</ele>
				<time>2026-09-22T14:14:14.611Z</time>
			</trkpt>
			<trkpt lat="47.35657" lon="10.85202">
				<ele>1161.49</ele>
				<time>2026-09-22T14:14:20.359Z</time>
			</trkpt>
			<trkpt lat="47.35737" lon="10.8508">
				<ele>1176.1</ele>
				<time>2026-09-22T14:14:28.681Z</time>
			</trkpt>
			<trkpt lat="47.35804" lon="10.84958">
				<ele>1181.18</ele>
				<time>2026-09-22T14:14:36.347Z</time>
			</trkpt>
			<trkpt lat="47.35824" lon="10.84916">
				<ele>1177.75</ele>
				<time>2026-09-22T14:14:38.847Z</time>
			</trkpt>
			<trkpt lat="47.35828" lon="10.84902">
				<ele>1177.49</ele>
				<time>2026-09-22T14:14:39.586Z</time>
			</trkpt>
			<trkpt lat="47.35832" lon="10.84871">
				<ele>1179.62</ele>
				<time>2026-09-22T14:14:41.120Z</time>
			</trkpt>
			<trkpt lat="47.35835" lon="10.84784">
				<ele>1190.06</ele>
				<time>2026-09-22T14:14:45.349Z</time>
			</trkpt>
			<trkpt lat="47.35837" lon="10.84766">
				<ele>1190.86</ele>
				<time>2026-09-22T14:14:46.234Z</time>
			</trkpt>
			<trkpt lat="47.35847" lon="10.84736">
				<ele>1190.83</ele>
				<time>2026-09-22T14:14:47.854Z</time>
			</trkpt>
			<trkpt lat="47.35875" lon="10.8468">
				<ele>1192</ele>
				<time>2026-09-22T14:14:51.223Z</time>
			</trkpt>
			<trkpt lat="47.35912" lon="10.84617">
				<ele>1190.57</ele>
				<time>2026-09-22T14:14:55.252Z</time>
			</trkpt>
			<trkpt lat="47.35935" lon="10.84583">
				<ele>1193.95</ele>
				<time>2026-09-22T14:14:57.570Z</time>
			</trkpt>
			<trkpt lat="47.35957" lon="10.84555">
				<ele>1193.5</ele>
				<time>2026-09-22T14:14:59.637Z</time>
			</trkpt>
			<trkpt lat="47.35971" lon="10.84541">
				<ele>1195.06</ele>
				<time>2026-09-22T14:15:00.840Z</time>
			</trkpt>
			<trkpt lat="47.35988" lon="10.84528">
				<ele>1194.81</ele>
				<time>2026-09-22T14:15:02.200Z</time>
			</trkpt>
			<trkpt lat="47.36079" lon="10.84488">
				<ele>1184.23</ele>
				<time>2026-09-22T14:15:08.936Z</time>
			</trkpt>
			<trkpt lat="47.36093" lon="10.8448">
				<ele>1185.15</ele>
				<time>2026-09-22T14:15:10.000Z</time>
			</trkpt>
			<trkpt lat="47.36103" lon="10.8447">
				<ele>1187.24</ele>
				<time>2026-09-22T14:15:10.855Z</time>
			</trkpt>
			<trkpt lat="47.36112" lon="10.84456">
				<ele>1188.99</ele>
				<time>2026-09-22T14:15:11.780Z</time>
			</trkpt>
			<trkpt lat="47.3612" lon="10.84439">
				<ele>1192.59</ele>
				<time>2026-09-22T14:15:12.772Z</time>
			</trkpt>
			<trkpt lat="47.36126" lon="10.84416">
				<ele>1196.42</ele>
				<time>2026-09-22T14:15:13.953Z</time>
			</trkpt>
			<trkpt lat="47.36128" lon="10.84382">
				<ele>1200.93</ele>
				<time>2026-09-22T14:15:15.587Z</time>
			</trkpt>
			<trkpt lat="47.36129" lon="10.84342">
				<ele>1204.15</ele>
				<time>2026-09-22T14:15:17.502Z</time>
			</trkpt>
			<trkpt lat="47.36132" lon="10.84314">
				<ele>1205.44</ele>
				<time>2026-09-22T14:15:18.857Z</time>
			</trkpt>
			<trkpt lat="47.36137" lon="10.84289">
				<ele>1205.6</ele>
				<time>2026-09-22T14:15:20.103Z</time>
			</trkpt>
			<trkpt lat="47.36144" lon="10.84266">
				<ele>1206.22</ele>
				<time>2026-09-22T14:15:21.308Z</time>
			</trkpt>
			<trkpt lat="47.36154" lon="10.84242">
				<ele>1207.83</ele>
				<time>2026-09-22T14:15:22.653Z</time>
			</trkpt>
			<trkpt lat="47.36171" lon="10.84208">
				<ele>1210.42</ele>
				<time>2026-09-22T14:15:24.669Z</time>
			</trkpt>
			<trkpt lat="47.36237" lon="10.84098">
				<ele>1216.62</ele>
				<time>2026-09-22T14:15:31.669Z</time>
			</trkpt>
			<trkpt lat="47.36259" lon="10.84067">
				<ele>1222.42</ele>
				<time>2026-09-22T14:15:33.805Z</time>
			</trkpt>
			<trkpt lat="47.36315" lon="10.83995">
				<ele>1222.89</ele>
				<time>2026-09-22T14:15:39.013Z</time>
			</trkpt>
			<trkpt lat="47.36329" lon="10.83975">
				<ele>1222.66</ele>
				<time>2026-09-22T14:15:40.378Z</time>
			</trkpt>
			<trkpt lat="47.36341" lon="10.83955">
				<ele>1224.03</ele>
				<time>2026-09-22T14:15:41.645Z</time>
			</trkpt>
			<trkpt lat="47.36352" lon="10.83923">
				<ele>1225.48</ele>
				<time>2026-09-22T14:15:43.347Z</time>
			</trkpt>
			<trkpt lat="47.36391" lon="10.83778">
				<ele>1222.18</ele>
				<time>2026-09-22T14:15:50.734Z</time>
			</trkpt>
			<trkpt lat="47.3641" lon="10.83687">
				<ele>1221.93</ele>
				<time>2026-09-22T14:15:55.235Z</time>
			</trkpt>
			<trkpt lat="47.36413" lon="10.83658">
				<ele>1221.92</ele>
				<time>2026-09-22T14:15:56.620Z</time>
			</trkpt>
			<trkpt lat="47.36413" lon="10.83627">
				<ele>1222.48</ele>
				<time>2026-09-22T14:15:58.084Z</time>
			</trkpt>
			<trkpt lat="47.36406" lon="10.83565">
				<ele>1221.29</ele>
				<time>2026-09-22T14:16:01.050Z</time>
			</trkpt>
			<trkpt lat="47.36399" lon="10.83524">
				<ele>1217.72</ele>
				<time>2026-09-22T14:16:03.044Z</time>
			</trkpt>
			<trkpt lat="47.36347" lon="10.83325">
				<ele>1214.38</ele>
				<time>2026-09-22T14:16:13.090Z</time>
			</trkpt>
			<trkpt lat="47.36337" lon="10.83297">
				<ele>1216.43</ele>
				<time>2026-09-22T14:16:14.579Z</time>
			</trkpt>
			<trkpt lat="47.3631" lon="10.83231">
				<ele>1212.8</ele>
				<time>2026-09-22T14:16:18.204Z</time>
			</trkpt>
			<trkpt lat="47.36243" lon="10.8308">
				<ele>1207.3</ele>
				<time>2026-09-22T14:16:26.682Z</time>
			</trkpt>
			<trkpt lat="47.36236" lon="10.8307">
				<ele>1206</ele>
				<time>2026-09-22T14:16:27.357Z</time>
			</trkpt>
			<trkpt lat="47.36227" lon="10.83062">
				<ele>1204.11</ele>
				<time>2026-09-22T14:16:28.085Z</time>
			</trkpt>
			<trkpt lat="47.36214" lon="10.83054">
				<ele>1200.83</ele>
				<time>2026-09-22T14:16:29.060Z</time>
			</trkpt>
			<trkpt lat="47.36205" lon="10.83052">
				<ele>1199.24</ele>
				<time>2026-09-22T14:16:29.691Z</time>
			</trkpt>
			<trkpt lat="47.36194" lon="10.83054">
				<ele>1198.55</ele>
				<time>2026-09-22T14:16:30.458Z</time>
			</trkpt>
			<trkpt lat="47.36166" lon="10.83066">
				<ele>1206.54</ele>
				<time>2026-09-22T14:16:32.477Z</time>
			</trkpt>
			<trkpt lat="47.36138" lon="10.83074">
				<ele>1214.97</ele>
				<time>2026-09-22T14:16:34.451Z</time>
			</trkpt>
			<trkpt lat="47.36115" lon="10.83077">
				<ele>1214.53</ele>
				<time>2026-09-22T14:16:36.049Z</time>
			</trkpt>
			<trkpt lat="47.3609" lon="10.83077">
				<ele>1212.79</ele>
				<time>2026-09-22T14:16:37.779Z</time>
			</trkpt>
			<trkpt lat="47.36079" lon="10.83071">
				<ele>1210.64</ele>
				<time>2026-09-22T14:16:38.590Z</time>
			</trkpt>
			<trkpt lat="47.3607" lon="10.83059">
				<ele>1207.53</ele>
				<time>2026-09-22T14:16:39.429Z</time>
			</trkpt>
			<trkpt lat="47.36051" lon="10.83">
				<ele>1200.16</ele>
				<time>2026-09-22T14:16:42.490Z</time>
			</trkpt>
			<trkpt lat="47.36044" lon="10.82985">
				<ele>1198.65</ele>
				<time>2026-09-22T14:16:43.343Z</time>
			</trkpt>
			<trkpt lat="47.36035" lon="10.82974">
				<ele>1197.29</ele>
				<time>2026-09-22T14:16:44.151Z</time>
			</trkpt>
			<trkpt lat="47.36" lon="10.82946">
				<ele>1198.14</ele>
				<time>2026-09-22T14:16:46.903Z</time>
			</trkpt>
			<trkpt lat="47.35984" lon="10.82923">
				<ele>1198.56</ele>
				<time>2026-09-22T14:16:48.447Z</time>
			</trkpt>
			<trkpt lat="47.35976" lon="10.82894">
				<ele>1198.87</ele>
				<time>2026-09-22T14:16:49.913Z</time>
			</trkpt>
			<trkpt lat="47.35965" lon="10.82706">
				<ele>1194.97</ele>
				<time>2026-09-22T14:16:58.745Z</time>
			</trkpt>
			<trkpt lat="47.35954" lon="10.82656">
				<ele>1189.45</ele>
				<time>2026-09-22T14:17:01.205Z</time>
			</trkpt>
			<trkpt lat="47.35951" lon="10.82635">
				<ele>1185.67</ele>
				<time>2026-09-22T14:17:02.209Z</time>
			</trkpt>
			<trkpt lat="47.35952" lon="10.82603">
				<ele>1180.92</ele>
				<time>2026-09-22T14:17:03.708Z</time>
			</trkpt>
			<trkpt lat="47.35957" lon="10.82563">
				<ele>1174.16</ele>
				<time>2026-09-22T14:17:05.611Z</time>
			</trkpt>
			<trkpt lat="47.35956" lon="10.82555">
				<ele>1173.47</ele>
				<time>2026-09-22T14:17:05.991Z</time>
			</trkpt>
			<trkpt lat="47.35939" lon="10.82482">
				<ele>1178.01</ele>
				<time>2026-09-22T14:17:09.603Z</time>
			</trkpt>
			<trkpt lat="47.35933" lon="10.82464">
				<ele>1177.84</ele>
				<time>2026-09-22T14:17:10.541Z</time>
			</trkpt>
			<trkpt lat="47.35915" lon="10.82441">
				<ele>1179.62</ele>
				<time>2026-09-22T14:17:12.185Z</time>
			</trkpt>
			<trkpt lat="47.35902" lon="10.82416">
				<ele>1176.09</ele>
				<time>2026-09-22T14:17:13.660Z</time>
			</trkpt>
			<trkpt lat="47.35884" lon="10.8236">
				<ele>1169.13</ele>
				<time>2026-09-22T14:17:16.560Z</time>
			</trkpt>
			<trkpt lat="47.35879" lon="10.8235">
				<ele>1168.57</ele>
				<time>2026-09-22T14:17:17.142Z</time>
			</trkpt>
			<trkpt lat="47.35875" lon="10.82344">
				<ele>1168.29</ele>
				<time>2026-09-22T14:17:17.536Z</time>
			</trkpt>
			<trkpt lat="47.35866" lon="10.8234">
				<ele>1168.3</ele>
				<time>2026-09-22T14:17:18.185Z</time>
			</trkpt>
			<trkpt lat="47.35859" lon="10.8234">
				<ele>1168.24</ele>
				<time>2026-09-22T14:17:18.668Z</time>
			</trkpt>
			<trkpt lat="47.35852" lon="10.82344">
				<ele>1167.54</ele>
				<time>2026-09-22T14:17:19.187Z</time>
			</trkpt>
			<trkpt lat="47.35846" lon="10.8235">
				<ele>1167.21</ele>
				<time>2026-09-22T14:17:19.687Z</time>
			</trkpt>
			<trkpt lat="47.35812" lon="10.82409">
				<ele>1168.47</ele>
				<time>2026-09-22T14:17:23.312Z</time>
			</trkpt>
			<trkpt lat="47.3579" lon="10.82441">
				<ele>1165.98</ele>
				<time>2026-09-22T14:17:25.446Z</time>
			</trkpt>
			<trkpt lat="47.35778" lon="10.82453">
				<ele>1164.34</ele>
				<time>2026-09-22T14:17:26.448Z</time>
			</trkpt>
			<trkpt lat="47.3572" lon="10.82493">
				<ele>1158.58</ele>
				<time>2026-09-22T14:17:30.872Z</time>
			</trkpt>
			<trkpt lat="47.35643" lon="10.82565">
				<ele>1148.36</ele>
				<time>2026-09-22T14:17:37.175Z</time>
			</trkpt>
			<trkpt lat="47.35628" lon="10.82584">
				<ele>1144.39</ele>
				<time>2026-09-22T14:17:38.542Z</time>
			</trkpt>
			<trkpt lat="47.35624" lon="10.82597">
				<ele>1143.38</ele>
				<time>2026-09-22T14:17:39.211Z</time>
			</trkpt>
			<trkpt lat="47.35621" lon="10.82612">
				<ele>1143.79</ele>
				<time>2026-09-22T14:17:39.944Z</time>
			</trkpt>
			<trkpt lat="47.35622" lon="10.82626">
				<ele>1145.61</ele>
				<time>2026-09-22T14:17:40.604Z</time>
			</trkpt>
			<trkpt lat="47.35627" lon="10.82661">
				<ele>1150.7</ele>
				<time>2026-09-22T14:17:42.280Z</time>
			</trkpt>
			<trkpt lat="47.3563" lon="10.82699">
				<ele>1150.42</ele>
				<time>2026-09-22T14:17:44.074Z</time>
			</trkpt>
			<trkpt lat="47.35628" lon="10.82736">
				<ele>1149.47</ele>
				<time>2026-09-22T14:17:45.815Z</time>
			</trkpt>
			<trkpt lat="47.35625" lon="10.82759">
				<ele>1148.03</ele>
				<time>2026-09-22T14:17:46.913Z</time>
			</trkpt>
			<trkpt lat="47.35601" lon="10.82858">
				<ele>1142.79</ele>
				<time>2026-09-22T14:17:51.847Z</time>
			</trkpt>
			<trkpt lat="47.35588" lon="10.82893">
				<ele>1140.29</ele>
				<time>2026-09-22T14:17:53.721Z</time>
			</trkpt>
			<trkpt lat="47.35571" lon="10.82933">
				<ele>1134.9</ele>
				<time>2026-09-22T14:17:55.939Z</time>
			</trkpt>
			<trkpt lat="47.35557" lon="10.82961">
				<ele>1129.32</ele>
				<time>2026-09-22T14:17:57.574Z</time>
			</trkpt>
			<trkpt lat="47.35551" lon="10.8298">
				<ele>1130.63</ele>
				<time>2026-09-22T14:17:58.559Z</time>
			</trkpt>
			<trkpt lat="47.3555" lon="10.82995">
				<ele>1134.86</ele>
				<time>2026-09-22T14:17:59.267Z</time>
			</trkpt>
			<trkpt lat="47.35558" lon="10.83198">
				<ele>1136.44</ele>
				<time>2026-09-22T14:18:08.833Z</time>
			</trkpt>
			<trkpt lat="47.35557" lon="10.83224">
				<ele>1134.41</ele>
				<time>2026-09-22T14:18:10.060Z</time>
			</trkpt>
			<trkpt lat="47.35555" lon="10.83246">
				<ele>1134.74</ele>
				<time>2026-09-22T14:18:11.106Z</time>
			</trkpt>
			<trkpt lat="47.35541" lon="10.83346">
				<ele>1126.14</ele>
				<time>2026-09-22T14:18:15.919Z</time>
			</trkpt>
			<trkpt lat="47.35539" lon="10.83434">
				<ele>1124.21</ele>
				<time>2026-09-22T14:18:20.074Z</time>
			</trkpt>
			<trkpt lat="47.35521" lon="10.83636">
				<ele>1111.33</ele>
				<time>2026-09-22T14:18:29.705Z</time>
			</trkpt>
			<trkpt lat="47.35503" lon="10.83757">
				<ele>1110.58</ele>
				<time>2026-09-22T14:18:35.574Z</time>
			</trkpt>
			<trkpt lat="47.35493" lon="10.838">
				<ele>1111.39</ele>
				<time>2026-09-22T14:18:37.731Z</time>
			</trkpt>
			<trkpt lat="47.3548" lon="10.83835">
				<ele>1107.01</ele>
				<time>2026-09-22T14:18:39.625Z</time>
			</trkpt>
			<trkpt lat="47.35468" lon="10.83859">
				<ele>1104.29</ele>
				<time>2026-09-22T14:18:41.042Z</time>
			</trkpt>
			<trkpt lat="47.35454" lon="10.83885">
				<ele>1104.11</ele>
				<time>2026-09-22T14:18:42.620Z</time>
			</trkpt>
			<trkpt lat="47.35397" lon="10.83973">
				<ele>1089.79</ele>
				<time>2026-09-22T14:18:48.411Z</time>
			</trkpt>
			<trkpt lat="47.35382" lon="10.84002">
				<ele>1087.63</ele>
				<time>2026-09-22T14:18:50.149Z</time>
			</trkpt>
			<trkpt lat="47.35364" lon="10.84048">
				<ele>1090.18</ele>
				<time>2026-09-22T14:18:52.681Z</time>
			</trkpt>
			<trkpt lat="47.35326" lon="10.84141">
				<ele>1094.6</ele>
				<time>2026-09-22T14:18:57.866Z</time>
			</trkpt>
			<trkpt lat="47.35321" lon="10.84149">
				<ele>1094.85</ele>
				<time>2026-09-22T14:18:58.386Z</time>
			</trkpt>
			<trkpt lat="47.35313" lon="10.84159">
				<ele>1093.76</ele>
				<time>2026-09-22T14:18:59.125Z</time>
			</trkpt>
			<trkpt lat="47.35294" lon="10.84167">
				<ele>1089.57</ele>
				<time>2026-09-22T14:19:00.520Z</time>
			</trkpt>
			<trkpt lat="47.35233" lon="10.84173">
				<ele>1088.26</ele>
				<time>2026-09-22T14:19:04.839Z</time>
			</trkpt>
			<trkpt lat="47.35227" lon="10.84166">
				<ele>1085.52</ele>
				<time>2026-09-22T14:19:05.380Z</time>
			</trkpt>
			<trkpt lat="47.35224" lon="10.84156">
				<ele>1082.13</ele>
				<time>2026-09-22T14:19:05.904Z</time>
			</trkpt>
			<trkpt lat="47.35227" lon="10.84145">
				<ele>1077.97</ele>
				<time>2026-09-22T14:19:06.473Z</time>
			</trkpt>
			<trkpt lat="47.35232" lon="10.84141">
				<ele>1076.37</ele>
				<time>2026-09-22T14:19:06.875Z</time>
			</trkpt>
			<trkpt lat="47.3525" lon="10.8414">
				<ele>1074.64</ele>
				<time>2026-09-22T14:19:08.150Z</time>
			</trkpt>
			<trkpt lat="47.35276" lon="10.84146">
				<ele>1079.03</ele>
				<time>2026-09-22T14:19:10.015Z</time>
			</trkpt>
			<trkpt lat="47.35287" lon="10.84146">
				<ele>1081.82</ele>
				<time>2026-09-22T14:19:10.794Z</time>
			</trkpt>
			<trkpt lat="47.35305" lon="10.84136">
				<ele>1083.17</ele>
				<time>2026-09-22T14:19:12.158Z</time>
			</trkpt>
			<trkpt lat="47.35313" lon="10.84125">
				<ele>1083.54</ele>
				<time>2026-09-22T14:19:12.934Z</time>
			</trkpt>
			<trkpt lat="47.35318" lon="10.84112">
				<ele>1082.14</ele>
				<time>2026-09-22T14:19:13.652Z</time>
			</trkpt>
			<trkpt lat="47.3533" lon="10.84073">
				<ele>1075.54</ele>
				<time>2026-09-22T14:19:15.713Z</time>
			</trkpt>
			<trkpt lat="47.35349" lon="10.83998">
				<ele>1060.22</ele>
				<time>2026-09-22T14:19:19.570Z</time>
			</trkpt>
			<trkpt lat="47.35376" lon="10.83931">
				<ele>1058.93</ele>
				<time>2026-09-22T14:19:23.331Z</time>
			</trkpt>
			<trkpt lat="47.3543" lon="10.83815">
				<ele>1061.75</ele>
				<time>2026-09-22T14:19:30.137Z</time>
			</trkpt>
			<trkpt lat="47.35439" lon="10.83792">
				<ele>1061.64</ele>
				<time>2026-09-22T14:19:31.424Z</time>
			</trkpt>
			<trkpt lat="47.35451" lon="10.83719">
				<ele>1055.1</ele>
				<time>2026-09-22T14:19:35.068Z</time>
			</trkpt>
			<trkpt lat="47.35454" lon="10.83667">
				<ele>1055.45</ele>
				<time>2026-09-22T14:19:37.604Z</time>
			</trkpt>
			<trkpt lat="47.35454" lon="10.83545">
				<ele>1055.11</ele>
				<time>2026-09-22T14:19:43.544Z</time>
			</trkpt>
			<trkpt lat="47.35453" lon="10.83508">
				<ele>1053.63</ele>
				<time>2026-09-22T14:19:45.350Z</time>
			</trkpt>
			<trkpt lat="47.35448" lon="10.83464">
				<ele>1047.76</ele>
				<time>2026-09-22T14:19:47.528Z</time>
			</trkpt>
			<trkpt lat="47.35439" lon="10.83405">
				<ele>1046.67</ele>
				<time>2026-09-22T14:19:50.486Z</time>
			</trkpt>
			<trkpt lat="47.35435" lon="10.83351">
				<ele>1045.23</ele>
				<time>2026-09-22T14:19:53.146Z</time>
			</trkpt>
			<trkpt lat="47.35423" lon="10.8326">
				<ele>1048.1</ele>
				<time>2026-09-22T14:19:57.694Z</time>
			</trkpt>
			<trkpt lat="47.35416" lon="10.83223">
				<ele>1042.13</ele>
				<time>2026-09-22T14:19:59.582Z</time>
			</trkpt>
			<trkpt lat="47.35373" lon="10.83023">
				<ele>1024.99</ele>
				<time>2026-09-22T14:20:09.931Z</time>
			</trkpt>
			<trkpt lat="47.35359" lon="10.82968">
				<ele>1026.44</ele>
				<time>2026-09-22T14:20:12.839Z</time>
			</trkpt>
			<trkpt lat="47.35338" lon="10.82901">
				<ele>1030.18</ele>
				<time>2026-09-22T14:20:16.501Z</time>
			</trkpt>
			<trkpt lat="47.35319" lon="10.82852">
				<ele>1027.52</ele>
				<time>2026-09-22T14:20:19.307Z</time>
			</trkpt>
			<trkpt lat="47.35293" lon="10.82793">
				<ele>1023.63</ele>
				<time>2026-09-22T14:20:22.811Z</time>
			</trkpt>
			<trkpt lat="47.35265" lon="10.82745">
				<ele>1023.82</ele>
				<time>2026-09-22T14:20:25.971Z</time>
			</trkpt>
			<trkpt lat="47.35241" lon="10.82707">
				<ele>1020.27</ele>
				<time>2026-09-22T14:20:28.568Z</time>
			</trkpt>
			<trkpt lat="47.35186" lon="10.82633">
				<ele>1014.49</ele>
				<time>2026-09-22T14:20:34.071Z</time>
			</trkpt>
			<trkpt lat="47.3513" lon="10.82543">
				<ele>1020.85</ele>
				<time>2026-09-22T14:20:40.217Z</time>
			</trkpt>
			<trkpt lat="47.35114" lon="10.82521">
				<ele>1019.39</ele>
				<time>2026-09-22T14:20:41.844Z</time>
			</trkpt>
			<trkpt lat="47.35093" lon="10.82501">
				<ele>1014.23</ele>
				<time>2026-09-22T14:20:43.706Z</time>
			</trkpt>
			<trkpt lat="47.35069" lon="10.82482">
				<ele>1013.51</ele>
				<time>2026-09-22T14:20:45.737Z</time>
			</trkpt>
			<trkpt lat="47.34991" lon="10.82439">
				<ele>1011.21</ele>
				<time>2026-09-22T14:20:51.965Z</time>
			</trkpt>
			<trkpt lat="47.34979" lon="10.82435">
				<ele>1009.07</ele>
				<time>2026-09-22T14:20:52.888Z</time>
			</trkpt>
			<trkpt lat="47.34968" lon="10.82435">
				<ele>1005.15</ele>
				<time>2026-09-22T14:20:53.713Z</time>
			</trkpt>
			<trkpt lat="47.34942" lon="10.82445">
				<ele>992.34</ele>
				<time>2026-09-22T14:20:55.730Z</time>
			</trkpt>
			<trkpt lat="47.3492" lon="10.82445">
				<ele>987.71</ele>
				<time>2026-09-22T14:20:57.384Z</time>
			</trkpt>
			<trkpt lat="47.3491" lon="10.82439">
				<ele>987.48</ele>
				<time>2026-09-22T14:20:58.197Z</time>
			</trkpt>
			<trkpt lat="47.349" lon="10.82431">
				<ele>988.34</ele>
				<time>2026-09-22T14:20:59.053Z</time>
			</trkpt>
			<trkpt lat="47.34879" lon="10.82408">
				<ele>993.83</ele>
				<time>2026-09-22T14:21:01.024Z</time>
			</trkpt>
			<trkpt lat="47.3487" lon="10.82401">
				<ele>996.29</ele>
				<time>2026-09-22T14:21:01.791Z</time>
			</trkpt>
			<trkpt lat="47.3483" lon="10.82386">
				<ele>987.14</ele>
				<time>2026-09-22T14:21:04.908Z</time>
			</trkpt>
			<trkpt lat="47.34815" lon="10.82371">
				<ele>983.43</ele>
				<time>2026-09-22T14:21:06.279Z</time>
			</trkpt>
			<trkpt lat="47.34804" lon="10.82348">
				<ele>981.54</ele>
				<time>2026-09-22T14:21:07.724Z</time>
			</trkpt>
			<trkpt lat="47.34743" lon="10.82205">
				<ele>983.54</ele>
				<time>2026-09-22T14:21:16.424Z</time>
			</trkpt>
			<trkpt lat="47.34663" lon="10.82056">
				<ele>974.37</ele>
				<time>2026-09-22T14:21:26.278Z</time>
			</trkpt>
			<trkpt lat="47.34649" lon="10.82034">
				<ele>973.77</ele>
				<time>2026-09-22T14:21:27.849Z</time>
			</trkpt>
			<trkpt lat="47.34626" lon="10.82008">
				<ele>968.04</ele>
				<time>2026-09-22T14:21:30.077Z</time>
			</trkpt>
			<trkpt lat="47.34617" lon="10.81993">
				<ele>967.28</ele>
				<time>2026-09-22T14:21:31.123Z</time>
			</trkpt>
			<trkpt lat="47.34577" lon="10.81901">
				<ele>966.08</ele>
				<time>2026-09-22T14:21:36.841Z</time>
			</trkpt>
			<trkpt lat="47.34572" lon="10.81894">
				<ele>962.01</ele>
				<time>2026-09-22T14:21:37.375Z</time>
			</trkpt>
			<trkpt lat="47.34563" lon="10.81889">
				<ele>956.46</ele>
				<time>2026-09-22T14:21:38.119Z</time>
			</trkpt>
			<trkpt lat="47.34547" lon="10.8189">
				<ele>950.14</ele>
				<time>2026-09-22T14:21:39.360Z</time>
			</trkpt>
			<trkpt lat="47.34512" lon="10.81904">
				<ele>941.61</ele>
				<time>2026-09-22T14:21:42.174Z</time>
			</trkpt>
			<trkpt lat="47.34497" lon="10.81905">
				<ele>942.11</ele>
				<time>2026-09-22T14:21:43.341Z</time>
			</trkpt>
			<trkpt lat="47.3448" lon="10.81898">
				<ele>944</ele>
				<time>2026-09-22T14:21:44.714Z</time>
			</trkpt>
			<trkpt lat="47.34447" lon="10.8187">
				<ele>945.62</ele>
				<time>2026-09-22T14:21:47.680Z</time>
			</trkpt>
			<trkpt lat="47.34434" lon="10.81867">
				<ele>947.63</ele>
				<time>2026-09-22T14:21:48.707Z</time>
			</trkpt>
			<trkpt lat="47.34382" lon="10.81868">
				<ele>955.28</ele>
				<time>2026-09-22T14:21:52.773Z</time>
			</trkpt>
			<trkpt lat="47.3436" lon="10.81872">
				<ele>957.83</ele>
				<time>2026-09-22T14:21:54.510Z</time>
			</trkpt>
			<trkpt lat="47.34343" lon="10.81884">
				<ele>961.18</ele>
				<time>2026-09-22T14:21:55.988Z</time>
			</trkpt>
			<trkpt lat="47.34333" lon="10.81899">
				<ele>963.07</ele>
				<time>2026-09-22T14:21:57.108Z</time>
			</trkpt>
			<trkpt lat="47.34299" lon="10.81951">
				<ele>962.69</ele>
				<time>2026-09-22T14:22:00.961Z</time>
			</trkpt>
			<trkpt lat="47.34285" lon="10.81967">
				<ele>959.06</ele>
				<time>2026-09-22T14:22:02.357Z</time>
			</trkpt>
			<trkpt lat="47.34275" lon="10.81973">
				<ele>956.34</ele>
				<time>2026-09-22T14:22:03.209Z</time>
			</trkpt>
			<trkpt lat="47.34235" lon="10.81987">
				<ele>945.58</ele>
				<time>2026-09-22T14:22:06.459Z</time>
			</trkpt>
			<trkpt lat="47.34173" lon="10.82004">
				<ele>943.85</ele>
				<time>2026-09-22T14:22:11.459Z</time>
			</trkpt>
			<trkpt lat="47.34159" lon="10.82003">
				<ele>944.51</ele>
				<time>2026-09-22T14:22:12.573Z</time>
			</trkpt>
			<trkpt lat="47.34145" lon="10.81997">
				<ele>944.75</ele>
				<time>2026-09-22T14:22:13.733Z</time>
			</trkpt>
			<trkpt lat="47.34134" lon="10.81988">
				<ele>945.41</ele>
				<time>2026-09-22T14:22:14.735Z</time>
			</trkpt>
			<trkpt lat="47.34072" lon="10.81915">
				<ele>930.96</ele>
				<time>2026-09-22T14:22:21.069Z</time>
			</trkpt>
			<trkpt lat="47.34013" lon="10.81857">
				<ele>934.06</ele>
				<time>2026-09-22T14:22:26.758Z</time>
			</trkpt>
			<trkpt lat="47.34005" lon="10.81844">
				<ele>931.5</ele>
				<time>2026-09-22T14:22:27.716Z</time>
			</trkpt>
			<trkpt lat="47.33992" lon="10.81813">
				<ele>926.55</ele>
				<time>2026-09-22T14:22:29.706Z</time>
			</trkpt>
			<trkpt lat="47.33975" lon="10.81785">
				<ele>926.64</ele>
				<time>2026-09-22T14:22:31.762Z</time>
			</trkpt>
			<trkpt lat="47.33965" lon="10.81773">
				<ele>926.47</ele>
				<time>2026-09-22T14:22:32.803Z</time>
			</trkpt>
			<trkpt lat="47.33946" lon="10.8176">
				<ele>927.05</ele>
				<time>2026-09-22T14:22:34.497Z</time>
			</trkpt>
			<trkpt lat="47.33928" lon="10.81756">
				<ele>925.3</ele>
				<time>2026-09-22T14:22:35.971Z</time>
			</trkpt>
			<trkpt lat="47.33911" lon="10.81758">
				<ele>923.88</ele>
				<time>2026-09-22T14:22:37.354Z</time>
			</trkpt>
			<trkpt lat="47.33897" lon="10.81762">
				<ele>921.7</ele>
				<time>2026-09-22T14:22:38.511Z</time>
			</trkpt>
			<trkpt lat="47.33851" lon="10.81787">
				<ele>917.03</ele>
				<time>2026-09-22T14:22:42.499Z</time>
			</trkpt>
			<trkpt lat="47.33751" lon="10.81849">
				<ele>918.54</ele>
				<time>2026-09-22T14:22:51.368Z</time>
			</trkpt>
			<trkpt lat="47.33696" lon="10.8188">
				<ele>916.87</ele>
				<time>2026-09-22T14:22:56.209Z</time>
			</trkpt>
			<trkpt lat="47.3367" lon="10.81887">
				<ele>911.92</ele>
				<time>2026-09-22T14:22:58.389Z</time>
			</trkpt>
			<trkpt lat="47.33638" lon="10.8189">
				<ele>913.14</ele>
				<time>2026-09-22T14:23:01.039Z</time>
			</trkpt>
			<trkpt lat="47.33561" lon="10.81894">
				<ele>911.22</ele>
				<time>2026-09-22T14:23:07.430Z</time>
			</trkpt>
			<trkpt lat="47.33516" lon="10.81891">
				<ele>909.01</ele>
				<time>2026-09-22T14:23:11.182Z</time>
			</trkpt>
			<trkpt lat="47.33349" lon="10.81847">
				<ele>917.61</ele>
				<time>2026-09-22T14:23:25.422Z</time>
			</trkpt>
			<trkpt lat="47.33329" lon="10.81844">
				<ele>918.21</ele>
				<time>2026-09-22T14:23:27.121Z</time>
			</trkpt>
			<trkpt lat="47.33295" lon="10.81845">
				<ele>916.18</ele>
				<time>2026-09-22T14:23:30.001Z</time>
			</trkpt>
			<trkpt lat="47.33222" lon="10.81861">
				<ele>913.96</ele>
				<time>2026-09-22T14:23:36.274Z</time>
			</trkpt>
			<trkpt lat="47.33164" lon="10.81861">
				<ele>907.99</ele>
				<time>2026-09-22T14:23:41.228Z</time>
			</trkpt>
			<trkpt lat="47.33132" lon="10.81854">
				<ele>904.01</ele>
				<time>2026-09-22T14:23:44.001Z</time>
			</trkpt>
			<trkpt lat="47.33048" lon="10.81821">
				<ele>893.03</ele>
				<time>2026-09-22T14:23:51.483Z</time>
			</trkpt>
			<trkpt lat="47.3301" lon="10.81814">
				<ele>890.97</ele>
				<time>2026-09-22T14:23:54.795Z</time>
			</trkpt>
			<trkpt lat="47.32988" lon="10.81814">
				<ele>889.73</ele>
				<time>2026-09-22T14:23:56.702Z</time>
			</trkpt>
			<trkpt lat="47.32961" lon="10.81817">
				<ele>888.75</ele>
				<time>2026-09-22T14:23:59.053Z</time>
			</trkpt>
			<trkpt lat="47.32926" lon="10.81827">
				<ele>886.63</ele>
				<time>2026-09-22T14:24:02.156Z</time>
			</trkpt>
			<trkpt lat="47.32901" lon="10.81839">
				<ele>885.65</ele>
				<time>2026-09-22T14:24:04.449Z</time>
			</trkpt>
			<trkpt lat="47.32794" lon="10.81915">
				<ele>881.05</ele>
				<time>2026-09-22T14:24:14.867Z</time>
			</trkpt>
			<trkpt lat="47.32761" lon="10.8195">
				<ele>878.81</ele>
				<time>2026-09-22T14:24:18.454Z</time>
			</trkpt>
			<trkpt lat="47.32658" lon="10.8212">
				<ele>875.64</ele>
				<time>2026-09-22T14:24:32.198Z</time>
			</trkpt>
			<trkpt lat="47.32612" lon="10.82186">
				<ele>873.49</ele>
				<time>2026-09-22T14:24:37.953Z</time>
			</trkpt>
			<trkpt lat="47.32573" lon="10.82226">
				<ele>870.77</ele>
				<time>2026-09-22T14:24:42.232Z</time>
			</trkpt>
			<trkpt lat="47.32526" lon="10.82267">
				<ele>865.14</ele>
				<time>2026-09-22T14:24:47.171Z</time>
			</trkpt>
			<trkpt lat="47.3251" lon="10.8227">
				<ele>865.22</ele>
				<time>2026-09-22T14:24:48.634Z</time>
			</trkpt>
			<trkpt lat="47.32501" lon="10.82275">
				<ele>865.08</ele>
				<time>2026-09-22T14:24:49.507Z</time>
			</trkpt>
			<trkpt lat="47.32455" lon="10.8229">
				<ele>865.2</ele>
				<time>2026-09-22T14:24:53.805Z</time>
			</trkpt>
			<trkpt lat="47.32431" lon="10.82301">
				<ele>864.79</ele>
				<time>2026-09-22T14:24:56.182Z</time>
			</trkpt>
			<trkpt lat="47.32328" lon="10.82373">
				<ele>863.43</ele>
				<time>2026-09-22T14:25:07.762Z</time>
			</trkpt>
			<trkpt lat="47.32298" lon="10.82389">
				<ele>864.01</ele>
				<time>2026-09-22T14:25:11.134Z</time>
			</trkpt>
			<trkpt lat="47.3228" lon="10.82392">
				<ele>864.01</ele>
				<time>2026-09-22T14:25:13.055Z</time>
			</trkpt>
			<trkpt lat="47.32263" lon="10.82386">
				<ele>864.54</ele>
				<time>2026-09-22T14:25:14.908Z</time>
			</trkpt>
			<trkpt lat="47.32257" lon="10.82394">
				<ele>864.58</ele>
				<time>2026-09-22T14:25:15.764Z</time>
			</trkpt>
			<trkpt lat="47.32226" lon="10.82414">
				<ele>864.09</ele>
				<time>2026-09-22T14:25:19.324Z</time>
			</trkpt>
			<trkpt lat="47.32217" lon="10.82424">
				<ele>863.42</ele>
				<time>2026-09-22T14:25:20.498Z</time>
			</trkpt>
			<trkpt lat="47.32206" lon="10.82454">
				<ele>861.5</ele>
				<time>2026-09-22T14:25:22.878Z</time>
			</trkpt>
			<trkpt lat="47.32204" lon="10.8248">
				<ele>860.31</ele>
				<time>2026-09-22T14:25:24.667Z</time>
			</trkpt>
			<trkpt lat="47.32208" lon="10.82499">
				<ele>859.5</ele>
				<time>2026-09-22T14:25:26.005Z</time>
			</trkpt>
			<trkpt lat="47.32219" lon="10.8252">
				<ele>859.77</ele>
				<time>2026-09-22T14:25:27.762Z</time>
			</trkpt>
			<trkpt lat="47.32226" lon="10.82531">
				<ele>860.38</ele>
				<time>2026-09-22T14:25:28.747Z</time>
			</trkpt>
			<trkpt lat="47.32235" lon="10.8255">
				<ele>861.38</ele>
				<time>2026-09-22T14:25:30.240Z</time>
			</trkpt>
			<trkpt lat="47.32239" lon="10.82566">
				<ele>862.07</ele>
				<time>2026-09-22T14:25:31.324Z</time>
			</trkpt>
			<trkpt lat="47.32239" lon="10.82582">
				<ele>862.06</ele>
				<time>2026-09-22T14:25:32.329Z</time>
			</trkpt>
			<trkpt lat="47.32236" lon="10.82604">
				<ele>861.56</ele>
				<time>2026-09-22T14:25:33.722Z</time>
			</trkpt>
			<trkpt lat="47.32229" lon="10.82623">
				<ele>859.91</ele>
				<time>2026-09-22T14:25:35.045Z</time>
			</trkpt>
			<trkpt lat="47.32184" lon="10.82704">
				<ele>859.91</ele>
				<time>2026-09-22T14:25:41.201Z</time>
			</trkpt>
			<trkpt lat="47.32151" lon="10.82777">
				<ele>858.99</ele>
				<time>2026-09-22T14:25:46.070Z</time>
			</trkpt>
			<trkpt lat="47.32137" lon="10.82801">
				<ele>858.14</ele>
				<time>2026-09-22T14:25:47.770Z</time>
			</trkpt>
			<trkpt lat="47.32121" lon="10.82825">
				<ele>857.54</ele>
				<time>2026-09-22T14:25:49.546Z</time>
			</trkpt>
			<trkpt lat="47.32098" lon="10.82852">
				<ele>856.43</ele>
				<time>2026-09-22T14:25:51.790Z</time>
			</trkpt>
			<trkpt lat="47.32039" lon="10.82914">
				<ele>856.03</ele>
				<time>2026-09-22T14:25:57.134Z</time>
			</trkpt>
			<trkpt lat="47.31909" lon="10.83069">
				<ele>852.24</ele>
				<time>2026-09-22T14:26:08.747Z</time>
			</trkpt>
			<trkpt lat="47.31874" lon="10.83106">
				<ele>849.24</ele>
				<time>2026-09-22T14:26:11.643Z</time>
			</trkpt>
			<trkpt lat="47.31762" lon="10.83236">
				<ele>843.39</ele>
				<time>2026-09-22T14:26:21.203Z</time>
			</trkpt>
			<trkpt lat="47.31733" lon="10.83268">
				<ele>843.46</ele>
				<time>2026-09-22T14:26:23.664Z</time>
			</trkpt>
			<trkpt lat="47.31688" lon="10.83303">
				<ele>840.55</ele>
				<time>2026-09-22T14:26:27.170Z</time>
			</trkpt>
			<trkpt lat="47.3163" lon="10.8336">
				<ele>841.23</ele>
				<time>2026-09-22T14:26:32.099Z</time>
			</trkpt>
			<trkpt lat="47.316" lon="10.83396">
				<ele>838.55</ele>
				<time>2026-09-22T14:26:34.916Z</time>
			</trkpt>
			<trkpt lat="47.31572" lon="10.83442">
				<ele>839.16</ele>
				<time>2026-09-22T14:26:38.047Z</time>
			</trkpt>
			<trkpt lat="47.31561" lon="10.83469">
				<ele>838.4</ele>
				<time>2026-09-22T14:26:39.678Z</time>
			</trkpt>
			<trkpt lat="47.31541" lon="10.83525">
				<ele>838.41</ele>
				<time>2026-09-22T14:26:43.035Z</time>
			</trkpt>
			<trkpt lat="47.31514" lon="10.83594">
				<ele>837.79</ele>
				<time>2026-09-22T14:26:47.429Z</time>
			</trkpt>
			<trkpt lat="47.31453" lon="10.83776">
				<ele>838</ele>
				<time>2026-09-22T14:26:59.636Z</time>
			</trkpt>
			<trkpt lat="47.31417" lon="10.8387">
				<ele>839</ele>
				<time>2026-09-22T14:27:06.828Z</time>
			</trkpt>
			<trkpt lat="47.31404" lon="10.83893">
				<ele>839.52</ele>
				<time>2026-09-22T14:27:08.921Z</time>
			</trkpt>
			<trkpt lat="47.31394" lon="10.83907">
				<ele>839.93</ele>
				<time>2026-09-22T14:27:10.368Z</time>
			</trkpt>
			<trkpt lat="47.31381" lon="10.83919">
				<ele>839.35</ele>
				<time>2026-09-22T14:27:12.002Z</time>
			</trkpt>
			<trkpt lat="47.31361" lon="10.83931">
				<ele>837.47</ele>
				<time>2026-09-22T14:27:14.349Z</time>
			</trkpt>
			<trkpt lat="47.31259" lon="10.83964">
				<ele>832.73</ele>
				<time>2026-09-22T14:27:26.497Z</time>
			</trkpt>
			<trkpt lat="47.31242" lon="10.83976">
				<ele>833</ele>
				<time>2026-09-22T14:27:28.840Z</time>
			</trkpt>
			<trkpt lat="47.31235" lon="10.83985">
				<ele>833</ele>
				<time>2026-09-22T14:27:30.012Z</time>
			</trkpt>
			<trkpt lat="47.31225" lon="10.83994">
				<ele>833</ele>
				<time>2026-09-22T14:27:31.508Z</time>
			</trkpt>
			<trkpt lat="47.31213" lon="10.83998">
				<ele>833.33</ele>
				<time>2026-09-22T14:27:33.100Z</time>
			</trkpt>
			<trkpt lat="47.31194" lon="10.83999">
				<ele>833.99</ele>
				<time>2026-09-22T14:27:35.602Z</time>
			</trkpt>
			<trkpt lat="47.31136" lon="10.83989">
				<ele>833.02</ele>
				<time>2026-09-22T14:27:43.620Z</time>
			</trkpt>
			<trkpt lat="47.31062" lon="10.83983">
				<ele>831.81</ele>
				<time>2026-09-22T14:27:54.561Z</time>
			</trkpt>
			<trkpt lat="47.30951" lon="10.8397">
				<ele>825.73</ele>
				<time>2026-09-22T14:28:12.738Z</time>
			</trkpt>
			<trkpt lat="47.30918" lon="10.83967">
				<ele>825.69</ele>
				<time>2026-09-22T14:28:18.566Z</time>
			</trkpt>
			<trkpt lat="47.30897" lon="10.83968">
				<ele>825.04</ele>
				<time>2026-09-22T14:28:22.376Z</time>
			</trkpt>
			<trkpt lat="47.30883" lon="10.83972">
				<ele>825.18</ele>
				<time>2026-09-22T14:28:25.011Z</time>
			</trkpt>
			<trkpt lat="47.30826" lon="10.84003">
				<ele>829</ele>
				<time>2026-09-22T14:28:36.687Z</time>
			</trkpt>
			<trkpt lat="47.30798" lon="10.84013">
				<ele>828.86</ele>
				<time>2026-09-22T14:28:42.485Z</time>
			</trkpt>
			<trkpt lat="47.30791" lon="10.84015">
				<ele>828.78</ele>
				<time>2026-09-22T14:28:43.947Z</time>
			</trkpt>
			<trkpt lat="47.30779" lon="10.84011">
				<ele>828.44</ele>
				<time>2026-09-22T14:28:46.495Z</time>
			</trkpt>
			<trkpt lat="47.30773" lon="10.84023">
				<ele>828.72</ele>
				<time>2026-09-22T14:28:48.613Z</time>
			</trkpt>
			<trkpt lat="47.30747" lon="10.84037">
				<ele>828.44</ele>
				<time>2026-09-22T14:28:54.523Z</time>
			</trkpt>
			<trkpt lat="47.30773" lon="10.84023">
				<ele>828.72</ele>
				<time>2026-09-22T14:29:00.956Z</time>
			</trkpt>
			<trkpt lat="47.30779" lon="10.84011">
				<ele>828.44</ele>
				<time>2026-09-22T14:29:06.371Z</time>
			</trkpt>
			<trkpt lat="47.30763" lon="10.83989">
				<ele>828.19</ele>
				<time>2026-09-22T14:29:18.607Z</time>
			</trkpt>
			<trkpt lat="47.30754" lon="10.83957">
				<ele>828.87</ele>
				<time>2026-09-22T14:29:22.005Z</time>
			</trkpt>
			<trkpt lat="47.30745" lon="10.8393">
				<ele>830.06</ele>
				<time>2026-09-22T14:29:23.778Z</time>
			</trkpt>
			<trkpt lat="47.30733" lon="10.83908">
				<ele>830.77</ele>
				<time>2026-09-22T14:29:25.340Z</time>
			</trkpt>
			<trkpt lat="47.30716" lon="10.83888">
				<ele>830.01</ele>
				<time>2026-09-22T14:29:27.013Z</time>
			</trkpt>
			<trkpt lat="47.30697" lon="10.83871">
				<ele>828.61</ele>
				<time>2026-09-22T14:29:28.621Z</time>
			</trkpt>
			<trkpt lat="47.30669" lon="10.83862">
				<ele>824.46</ele>
				<time>2026-09-22T14:29:30.556Z</time>
			</trkpt>
			<trkpt lat="47.30592" lon="10.83856">
				<ele>826.47</ele>
				<time>2026-09-22T14:29:35.133Z</time>
			</trkpt>
			<trkpt lat="47.30564" lon="10.83849">
				<ele>828.76</ele>
				<time>2026-09-22T14:29:36.643Z</time>
			</trkpt>
			<trkpt lat="47.30546" lon="10.8384">
				<ele>829.27</ele>
				<time>2026-09-22T14:29:37.615Z</time>
			</trkpt>
			<trkpt lat="47.3045" lon="10.83745">
				<ele>833.17</ele>
				<time>2026-09-22T14:29:43.224Z</time>
			</trkpt>
			<trkpt lat="47.30406" lon="10.83711">
				<ele>834.95</ele>
				<time>2026-09-22T14:29:45.679Z</time>
			</trkpt>
			<trkpt lat="47.3038" lon="10.837">
				<ele>836.67</ele>
				<time>2026-09-22T14:29:47.082Z</time>
			</trkpt>
			<trkpt lat="47.30349" lon="10.83703">
				<ele>834.02</ele>
				<time>2026-09-22T14:29:48.777Z</time>
			</trkpt>
			<trkpt lat="47.30344" lon="10.83669">
				<ele>836.73</ele>
				<time>2026-09-22T14:29:50.139Z</time>
			</trkpt>
			<trkpt lat="47.30338" lon="10.8365">
				<ele>837.25</ele>
				<time>2026-09-22T14:29:50.995Z</time>
			</trkpt>
			<trkpt lat="47.30323" lon="10.83616">
				<ele>841.72</ele>
				<time>2026-09-22T14:29:52.739Z</time>
			</trkpt>
			<trkpt lat="47.30307" lon="10.83595">
				<ele>845.37</ele>
				<time>2026-09-22T14:29:54.136Z</time>
			</trkpt>
			<trkpt lat="47.30289" lon="10.83579">
				<ele>843</ele>
				<time>2026-09-22T14:29:55.509Z</time>
			</trkpt>
			<trkpt lat="47.30263" lon="10.83566">
				<ele>840.45</ele>
				<time>2026-09-22T14:29:57.305Z</time>
			</trkpt>
			<trkpt lat="47.30223" lon="10.8356">
				<ele>836.63</ele>
				<time>2026-09-22T14:29:59.940Z</time>
			</trkpt>
			<trkpt lat="47.30197" lon="10.83548">
				<ele>833.84</ele>
				<time>2026-09-22T14:30:01.729Z</time>
			</trkpt>
			<trkpt lat="47.30159" lon="10.8351">
				<ele>840.52</ele>
				<time>2026-09-22T14:30:04.752Z</time>
			</trkpt>
			<trkpt lat="47.30138" lon="10.83495">
				<ele>839.33</ele>
				<time>2026-09-22T14:30:06.291Z</time>
			</trkpt>
			<trkpt lat="47.30121" lon="10.83489">
				<ele>836.13</ele>
				<time>2026-09-22T14:30:07.446Z</time>
			</trkpt>
			<trkpt lat="47.30107" lon="10.83487">
				<ele>833.19</ele>
				<time>2026-09-22T14:30:08.376Z</time>
			</trkpt>
			<trkpt lat="47.30045" lon="10.83496">
				<ele>828.89</ele>
				<time>2026-09-22T14:30:12.505Z</time>
			</trkpt>
			<trkpt lat="47.30018" lon="10.83492">
				<ele>829.09</ele>
				<time>2026-09-22T14:30:14.309Z</time>
			</trkpt>
			<trkpt lat="47.29998" lon="10.83486">
				<ele>829.19</ele>
				<time>2026-09-22T14:30:15.667Z</time>
			</trkpt>
			<trkpt lat="47.29981" lon="10.83476">
				<ele>828.77</ele>
				<time>2026-09-22T14:30:16.887Z</time>
			</trkpt>
			<trkpt lat="47.29927" lon="10.83437">
				<ele>827.52</ele>
				<time>2026-09-22T14:30:20.904Z</time>
			</trkpt>
			<trkpt lat="47.29886" lon="10.83403">
				<ele>825.14</ele>
				<time>2026-09-22T14:30:24.057Z</time>
			</trkpt>
			<trkpt lat="47.29869" lon="10.8338">
				<ele>826.21</ele>
				<time>2026-09-22T14:30:25.607Z</time>
			</trkpt>
			<trkpt lat="47.29858" lon="10.8336">
				<ele>827.63</ele>
				<time>2026-09-22T14:30:26.781Z</time>
			</trkpt>
			<trkpt lat="47.29841" lon="10.8332">
				<ele>830.01</ele>
				<time>2026-09-22T14:30:28.938Z</time>
			</trkpt>
			<trkpt lat="47.2983" lon="10.83278">
				<ele>830.79</ele>
				<time>2026-09-22T14:30:30.999Z</time>
			</trkpt>
			<trkpt lat="47.29817" lon="10.83249">
				<ele>829.63</ele>
				<time>2026-09-22T14:30:32.593Z</time>
			</trkpt>
			<trkpt lat="47.29805" lon="10.83228">
				<ele>828.07</ele>
				<time>2026-09-22T14:30:33.853Z</time>
			</trkpt>
			<trkpt lat="47.29792" lon="10.8321">
				<ele>826.32</ele>
				<time>2026-09-22T14:30:35.062Z</time>
			</trkpt>
			<trkpt lat="47.29778" lon="10.83196">
				<ele>823.74</ele>
				<time>2026-09-22T14:30:36.210Z</time>
			</trkpt>
			<trkpt lat="47.29766" lon="10.83186">
				<ele>824.18</ele>
				<time>2026-09-22T14:30:37.146Z</time>
			</trkpt>
			<trkpt lat="47.29713" lon="10.83152">
				<ele>819.98</ele>
				<time>2026-09-22T14:30:41.080Z</time>
			</trkpt>
			<trkpt lat="47.29676" lon="10.83116">
				<ele>824.47</ele>
				<time>2026-09-22T14:30:44.106Z</time>
			</trkpt>
			<trkpt lat="47.29591" lon="10.83028">
				<ele>825.16</ele>
				<time>2026-09-22T14:30:51.231Z</time>
			</trkpt>
			<trkpt lat="47.29569" lon="10.83012">
				<ele>830.13</ele>
				<time>2026-09-22T14:30:52.920Z</time>
			</trkpt>
			<trkpt lat="47.29441" lon="10.82941">
				<ele>822.4</ele>
				<time>2026-09-22T14:31:02.386Z</time>
			</trkpt>
			<trkpt lat="47.2941" lon="10.82921">
				<ele>824.73</ele>
				<time>2026-09-22T14:31:04.740Z</time>
			</trkpt>
			<trkpt lat="47.29375" lon="10.82895">
				<ele>826.46</ele>
				<time>2026-09-22T14:31:07.474Z</time>
			</trkpt>
			<trkpt lat="47.2936" lon="10.82879">
				<ele>826.22</ele>
				<time>2026-09-22T14:31:08.767Z</time>
			</trkpt>
			<trkpt lat="47.29346" lon="10.82863">
				<ele>824.8</ele>
				<time>2026-09-22T14:31:10.006Z</time>
			</trkpt>
			<trkpt lat="47.29329" lon="10.82837">
				<ele>823.71</ele>
				<time>2026-09-22T14:31:11.722Z</time>
			</trkpt>
			<trkpt lat="47.29223" lon="10.82627">
				<ele>826.6</ele>
				<time>2026-09-22T14:31:24.235Z</time>
			</trkpt>
			<trkpt lat="47.29192" lon="10.82571">
				<ele>823.82</ele>
				<time>2026-09-22T14:31:27.715Z</time>
			</trkpt>
			<trkpt lat="47.29172" lon="10.82539">
				<ele>827.67</ele>
				<time>2026-09-22T14:31:29.815Z</time>
			</trkpt>
			<trkpt lat="47.29145" lon="10.82505">
				<ele>830.86</ele>
				<time>2026-09-22T14:31:32.346Z</time>
			</trkpt>
			<trkpt lat="47.29094" lon="10.82454">
				<ele>828.98</ele>
				<time>2026-09-22T14:31:36.753Z</time>
			</trkpt>
			<trkpt lat="47.29021" lon="10.82375">
				<ele>828.36</ele>
				<time>2026-09-22T14:31:43.260Z</time>
			</trkpt>
			<trkpt lat="47.28992" lon="10.82335">
				<ele>825.49</ele>
				<time>2026-09-22T14:31:46.125Z</time>
			</trkpt>
			<trkpt lat="47.2897" lon="10.82299">
				<ele>822.9</ele>
				<time>2026-09-22T14:31:48.501Z</time>
			</trkpt>
			<trkpt lat="47.28929" lon="10.82227">
				<ele>825.44</ele>
				<time>2026-09-22T14:31:53.125Z</time>
			</trkpt>
			<trkpt lat="47.28868" lon="10.82126">
				<ele>826.81</ele>
				<time>2026-09-22T14:31:59.810Z</time>
			</trkpt>
			<trkpt lat="47.2864" lon="10.81701">
				<ele>825.23</ele>
				<time>2026-09-22T14:32:26.979Z</time>
			</trkpt>
			<trkpt lat="47.2862" lon="10.81658">
				<ele>824.88</ele>
				<time>2026-09-22T14:32:29.627Z</time>
			</trkpt>
			<trkpt lat="47.2858" lon="10.81564">
				<ele>829.68</ele>
				<time>2026-09-22T14:32:35.280Z</time>
			</trkpt>
			<trkpt lat="47.28567" lon="10.81538">
				<ele>829.96</ele>
				<time>2026-09-22T14:32:36.930Z</time>
			</trkpt>
			<trkpt lat="47.28497" lon="10.81442">
				<ele>827.1</ele>
				<time>2026-09-22T14:32:44.159Z</time>
			</trkpt>
			<trkpt lat="47.28485" lon="10.8142">
				<ele>823.26</ele>
				<time>2026-09-22T14:32:45.612Z</time>
			</trkpt>
			<trkpt lat="47.28443" lon="10.81316">
				<ele>820.12</ele>
				<time>2026-09-22T14:32:51.862Z</time>
			</trkpt>
			<trkpt lat="47.28438" lon="10.81296">
				<ele>822.49</ele>
				<time>2026-09-22T14:32:52.965Z</time>
			</trkpt>
			<trkpt lat="47.28428" lon="10.81247">
				<ele>825.75</ele>
				<time>2026-09-22T14:32:55.619Z</time>
			</trkpt>
			<trkpt lat="47.28415" lon="10.812">
				<ele>825.14</ele>
				<time>2026-09-22T14:32:58.258Z</time>
			</trkpt>
			<trkpt lat="47.28339" lon="10.81006">
				<ele>820.91</ele>
				<time>2026-09-22T14:33:09.970Z</time>
			</trkpt>
			<trkpt lat="47.28267" lon="10.80851">
				<ele>814.33</ele>
				<time>2026-09-22T14:33:19.876Z</time>
			</trkpt>
			<trkpt lat="47.28231" lon="10.80767">
				<ele>813.01</ele>
				<time>2026-09-22T14:33:25.147Z</time>
			</trkpt>
			<trkpt lat="47.28179" lon="10.8066">
				<ele>815.51</ele>
				<time>2026-09-22T14:33:32.164Z</time>
			</trkpt>
			<trkpt lat="47.28147" lon="10.80597">
				<ele>821.72</ele>
				<time>2026-09-22T14:33:36.378Z</time>
			</trkpt>
			<trkpt lat="47.28129" lon="10.80557">
				<ele>820.14</ele>
				<time>2026-09-22T14:33:38.955Z</time>
			</trkpt>
			<trkpt lat="47.28088" lon="10.80447">
				<ele>816.91</ele>
				<time>2026-09-22T14:33:45.718Z</time>
			</trkpt>
			<trkpt lat="47.28076" lon="10.80423">
				<ele>814.77</ele>
				<time>2026-09-22T14:33:47.330Z</time>
			</trkpt>
			<trkpt lat="47.28052" lon="10.80365">
				<ele>811.83</ele>
				<time>2026-09-22T14:33:51.010Z</time>
			</trkpt>
			<trkpt lat="47.2804" lon="10.80327">
				<ele>813.82</ele>
				<time>2026-09-22T14:33:53.286Z</time>
			</trkpt>
			<trkpt lat="47.28029" lon="10.80275">
				<ele>817.15</ele>
				<time>2026-09-22T14:33:56.249Z</time>
			</trkpt>
			<trkpt lat="47.2802" lon="10.80227">
				<ele>821.41</ele>
				<time>2026-09-22T14:33:58.964Z</time>
			</trkpt>
			<trkpt lat="47.28011" lon="10.80188">
				<ele>818.57</ele>
				<time>2026-09-22T14:34:01.215Z</time>
			</trkpt>
			<trkpt lat="47.27993" lon="10.80127">
				<ele>818.86</ele>
				<time>2026-09-22T14:34:04.857Z</time>
			</trkpt>
			<trkpt lat="47.27945" lon="10.79987">
				<ele>821.57</ele>
				<time>2026-09-22T14:34:13.485Z</time>
			</trkpt>
			<trkpt lat="47.27933" lon="10.79957">
				<ele>823.24</ele>
				<time>2026-09-22T14:34:15.409Z</time>
			</trkpt>
			<trkpt lat="47.27888" lon="10.79863">
				<ele>815.68</ele>
				<time>2026-09-22T14:34:21.782Z</time>
			</trkpt>
			<trkpt lat="47.27881" lon="10.79839">
				<ele>816.92</ele>
				<time>2026-09-22T14:34:23.234Z</time>
			</trkpt>
			<trkpt lat="47.27872" lon="10.798">
				<ele>816.94</ele>
				<time>2026-09-22T14:34:25.526Z</time>
			</trkpt>
			<trkpt lat="47.27862" lon="10.79666">
				<ele>816.52</ele>
				<time>2026-09-22T14:34:33.054Z</time>
			</trkpt>
			<trkpt lat="47.27857" lon="10.7964">
				<ele>817.65</ele>
				<time>2026-09-22T14:34:34.569Z</time>
			</trkpt>
			<trkpt lat="47.27829" lon="10.79538">
				<ele>823.19</ele>
				<time>2026-09-22T14:34:40.752Z</time>
			</trkpt>
			<trkpt lat="47.27788" lon="10.79399">
				<ele>822.69</ele>
				<time>2026-09-22T14:34:49.316Z</time>
			</trkpt>
			<trkpt lat="47.2773" lon="10.79236">
				<ele>824.18</ele>
				<time>2026-09-22T14:34:59.789Z</time>
			</trkpt>
			<trkpt lat="47.27703" lon="10.79146">
				<ele>824.69</ele>
				<time>2026-09-22T14:35:05.421Z</time>
			</trkpt>
			<trkpt lat="47.27638" lon="10.78892">
				<ele>824.49</ele>
				<time>2026-09-22T14:35:21.077Z</time>
			</trkpt>
			<trkpt lat="47.27625" lon="10.78848">
				<ele>825.29</ele>
				<time>2026-09-22T14:35:23.864Z</time>
			</trkpt>
			<trkpt lat="47.27609" lon="10.78804">
				<ele>827.75</ele>
				<time>2026-09-22T14:35:26.768Z</time>
			</trkpt>
			<trkpt lat="47.27588" lon="10.78766">
				<ele>834.69</ele>
				<time>2026-09-22T14:35:29.625Z</time>
			</trkpt>
			<trkpt lat="47.27569" lon="10.78737">
				<ele>836.32</ele>
				<time>2026-09-22T14:35:31.979Z</time>
			</trkpt>
			<trkpt lat="47.27458" lon="10.78597">
				<ele>825.45</ele>
				<time>2026-09-22T14:35:44.622Z</time>
			</trkpt>
			<trkpt lat="47.27442" lon="10.78571">
				<ele>820.9</ele>
				<time>2026-09-22T14:35:46.693Z</time>
			</trkpt>
			<trkpt lat="47.2742" lon="10.78526">
				<ele>818.54</ele>
				<time>2026-09-22T14:35:49.973Z</time>
			</trkpt>
			<trkpt lat="47.27399" lon="10.78473">
				<ele>818.38</ele>
				<time>2026-09-22T14:35:53.611Z</time>
			</trkpt>
			<trkpt lat="47.27368" lon="10.78378">
				<ele>815</ele>
				<time>2026-09-22T14:35:59.880Z</time>
			</trkpt>
			<trkpt lat="47.27335" lon="10.78302">
				<ele>811.67</ele>
				<time>2026-09-22T14:36:05.269Z</time>
			</trkpt>
			<trkpt lat="47.273" lon="10.78243">
				<ele>809.84</ele>
				<time>2026-09-22T14:36:09.965Z</time>
			</trkpt>
			<trkpt lat="47.27163" lon="10.78018">
				<ele>806.74</ele>
				<time>2026-09-22T14:36:28.224Z</time>
			</trkpt>
			<trkpt lat="47.27146" lon="10.77988">
				<ele>802.55</ele>
				<time>2026-09-22T14:36:30.601Z</time>
			</trkpt>
			<trkpt lat="47.27124" lon="10.77926">
				<ele>795.22</ele>
				<time>2026-09-22T14:36:34.867Z</time>
			</trkpt>
			<trkpt lat="47.27105" lon="10.77864">
				<ele>796.16</ele>
				<time>2026-09-22T14:36:39.025Z</time>
			</trkpt>
			<trkpt lat="47.27101" lon="10.77853">
				<ele>796.23</ele>
				<time>2026-09-22T14:36:39.790Z</time>
			</trkpt>
			<trkpt lat="47.27086" lon="10.77826">
				<ele>795.46</ele>
				<time>2026-09-22T14:36:41.928Z</time>
			</trkpt>
			<trkpt lat="47.26959" lon="10.77661">
				<ele>788.65</ele>
				<time>2026-09-22T14:36:57.312Z</time>
			</trkpt>
			<trkpt lat="47.26946" lon="10.77641">
				<ele>788.13</ele>
				<time>2026-09-22T14:36:59.029Z</time>
			</trkpt>
			<trkpt lat="47.26932" lon="10.77614">
				<ele>788.97</ele>
				<time>2026-09-22T14:37:01.138Z</time>
			</trkpt>
			<trkpt lat="47.26881" lon="10.77508">
				<ele>791.93</ele>
				<time>2026-09-22T14:37:09.233Z</time>
			</trkpt>
			<trkpt lat="47.26822" lon="10.77386">
				<ele>792.71</ele>
				<time>2026-09-22T14:37:18.619Z</time>
			</trkpt>
			<trkpt lat="47.26802" lon="10.77332">
				<ele>792.69</ele>
				<time>2026-09-22T14:37:22.489Z</time>
			</trkpt>
			<trkpt lat="47.2674" lon="10.77147">
				<ele>796.44</ele>
				<time>2026-09-22T14:37:35.543Z</time>
			</trkpt>
			<trkpt lat="47.26728" lon="10.77118">
				<ele>797.34</ele>
				<time>2026-09-22T14:37:37.703Z</time>
			</trkpt>
			<trkpt lat="47.26702" lon="10.77076">
				<ele>799.48</ele>
				<time>2026-09-22T14:37:41.324Z</time>
			</trkpt>
			<trkpt lat="47.26624" lon="10.76986">
				<ele>800.46</ele>
				<time>2026-09-22T14:37:50.661Z</time>
			</trkpt>
			<trkpt lat="47.26588" lon="10.76937">
				<ele>800.59</ele>
				<time>2026-09-22T14:37:55.300Z</time>
			</trkpt>
			<trkpt lat="47.26522" lon="10.76807">
				<ele>802.88</ele>
				<time>2026-09-22T14:38:05.781Z</time>
			</trkpt>
			<trkpt lat="47.26476" lon="10.76712">
				<ele>802.72</ele>
				<time>2026-09-22T14:38:13.357Z</time>
			</trkpt>
			<trkpt lat="47.26449" lon="10.76652">
				<ele>807.11</ele>
				<time>2026-09-22T14:38:18.048Z</time>
			</trkpt>
			<trkpt lat="47.26418" lon="10.76603">
				<ele>807.8</ele>
				<time>2026-09-22T14:38:22.426Z</time>
			</trkpt>
			<trkpt lat="47.26362" lon="10.76542">
				<ele>806.97</ele>
				<time>2026-09-22T14:38:29.156Z</time>
			</trkpt>
			<trkpt lat="47.26352" lon="10.76525">
				<ele>806.67</ele>
				<time>2026-09-22T14:38:30.635Z</time>
			</trkpt>
			<trkpt lat="47.26347" lon="10.76506">
				<ele>806.5</ele>
				<time>2026-09-22T14:38:31.976Z</time>
			</trkpt>
			<trkpt lat="47.26345" lon="10.76486">
				<ele>806.44</ele>
				<time>2026-09-22T14:38:33.307Z</time>
			</trkpt>
			<trkpt lat="47.26349" lon="10.76461">
				<ele>806.97</ele>
				<time>2026-09-22T14:38:35.000Z</time>
			</trkpt>
			<trkpt lat="47.26357" lon="10.76429">
				<ele>807.94</ele>
				<time>2026-09-22T14:38:37.250Z</time>
			</trkpt>
			<trkpt lat="47.26357" lon="10.76413">
				<ele>808.1</ele>
				<time>2026-09-22T14:38:38.307Z</time>
			</trkpt>
			<trkpt lat="47.26352" lon="10.764">
				<ele>808.58</ele>
				<time>2026-09-22T14:38:39.295Z</time>
			</trkpt>
			<trkpt lat="47.26345" lon="10.76386">
				<ele>809</ele>
				<time>2026-09-22T14:38:40.445Z</time>
			</trkpt>
			<trkpt lat="47.26328" lon="10.76366">
				<ele>808.96</ele>
				<time>2026-09-22T14:38:42.568Z</time>
			</trkpt>
			<trkpt lat="47.26309" lon="10.76341">
				<ele>809.71</ele>
				<time>2026-09-22T14:38:45.057Z</time>
			</trkpt>
			<trkpt lat="47.26281" lon="10.76287">
				<ele>810.12</ele>
				<time>2026-09-22T14:38:49.572Z</time>
			</trkpt>
			<trkpt lat="47.26251" lon="10.76221">
				<ele>813.05</ele>
				<time>2026-09-22T14:38:54.866Z</time>
			</trkpt>
			<trkpt lat="47.26242" lon="10.76206">
				<ele>815.48</ele>
				<time>2026-09-22T14:38:56.203Z</time>
			</trkpt>
			<trkpt lat="47.26233" lon="10.76199">
				<ele>816.77</ele>
				<time>2026-09-22T14:38:57.205Z</time>
			</trkpt>
			<trkpt lat="47.26188" lon="10.76191">
				<ele>817.33</ele>
				<time>2026-09-22T14:39:01.676Z</time>
			</trkpt>
			<trkpt lat="47.26171" lon="10.76184">
				<ele>818.11</ele>
				<time>2026-09-22T14:39:03.420Z</time>
			</trkpt>
			<trkpt lat="47.26157" lon="10.7617">
				<ele>819</ele>
				<time>2026-09-22T14:39:05.094Z</time>
			</trkpt>
			<trkpt lat="47.2614" lon="10.76147">
				<ele>818.87</ele>
				<time>2026-09-22T14:39:07.379Z</time>
			</trkpt>
			<trkpt lat="47.26118" lon="10.76109">
				<ele>817.59</ele>
				<time>2026-09-22T14:39:10.742Z</time>
			</trkpt>
			<trkpt lat="47.261" lon="10.7607">
				<ele>817.74</ele>
				<time>2026-09-22T14:39:13.924Z</time>
			</trkpt>
			<trkpt lat="47.26035" lon="10.75898">
				<ele>814.42</ele>
				<time>2026-09-22T14:39:27.269Z</time>
			</trkpt>
			<trkpt lat="47.26008" lon="10.75812">
				<ele>814.23</ele>
				<time>2026-09-22T14:39:33.730Z</time>
			</trkpt>
			<trkpt lat="47.25998" lon="10.75757">
				<ele>814.45</ele>
				<time>2026-09-22T14:39:37.624Z</time>
			</trkpt>
			<trkpt lat="47.25993" lon="10.75708">
				<ele>815.42</ele>
				<time>2026-09-22T14:39:41.021Z</time>
			</trkpt>
			<trkpt lat="47.25992" lon="10.75615">
				<ele>816.15</ele>
				<time>2026-09-22T14:39:47.414Z</time>
			</trkpt>
			<trkpt lat="47.25983" lon="10.75566">
				<ele>820.21</ele>
				<time>2026-09-22T14:39:50.913Z</time>
			</trkpt>
			<trkpt lat="47.25976" lon="10.75545">
				<ele>821.41</ele>
				<time>2026-09-22T14:39:52.528Z</time>
			</trkpt>
			<trkpt lat="47.25962" lon="10.75514">
				<ele>826.4</ele>
				<time>2026-09-22T14:39:55.102Z</time>
			</trkpt>
			<trkpt lat="47.2595" lon="10.75497">
				<ele>829.01</ele>
				<time>2026-09-22T14:39:56.800Z</time>
			</trkpt>
			<trkpt lat="47.2593" lon="10.75473">
				<ele>827.8</ele>
				<time>2026-09-22T14:39:59.433Z</time>
			</trkpt>
			<trkpt lat="47.25888" lon="10.75437">
				<ele>828.15</ele>
				<time>2026-09-22T14:40:04.405Z</time>
			</trkpt>
			<trkpt lat="47.25739" lon="10.75324">
				<ele>830.26</ele>
				<time>2026-09-22T14:40:21.661Z</time>
			</trkpt>
			<trkpt lat="47.25653" lon="10.75211">
				<ele>826.17</ele>
				<time>2026-09-22T14:40:33.626Z</time>
			</trkpt>
			<trkpt lat="47.25621" lon="10.75174">
				<ele>822.03</ele>
				<time>2026-09-22T14:40:37.869Z</time>
			</trkpt>
			<trkpt lat="47.25414" lon="10.74965">
				<ele>833.71</ele>
				<time>2026-09-22T14:41:04.268Z</time>
			</trkpt>
			<trkpt lat="47.25269" lon="10.74815">
				<ele>830.54</ele>
				<time>2026-09-22T14:41:23.141Z</time>
			</trkpt>
			<trkpt lat="47.25197" lon="10.74727">
				<ele>827.38</ele>
				<time>2026-09-22T14:41:33.185Z</time>
			</trkpt>
			<trkpt lat="47.25161" lon="10.74687">
				<ele>826.42</ele>
				<time>2026-09-22T14:41:38.045Z</time>
			</trkpt>
			<trkpt lat="47.25109" lon="10.74634">
				<ele>829.08</ele>
				<time>2026-09-22T14:41:44.883Z</time>
			</trkpt>
			<trkpt lat="47.25084" lon="10.74609">
				<ele>826.64</ele>
				<time>2026-09-22T14:41:48.159Z</time>
			</trkpt>
			<trkpt lat="47.25022" lon="10.74555">
				<ele>831.91</ele>
				<time>2026-09-22T14:41:55.992Z</time>
			</trkpt>
			<trkpt lat="47.24997" lon="10.74539">
				<ele>829.6</ele>
				<time>2026-09-22T14:41:58.964Z</time>
			</trkpt>
			<trkpt lat="47.24972" lon="10.74526">
				<ele>825.48</ele>
				<time>2026-09-22T14:42:01.860Z</time>
			</trkpt>
			<trkpt lat="47.2494" lon="10.74514">
				<ele>822.64</ele>
				<time>2026-09-22T14:42:05.473Z</time>
			</trkpt>
			<trkpt lat="47.24904" lon="10.74508">
				<ele>821.37</ele>
				<time>2026-09-22T14:42:09.445Z</time>
			</trkpt>
			<trkpt lat="47.24849" lon="10.74513">
				<ele>820.21</ele>
				<time>2026-09-22T14:42:15.503Z</time>
			</trkpt>
			<trkpt lat="47.24799" lon="10.74512">
				<ele>818.23</ele>
				<time>2026-09-22T14:42:21.017Z</time>
			</trkpt>
			<trkpt lat="47.24776" lon="10.74502">
				<ele>815.94</ele>
				<time>2026-09-22T14:42:23.667Z</time>
			</trkpt>
			<trkpt lat="47.24772" lon="10.74493">
				<ele>816.38</ele>
				<time>2026-09-22T14:42:24.474Z</time>
			</trkpt>
			<trkpt lat="47.24765" lon="10.74489">
				<ele>816.65</ele>
				<time>2026-09-22T14:42:25.305Z</time>
			</trkpt>
			<trkpt lat="47.2475" lon="10.74475">
				<ele>816.99</ele>
				<time>2026-09-22T14:42:27.271Z</time>
			</trkpt>
			<trkpt lat="47.24692" lon="10.74408">
				<ele>818.69</ele>
				<time>2026-09-22T14:42:35.553Z</time>
			</trkpt>
			<trkpt lat="47.24679" lon="10.74389">
				<ele>820.49</ele>
				<time>2026-09-22T14:42:37.747Z</time>
			</trkpt>
			<trkpt lat="47.24667" lon="10.74366">
				<ele>820.18</ele>
				<time>2026-09-22T14:42:40.179Z</time>
			</trkpt>
			<trkpt lat="47.2466" lon="10.74346">
				<ele>820.17</ele>
				<time>2026-09-22T14:42:42.111Z</time>
			</trkpt>
			<trkpt lat="47.24652" lon="10.74317">
				<ele>820.22</ele>
				<time>2026-09-22T14:42:44.857Z</time>
			</trkpt>
			<trkpt lat="47.24629" lon="10.74229">
				<ele>821.77</ele>
				<time>2026-09-22T14:42:53.428Z</time>
			</trkpt>
			<trkpt lat="47.24617" lon="10.74172">
				<ele>824.81</ele>
				<time>2026-09-22T14:42:58.974Z</time>
			</trkpt>
			<trkpt lat="47.24612" lon="10.74141">
				<ele>825.84</ele>
				<time>2026-09-22T14:43:01.940Z</time>
			</trkpt>
			<trkpt lat="47.24651" lon="10.74089">
				<ele>827.78</ele>
				<time>2026-09-22T14:43:09.076Z</time>
			</trkpt>
			<trkpt lat="47.24658" lon="10.74089">
				<ele>828.94</ele>
				<time>2026-09-22T14:43:10.010Z</time>
			</trkpt>
			<trkpt lat="47.2467" lon="10.74106">
				<ele>828.02</ele>
				<time>2026-09-22T14:43:12.212Z</time>
			</trkpt>
			<trkpt lat="47.24681" lon="10.74116">
				<ele>828.08</ele>
				<time>2026-09-22T14:43:13.934Z</time>
			</trkpt>
			<trkpt lat="47.24701" lon="10.74129">
				<ele>830.44</ele>
				<time>2026-09-22T14:43:16.876Z</time>
			</trkpt>
			<trkpt lat="47.24716" lon="10.74132">
				<ele>833.02</ele>
				<time>2026-09-22T14:43:18.811Z</time>
			</trkpt>
			<trkpt lat="47.24725" lon="10.74131">
				<ele>834.64</ele>
				<time>2026-09-22T14:43:19.897Z</time>
			</trkpt>
			<trkpt lat="47.24736" lon="10.74126">
				<ele>837.41</ele>
				<time>2026-09-22T14:43:21.275Z</time>
			</trkpt>
			<trkpt lat="47.24781" lon="10.74105">
				<ele>841.72</ele>
				<time>2026-09-22T14:43:26.920Z</time>
			</trkpt>
			<trkpt lat="47.2479" lon="10.74102">
				<ele>841.78</ele>
				<time>2026-09-22T14:43:28.023Z</time>
			</trkpt>
			<trkpt lat="47.248" lon="10.74102">
				<ele>841.5</ele>
				<time>2026-09-22T14:43:29.217Z</time>
			</trkpt>
			<trkpt lat="47.24813" lon="10.74104">
				<ele>841.32</ele>
				<time>2026-09-22T14:43:30.778Z</time>
			</trkpt>
			<trkpt lat="47.24833" lon="10.74113">
				<ele>842.09</ele>
				<time>2026-09-22T14:43:33.273Z</time>
			</trkpt>
			<trkpt lat="47.24848" lon="10.74116">
				<ele>844.2</ele>
				<time>2026-09-22T14:43:35.077Z</time>
			</trkpt>
			<trkpt lat="47.24869" lon="10.74115">
				<ele>847.89</ele>
				<time>2026-09-22T14:43:37.581Z</time>
			</trkpt>
			<trkpt lat="47.2496" lon="10.74078">
				<ele>860.03</ele>
				<time>2026-09-22T14:43:48.805Z</time>
			</trkpt>
			<trkpt lat="47.24975" lon="10.74075">
				<ele>861.43</ele>
				<time>2026-09-22T14:43:50.602Z</time>
			</trkpt>
			<trkpt lat="47.2499" lon="10.74075">
				<ele>863.74</ele>
				<time>2026-09-22T14:43:52.380Z</time>
			</trkpt>
			<trkpt lat="47.25021" lon="10.74079">
				<ele>867.89</ele>
				<time>2026-09-22T14:43:56.068Z</time>
			</trkpt>
			<trkpt lat="47.25084" lon="10.74097">
				<ele>869.66</ele>
				<time>2026-09-22T14:44:03.659Z</time>
			</trkpt>
			<trkpt lat="47.25106" lon="10.741">
				<ele>872.15</ele>
				<time>2026-09-22T14:44:06.269Z</time>
			</trkpt>
			<trkpt lat="47.25147" lon="10.74097">
				<ele>875.92</ele>
				<time>2026-09-22T14:44:11.112Z</time>
			</trkpt>
			<trkpt lat="47.25163" lon="10.74093">
				<ele>877.89</ele>
				<time>2026-09-22T14:44:13.024Z</time>
			</trkpt>
			<trkpt lat="47.25197" lon="10.74079">
				<ele>882.33</ele>
				<time>2026-09-22T14:44:17.181Z</time>
			</trkpt>
			<trkpt lat="47.25216" lon="10.74064">
				<ele>886.86</ele>
				<time>2026-09-22T14:44:19.716Z</time>
			</trkpt>
			<trkpt lat="47.25291" lon="10.73998">
				<ele>898.59</ele>
				<time>2026-09-22T14:44:29.972Z</time>
			</trkpt>
			<trkpt lat="47.25306" lon="10.73982">
				<ele>900.31</ele>
				<time>2026-09-22T14:44:32.142Z</time>
			</trkpt>
			<trkpt lat="47.25355" lon="10.73919">
				<ele>913.74</ele>
				<time>2026-09-22T14:44:39.750Z</time>
			</trkpt>
			<trkpt lat="47.25357" lon="10.73912">
				<ele>915.74</ele>
				<time>2026-09-22T14:44:40.353Z</time>
			</trkpt>
			<trkpt lat="47.2536" lon="10.73898">
				<ele>918.6</ele>
				<time>2026-09-22T14:44:41.517Z</time>
			</trkpt>
			<trkpt lat="47.2536" lon="10.73883">
				<ele>921.08</ele>
				<time>2026-09-22T14:44:42.706Z</time>
			</trkpt>
			<trkpt lat="47.25351" lon="10.73851">
				<ele>925.89</ele>
				<time>2026-09-22T14:44:45.450Z</time>
			</trkpt>
			<trkpt lat="47.25351" lon="10.73845">
				<ele>926.61</ele>
				<time>2026-09-22T14:44:45.925Z</time>
			</trkpt>
			<trkpt lat="47.25351" lon="10.7384">
				<ele>927.41</ele>
				<time>2026-09-22T14:44:46.320Z</time>
			</trkpt>
			<trkpt lat="47.25354" lon="10.73835">
				<ele>928.29</ele>
				<time>2026-09-22T14:44:46.849Z</time>
			</trkpt>
			<trkpt lat="47.25357" lon="10.73833">
				<ele>928.76</ele>
				<time>2026-09-22T14:44:47.233Z</time>
			</trkpt>
			<trkpt lat="47.25363" lon="10.73834">
				<ele>929.25</ele>
				<time>2026-09-22T14:44:47.937Z</time>
			</trkpt>
			<trkpt lat="47.25367" lon="10.73841">
				<ele>929.32</ele>
				<time>2026-09-22T14:44:48.660Z</time>
			</trkpt>
			<trkpt lat="47.25379" lon="10.73896">
				<ele>925.62</ele>
				<time>2026-09-22T14:44:53.227Z</time>
			</trkpt>
			<trkpt lat="47.25476" lon="10.74078">
				<ele>944.49</ele>
				<time>2026-09-22T14:45:11.456Z</time>
			</trkpt>
			<trkpt lat="47.25538" lon="10.74185">
				<ele>953.1</ele>
				<time>2026-09-22T14:45:22.489Z</time>
			</trkpt>
			<trkpt lat="47.25561" lon="10.74227">
				<ele>954</ele>
				<time>2026-09-22T14:45:26.711Z</time>
			</trkpt>
			<trkpt lat="47.25566" lon="10.74231">
				<ele>954.96</ele>
				<time>2026-09-22T14:45:27.366Z</time>
			</trkpt>
			<trkpt lat="47.25575" lon="10.74229">
				<ele>956.53</ele>
				<time>2026-09-22T14:45:28.414Z</time>
			</trkpt>
			<trkpt lat="47.25578" lon="10.74224">
				<ele>957.19</ele>
				<time>2026-09-22T14:45:28.936Z</time>
			</trkpt>
			<trkpt lat="47.25579" lon="10.74218">
				<ele>957.64</ele>
				<time>2026-09-22T14:45:29.419Z</time>
			</trkpt>
			<trkpt lat="47.25578" lon="10.74212">
				<ele>957.88</ele>
				<time>2026-09-22T14:45:29.901Z</time>
			</trkpt>
			<trkpt lat="47.25562" lon="10.74181">
				<ele>958.15</ele>
				<time>2026-09-22T14:45:32.942Z</time>
			</trkpt>
			<trkpt lat="47.25552" lon="10.74147">
				<ele>959.74</ele>
				<time>2026-09-22T14:45:35.833Z</time>
			</trkpt>
			<trkpt lat="47.2555" lon="10.74093">
				<ele>964.29</ele>
				<time>2026-09-22T14:45:40.047Z</time>
			</trkpt>
			<trkpt lat="47.25546" lon="10.74045">
				<ele>966.92</ele>
				<time>2026-09-22T14:45:43.811Z</time>
			</trkpt>
			<trkpt lat="47.25522" lon="10.73922">
				<ele>977.17</ele>
				<time>2026-09-22T14:45:53.751Z</time>
			</trkpt>
			<trkpt lat="47.25519" lon="10.73884">
				<ele>974.8</ele>
				<time>2026-09-22T14:45:56.717Z</time>
			</trkpt>
			<trkpt lat="47.2552" lon="10.73871">
				<ele>974.06</ele>
				<time>2026-09-22T14:45:57.730Z</time>
			</trkpt>
			<trkpt lat="47.25523" lon="10.73858">
				<ele>973.96</ele>
				<time>2026-09-22T14:45:58.794Z</time>
			</trkpt>
			<trkpt lat="47.25546" lon="10.738">
				<ele>978.63</ele>
				<time>2026-09-22T14:46:03.991Z</time>
			</trkpt>
			<trkpt lat="47.2556" lon="10.73783">
				<ele>982.12</ele>
				<time>2026-09-22T14:46:06.057Z</time>
			</trkpt>
			<trkpt lat="47.25581" lon="10.73766">
				<ele>989.3</ele>
				<time>2026-09-22T14:46:08.784Z</time>
			</trkpt>
			<trkpt lat="47.25593" lon="10.73763">
				<ele>991.55</ele>
				<time>2026-09-22T14:46:10.168Z</time>
			</trkpt>
			<trkpt lat="47.25612" lon="10.7376">
				<ele>994.4</ele>
				<time>2026-09-22T14:46:12.340Z</time>
			</trkpt>
			<trkpt lat="47.2563" lon="10.73762">
				<ele>996.2</ele>
				<time>2026-09-22T14:46:14.390Z</time>
			</trkpt>
			<trkpt lat="47.25686" lon="10.73775">
				<ele>998.44</ele>
				<time>2026-09-22T14:46:20.822Z</time>
			</trkpt>
			<trkpt lat="47.25701" lon="10.73781">
				<ele>999.36</ele>
				<time>2026-09-22T14:46:22.583Z</time>
			</trkpt>
			<trkpt lat="47.25731" lon="10.73797">
				<ele>1001.57</ele>
				<time>2026-09-22T14:46:26.195Z</time>
			</trkpt>
			<trkpt lat="47.25817" lon="10.73855">
				<ele>1009.06</ele>
				<time>2026-09-22T14:46:36.880Z</time>
			</trkpt>
			<trkpt lat="47.25836" lon="10.73866">
				<ele>1011.24</ele>
				<time>2026-09-22T14:46:39.181Z</time>
			</trkpt>
			<trkpt lat="47.2587" lon="10.73878">
				<ele>1014.27</ele>
				<time>2026-09-22T14:46:43.120Z</time>
			</trkpt>
			<trkpt lat="47.25883" lon="10.73876">
				<ele>1015.18</ele>
				<time>2026-09-22T14:46:44.591Z</time>
			</trkpt>
			<trkpt lat="47.25898" lon="10.73871">
				<ele>1015.38</ele>
				<time>2026-09-22T14:46:46.321Z</time>
			</trkpt>
			<trkpt lat="47.25916" lon="10.73859">
				<ele>1014.92</ele>
				<time>2026-09-22T14:46:48.542Z</time>
			</trkpt>
			<trkpt lat="47.25936" lon="10.73842">
				<ele>1014.33</ele>
				<time>2026-09-22T14:46:51.137Z</time>
			</trkpt>
			<trkpt lat="47.25957" lon="10.73829">
				<ele>1013.87</ele>
				<time>2026-09-22T14:46:53.694Z</time>
			</trkpt>
			<trkpt lat="47.25972" lon="10.73827">
				<ele>1013.77</ele>
				<time>2026-09-22T14:46:55.384Z</time>
			</trkpt>
			<trkpt lat="47.26011" lon="10.73831">
				<ele>1011.53</ele>
				<time>2026-09-22T14:46:59.766Z</time>
			</trkpt>
			<trkpt lat="47.26056" lon="10.7384">
				<ele>1013.32</ele>
				<time>2026-09-22T14:47:04.849Z</time>
			</trkpt>
			<trkpt lat="47.2608" lon="10.73848">
				<ele>1016.67</ele>
				<time>2026-09-22T14:47:07.601Z</time>
			</trkpt>
			<trkpt lat="47.26092" lon="10.73854">
				<ele>1018.43</ele>
				<time>2026-09-22T14:47:09.017Z</time>
			</trkpt>
			<trkpt lat="47.26165" lon="10.73908">
				<ele>1030.36</ele>
				<time>2026-09-22T14:47:18.129Z</time>
			</trkpt>
			<trkpt lat="47.26228" lon="10.73962">
				<ele>1024.98</ele>
				<time>2026-09-22T14:47:26.240Z</time>
			</trkpt>
			<trkpt lat="47.26285" lon="10.74">
				<ele>1029</ele>
				<time>2026-09-22T14:47:33.186Z</time>
			</trkpt>
			<trkpt lat="47.26317" lon="10.74011">
				<ele>1029.43</ele>
				<time>2026-09-22T14:47:36.829Z</time>
			</trkpt>
			<trkpt lat="47.26385" lon="10.74028">
				<ele>1030.16</ele>
				<time>2026-09-22T14:47:44.463Z</time>
			</trkpt>
			<trkpt lat="47.26439" lon="10.74052">
				<ele>1031</ele>
				<time>2026-09-22T14:47:50.692Z</time>
			</trkpt>
			<trkpt lat="47.26462" lon="10.74058">
				<ele>1030.4</ele>
				<time>2026-09-22T14:47:53.269Z</time>
			</trkpt>
			<trkpt lat="47.26536" lon="10.74071">
				<ele>1028.65</ele>
				<time>2026-09-22T14:48:01.476Z</time>
			</trkpt>
			<trkpt lat="47.26558" lon="10.74082">
				<ele>1030.36</ele>
				<time>2026-09-22T14:48:04.031Z</time>
			</trkpt>
			<trkpt lat="47.26576" lon="10.741">
				<ele>1032.14</ele>
				<time>2026-09-22T14:48:06.421Z</time>
			</trkpt>
			<trkpt lat="47.26624" lon="10.74162">
				<ele>1040.56</ele>
				<time>2026-09-22T14:48:13.425Z</time>
			</trkpt>
			<trkpt lat="47.26637" lon="10.74172">
				<ele>1042.33</ele>
				<time>2026-09-22T14:48:15.032Z</time>
			</trkpt>
			<trkpt lat="47.26657" lon="10.74184">
				<ele>1044.18</ele>
				<time>2026-09-22T14:48:17.397Z</time>
			</trkpt>
			<trkpt lat="47.26683" lon="10.74188">
				<ele>1045.51</ele>
				<time>2026-09-22T14:48:20.258Z</time>
			</trkpt>
			<trkpt lat="47.26711" lon="10.74187">
				<ele>1047.2</ele>
				<time>2026-09-22T14:48:23.321Z</time>
			</trkpt>
			<trkpt lat="47.26747" lon="10.74182">
				<ele>1048</ele>
				<time>2026-09-22T14:48:27.271Z</time>
			</trkpt>
			<trkpt lat="47.26769" lon="10.74186">
				<ele>1047.5</ele>
				<time>2026-09-22T14:48:29.691Z</time>
			</trkpt>
			<trkpt lat="47.2679" lon="10.74196">
				<ele>1047.5</ele>
				<time>2026-09-22T14:48:32.098Z</time>
			</trkpt>
			<trkpt lat="47.26871" lon="10.74206">
				<ele>1053.45</ele>
				<time>2026-09-22T14:48:40.948Z</time>
			</trkpt>
			<trkpt lat="47.27" lon="10.74226">
				<ele>1064.73</ele>
				<time>2026-09-22T14:48:55.025Z</time>
			</trkpt>
			<trkpt lat="47.27026" lon="10.74236">
				<ele>1065.83</ele>
				<time>2026-09-22T14:48:57.934Z</time>
			</trkpt>
			<trkpt lat="47.27063" lon="10.74244">
				<ele>1070.3</ele>
				<time>2026-09-22T14:49:01.979Z</time>
			</trkpt>
			<trkpt lat="47.27167" lon="10.74285">
				<ele>1076.13</ele>
				<time>2026-09-22T14:49:13.597Z</time>
			</trkpt>
			<trkpt lat="47.27204" lon="10.74294">
				<ele>1075.42</ele>
				<time>2026-09-22T14:49:17.634Z</time>
			</trkpt>
			<trkpt lat="47.27322" lon="10.74308">
				<ele>1087.36</ele>
				<time>2026-09-22T14:49:30.350Z</time>
			</trkpt>
			<trkpt lat="47.27369" lon="10.74317">
				<ele>1090.31</ele>
				<time>2026-09-22T14:49:35.429Z</time>
			</trkpt>
			<trkpt lat="47.27418" lon="10.74331">
				<ele>1093.3</ele>
				<time>2026-09-22T14:49:40.769Z</time>
			</trkpt>
			<trkpt lat="47.27453" lon="10.74338">
				<ele>1093.6</ele>
				<time>2026-09-22T14:49:44.543Z</time>
			</trkpt>
			<trkpt lat="47.27473" lon="10.74339">
				<ele>1093.58</ele>
				<time>2026-09-22T14:49:46.679Z</time>
			</trkpt>
			<trkpt lat="47.27493" lon="10.74335">
				<ele>1094.6</ele>
				<time>2026-09-22T14:49:48.833Z</time>
			</trkpt>
			<trkpt lat="47.27507" lon="10.74328">
				<ele>1095.06</ele>
				<time>2026-09-22T14:49:50.409Z</time>
			</trkpt>
			<trkpt lat="47.27619" lon="10.74256">
				<ele>1104.48</ele>
				<time>2026-09-22T14:50:03.414Z</time>
			</trkpt>
			<trkpt lat="47.27642" lon="10.74236">
				<ele>1108.47</ele>
				<time>2026-09-22T14:50:06.249Z</time>
			</trkpt>
			<trkpt lat="47.2769" lon="10.74185">
				<ele>1120.37</ele>
				<time>2026-09-22T14:50:12.525Z</time>
			</trkpt>
			<trkpt lat="47.27715" lon="10.74169">
				<ele>1124.97</ele>
				<time>2026-09-22T14:50:15.412Z</time>
			</trkpt>
			<trkpt lat="47.27724" lon="10.74168">
				<ele>1125.49</ele>
				<time>2026-09-22T14:50:16.367Z</time>
			</trkpt>
			<trkpt lat="47.27746" lon="10.74172">
				<ele>1124.26</ele>
				<time>2026-09-22T14:50:18.713Z</time>
			</trkpt>
			<trkpt lat="47.27762" lon="10.74178">
				<ele>1126.23</ele>
				<time>2026-09-22T14:50:20.459Z</time>
			</trkpt>
			<trkpt lat="47.27828" lon="10.74224">
				<ele>1132.75</ele>
				<time>2026-09-22T14:50:28.170Z</time>
			</trkpt>
			<trkpt lat="47.27887" lon="10.74261">
				<ele>1138.23</ele>
				<time>2026-09-22T14:50:34.929Z</time>
			</trkpt>
			<trkpt lat="47.27908" lon="10.74277">
				<ele>1140.39</ele>
				<time>2026-09-22T14:50:37.418Z</time>
			</trkpt>
			<trkpt lat="47.28002" lon="10.7436">
				<ele>1155.26</ele>
				<time>2026-09-22T14:50:48.931Z</time>
			</trkpt>
			<trkpt lat="47.28029" lon="10.74393">
				<ele>1160.98</ele>
				<time>2026-09-22T14:50:52.609Z</time>
			</trkpt>
			<trkpt lat="47.28047" lon="10.74409">
				<ele>1162.85</ele>
				<time>2026-09-22T14:50:54.812Z</time>
			</trkpt>
			<trkpt lat="47.28084" lon="10.74429">
				<ele>1164.91</ele>
				<time>2026-09-22T14:50:58.937Z</time>
			</trkpt>
			<trkpt lat="47.28113" lon="10.74433">
				<ele>1166.98</ele>
				<time>2026-09-22T14:51:01.984Z</time>
			</trkpt>
			<trkpt lat="47.28141" lon="10.74429">
				<ele>1168.84</ele>
				<time>2026-09-22T14:51:04.923Z</time>
			</trkpt>
			<trkpt lat="47.28154" lon="10.74421">
				<ele>1170.83</ele>
				<time>2026-09-22T14:51:06.395Z</time>
			</trkpt>
			<trkpt lat="47.28164" lon="10.74412">
				<ele>1172.39</ele>
				<time>2026-09-22T14:51:07.618Z</time>
			</trkpt>
			<trkpt lat="47.28179" lon="10.74388">
				<ele>1171.25</ele>
				<time>2026-09-22T14:51:09.928Z</time>
			</trkpt>
			<trkpt lat="47.28197" lon="10.74351">
				<ele>1168.84</ele>
				<time>2026-09-22T14:51:13.149Z</time>
			</trkpt>
			<trkpt lat="47.28202" lon="10.74336">
				<ele>1168.52</ele>
				<time>2026-09-22T14:51:14.330Z</time>
			</trkpt>
			<trkpt lat="47.28201" lon="10.7432">
				<ele>1172.22</ele>
				<time>2026-09-22T14:51:15.466Z</time>
			</trkpt>
			<trkpt lat="47.28197" lon="10.74316">
				<ele>1174.68</ele>
				<time>2026-09-22T14:51:15.969Z</time>
			</trkpt>
			<trkpt lat="47.28193" lon="10.74315">
				<ele>1176.15</ele>
				<time>2026-09-22T14:51:16.392Z</time>
			</trkpt>
			<trkpt lat="47.28187" lon="10.74318">
				<ele>1177.21</ele>
				<time>2026-09-22T14:51:17.052Z</time>
			</trkpt>
			<trkpt lat="47.2817" lon="10.74341">
				<ele>1179.57</ele>
				<time>2026-09-22T14:51:19.454Z</time>
			</trkpt>
			<trkpt lat="47.28155" lon="10.74351">
				<ele>1181.3</ele>
				<time>2026-09-22T14:51:21.166Z</time>
			</trkpt>
			<trkpt lat="47.28141" lon="10.74352">
				<ele>1183.44</ele>
				<time>2026-09-22T14:51:22.624Z</time>
			</trkpt>
			<trkpt lat="47.28101" lon="10.7435">
				<ele>1184.43</ele>
				<time>2026-09-22T14:51:26.782Z</time>
			</trkpt>
			<trkpt lat="47.2809" lon="10.74348">
				<ele>1184.27</ele>
				<time>2026-09-22T14:51:27.933Z</time>
			</trkpt>
			<trkpt lat="47.28083" lon="10.74343">
				<ele>1185.15</ele>
				<time>2026-09-22T14:51:28.741Z</time>
			</trkpt>
			<trkpt lat="47.28074" lon="10.74329">
				<ele>1187.47</ele>
				<time>2026-09-22T14:51:30.099Z</time>
			</trkpt>
			<trkpt lat="47.28019" lon="10.74226">
				<ele>1204.57</ele>
				<time>2026-09-22T14:51:39.315Z</time>
			</trkpt>
			<trkpt lat="47.28003" lon="10.74166">
				<ele>1210.89</ele>
				<time>2026-09-22T14:51:43.839Z</time>
			</trkpt>
			<trkpt lat="47.27991" lon="10.74143">
				<ele>1212.04</ele>
				<time>2026-09-22T14:51:45.874Z</time>
			</trkpt>
			<trkpt lat="47.27949" lon="10.74069">
				<ele>1222.29</ele>
				<time>2026-09-22T14:51:52.631Z</time>
			</trkpt>
			<trkpt lat="47.27915" lon="10.74002">
				<ele>1225.18</ele>
				<time>2026-09-22T14:51:58.482Z</time>
			</trkpt>
			<trkpt lat="47.27871" lon="10.73936">
				<ele>1234.28</ele>
				<time>2026-09-22T14:52:04.942Z</time>
			</trkpt>
			<trkpt lat="47.27851" lon="10.73911">
				<ele>1236.98</ele>
				<time>2026-09-22T14:52:07.637Z</time>
			</trkpt>
			<trkpt lat="47.27835" lon="10.73895">
				<ele>1237.27</ele>
				<time>2026-09-22T14:52:09.623Z</time>
			</trkpt>
			<trkpt lat="47.27802" lon="10.73869">
				<ele>1239.53</ele>
				<time>2026-09-22T14:52:13.464Z</time>
			</trkpt>
			<trkpt lat="47.27796" lon="10.73858">
				<ele>1242.42</ele>
				<time>2026-09-22T14:52:14.447Z</time>
			</trkpt>
			<trkpt lat="47.27796" lon="10.73853">
				<ele>1244.51</ele>
				<time>2026-09-22T14:52:14.794Z</time>
			</trkpt>
			<trkpt lat="47.27798" lon="10.73848">
				<ele>1246.75</ele>
				<time>2026-09-22T14:52:15.198Z</time>
			</trkpt>
			<trkpt lat="47.27807" lon="10.73847">
				<ele>1249.38</ele>
				<time>2026-09-22T14:52:16.124Z</time>
			</trkpt>
			<trkpt lat="47.27826" lon="10.73866">
				<ele>1245.18</ele>
				<time>2026-09-22T14:52:18.477Z</time>
			</trkpt>
			<trkpt lat="47.27843" lon="10.73879">
				<ele>1245.98</ele>
				<time>2026-09-22T14:52:20.439Z</time>
			</trkpt>
			<trkpt lat="47.27878" lon="10.73903">
				<ele>1250.51</ele>
				<time>2026-09-22T14:52:24.390Z</time>
			</trkpt>
			<trkpt lat="47.27893" lon="10.73916">
				<ele>1248.9</ele>
				<time>2026-09-22T14:52:26.170Z</time>
			</trkpt>
			<trkpt lat="47.27934" lon="10.73963">
				<ele>1248.1</ele>
				<time>2026-09-22T14:52:31.478Z</time>
			</trkpt>
			<trkpt lat="47.28002" lon="10.74047">
				<ele>1252.82</ele>
				<time>2026-09-22T14:52:40.528Z</time>
			</trkpt>
			<trkpt lat="47.28015" lon="10.74057">
				<ele>1251.64</ele>
				<time>2026-09-22T14:52:42.022Z</time>
			</trkpt>
			<trkpt lat="47.28028" lon="10.74061">
				<ele>1252.62</ele>
				<time>2026-09-22T14:52:43.375Z</time>
			</trkpt>
			<trkpt lat="47.28039" lon="10.74061">
				<ele>1251.59</ele>
				<time>2026-09-22T14:52:44.495Z</time>
			</trkpt>
			<trkpt lat="47.28053" lon="10.74057">
				<ele>1251.53</ele>
				<time>2026-09-22T14:52:45.946Z</time>
			</trkpt>
			<trkpt lat="47.28064" lon="10.74047">
				<ele>1252.8</ele>
				<time>2026-09-22T14:52:47.261Z</time>
			</trkpt>
			<trkpt lat="47.28087" lon="10.74014">
				<ele>1260.43</ele>
				<time>2026-09-22T14:52:50.524Z</time>
			</trkpt>
			<trkpt lat="47.28115" lon="10.73981">
				<ele>1263.68</ele>
				<time>2026-09-22T14:52:54.166Z</time>
			</trkpt>
			<trkpt lat="47.28132" lon="10.73965">
				<ele>1264.07</ele>
				<time>2026-09-22T14:52:56.214Z</time>
			</trkpt>
			<trkpt lat="47.28164" lon="10.73939">
				<ele>1270.65</ele>
				<time>2026-09-22T14:52:59.921Z</time>
			</trkpt>
			<trkpt lat="47.28181" lon="10.73913">
				<ele>1274.64</ele>
				<time>2026-09-22T14:53:02.404Z</time>
			</trkpt>
			<trkpt lat="47.28192" lon="10.73886">
				<ele>1273.21</ele>
				<time>2026-09-22T14:53:04.569Z</time>
			</trkpt>
			<trkpt lat="47.28228" lon="10.73761">
				<ele>1274.43</ele>
				<time>2026-09-22T14:53:13.889Z</time>
			</trkpt>
			<trkpt lat="47.28239" lon="10.73678">
				<ele>1288.52</ele>
				<time>2026-09-22T14:53:19.683Z</time>
			</trkpt>
			<trkpt lat="47.28253" lon="10.73604">
				<ele>1288.84</ele>
				<time>2026-09-22T14:53:24.939Z</time>
			</trkpt>
			<trkpt lat="47.28254" lon="10.7352">
				<ele>1303.93</ele>
				<time>2026-09-22T14:53:30.679Z</time>
			</trkpt>
			<trkpt lat="47.28249" lon="10.73463">
				<ele>1315.99</ele>
				<time>2026-09-22T14:53:34.601Z</time>
			</trkpt>
			<trkpt lat="47.28254" lon="10.73447">
				<ele>1313.32</ele>
				<time>2026-09-22T14:53:35.802Z</time>
			</trkpt>
			<trkpt lat="47.28271" lon="10.73413">
				<ele>1308.35</ele>
				<time>2026-09-22T14:53:38.682Z</time>
			</trkpt>
			<trkpt lat="47.28276" lon="10.73396">
				<ele>1308.95</ele>
				<time>2026-09-22T14:53:39.944Z</time>
			</trkpt>
			<trkpt lat="47.28295" lon="10.73277">
				<ele>1322.79</ele>
				<time>2026-09-22T14:53:48.264Z</time>
			</trkpt>
			<trkpt lat="47.28299" lon="10.73248">
				<ele>1325.38</ele>
				<time>2026-09-22T14:53:50.276Z</time>
			</trkpt>
			<trkpt lat="47.283" lon="10.73213">
				<ele>1327.46</ele>
				<time>2026-09-22T14:53:52.656Z</time>
			</trkpt>
			<trkpt lat="47.2834" lon="10.73112">
				<ele>1341.08</ele>
				<time>2026-09-22T14:54:00.592Z</time>
			</trkpt>
			<trkpt lat="47.28347" lon="10.73084">
				<ele>1344.35</ele>
				<time>2026-09-22T14:54:02.614Z</time>
			</trkpt>
			<trkpt lat="47.28354" lon="10.73039">
				<ele>1342.41</ele>
				<time>2026-09-22T14:54:05.742Z</time>
			</trkpt>
			<trkpt lat="47.28357" lon="10.73006">
				<ele>1341.13</ele>
				<time>2026-09-22T14:54:07.996Z</time>
			</trkpt>
			<trkpt lat="47.28356" lon="10.72942">
				<ele>1340.65</ele>
				<time>2026-09-22T14:54:12.326Z</time>
			</trkpt>
			<trkpt lat="47.28352" lon="10.72917">
				<ele>1339.3</ele>
				<time>2026-09-22T14:54:14.062Z</time>
			</trkpt>
			<trkpt lat="47.28341" lon="10.72894">
				<ele>1342</ele>
				<time>2026-09-22T14:54:15.964Z</time>
			</trkpt>
			<trkpt lat="47.28312" lon="10.72853">
				<ele>1358.59</ele>
				<time>2026-09-22T14:54:19.963Z</time>
			</trkpt>
			<trkpt lat="47.28294" lon="10.72831">
				<ele>1367.25</ele>
				<time>2026-09-22T14:54:22.289Z</time>
			</trkpt>
			<trkpt lat="47.2828" lon="10.72801">
				<ele>1370.56</ele>
				<time>2026-09-22T14:54:24.745Z</time>
			</trkpt>
			<trkpt lat="47.28262" lon="10.72726">
				<ele>1366.01</ele>
				<time>2026-09-22T14:54:30.105Z</time>
			</trkpt>
			<trkpt lat="47.28256" lon="10.72715">
				<ele>1365.39</ele>
				<time>2026-09-22T14:54:31.055Z</time>
			</trkpt>
			<trkpt lat="47.28216" lon="10.7266">
				<ele>1379.86</ele>
				<time>2026-09-22T14:54:36.481Z</time>
			</trkpt>
			<trkpt lat="47.28192" lon="10.7261">
				<ele>1381.76</ele>
				<time>2026-09-22T14:54:40.597Z</time>
			</trkpt>
			<trkpt lat="47.28172" lon="10.72553">
				<ele>1394.84</ele>
				<time>2026-09-22T14:54:44.906Z</time>
			</trkpt>
			<trkpt lat="47.28155" lon="10.72496">
				<ele>1401.03</ele>
				<time>2026-09-22T14:54:49.084Z</time>
			</trkpt>
			<trkpt lat="47.28123" lon="10.72346">
				<ele>1410.11</ele>
				<time>2026-09-22T14:54:59.615Z</time>
			</trkpt>
			<trkpt lat="47.28113" lon="10.72294">
				<ele>1404.73</ele>
				<time>2026-09-22T14:55:03.230Z</time>
			</trkpt>
			<trkpt lat="47.28097" lon="10.72241">
				<ele>1420.53</ele>
				<time>2026-09-22T14:55:07.106Z</time>
			</trkpt>
			<trkpt lat="47.28095" lon="10.72229">
				<ele>1420.75</ele>
				<time>2026-09-22T14:55:07.931Z</time>
			</trkpt>
			<trkpt lat="47.28097" lon="10.72198">
				<ele>1429.07</ele>
				<time>2026-09-22T14:55:10.010Z</time>
			</trkpt>
			<trkpt lat="47.28097" lon="10.72171">
				<ele>1427.17</ele>
				<time>2026-09-22T14:55:11.812Z</time>
			</trkpt>
			<trkpt lat="47.28089" lon="10.72141">
				<ele>1431.46</ele>
				<time>2026-09-22T14:55:13.963Z</time>
			</trkpt>
			<trkpt lat="47.28079" lon="10.7212">
				<ele>1439.93</ele>
				<time>2026-09-22T14:55:15.674Z</time>
			</trkpt>
			<trkpt lat="47.28077" lon="10.72108">
				<ele>1440.35</ele>
				<time>2026-09-22T14:55:16.497Z</time>
			</trkpt>
			<trkpt lat="47.28092" lon="10.72051">
				<ele>1429.03</ele>
				<time>2026-09-22T14:55:20.571Z</time>
			</trkpt>
			<trkpt lat="47.28104" lon="10.71985">
				<ele>1432.47</ele>
				<time>2026-09-22T14:55:25.120Z</time>
			</trkpt>
			<trkpt lat="47.28107" lon="10.71959">
				<ele>1433.25</ele>
				<time>2026-09-22T14:55:26.874Z</time>
			</trkpt>
			<trkpt lat="47.28109" lon="10.71919">
				<ele>1437.1</ele>
				<time>2026-09-22T14:55:29.541Z</time>
			</trkpt>
			<trkpt lat="47.28111" lon="10.71909">
				<ele>1436.94</ele>
				<time>2026-09-22T14:55:30.234Z</time>
			</trkpt>
			<trkpt lat="47.28109" lon="10.71893">
				<ele>1442.54</ele>
				<time>2026-09-22T14:55:31.315Z</time>
			</trkpt>
			<trkpt lat="47.28102" lon="10.71872">
				<ele>1454.15</ele>
				<time>2026-09-22T14:55:32.870Z</time>
			</trkpt>
			<trkpt lat="47.28099" lon="10.71853">
				<ele>1458.56</ele>
				<time>2026-09-22T14:55:34.166Z</time>
			</trkpt>
			<trkpt lat="47.28106" lon="10.718">
				<ele>1457.35</ele>
				<time>2026-09-22T14:55:37.750Z</time>
			</trkpt>
			<trkpt lat="47.28103" lon="10.71772">
				<ele>1459.08</ele>
				<time>2026-09-22T14:55:39.631Z</time>
			</trkpt>
			<trkpt lat="47.28093" lon="10.71754">
				<ele>1462.12</ele>
				<time>2026-09-22T14:55:41.174Z</time>
			</trkpt>
			<trkpt lat="47.28055" lon="10.71712">
				<ele>1488.94</ele>
				<time>2026-09-22T14:55:45.815Z</time>
			</trkpt>
			<trkpt lat="47.2805" lon="10.71703">
				<ele>1491.67</ele>
				<time>2026-09-22T14:55:46.585Z</time>
			</trkpt>
			<trkpt lat="47.28049" lon="10.71687">
				<ele>1492.98</ele>
				<time>2026-09-22T14:55:47.650Z</time>
			</trkpt>
			<trkpt lat="47.28052" lon="10.71678">
				<ele>1491.69</ele>
				<time>2026-09-22T14:55:48.314Z</time>
			</trkpt>
			<trkpt lat="47.28055" lon="10.71673">
				<ele>1489.78</ele>
				<time>2026-09-22T14:55:48.756Z</time>
			</trkpt>
			<trkpt lat="47.28083" lon="10.71662">
				<ele>1466.52</ele>
				<time>2026-09-22T14:55:51.583Z</time>
			</trkpt>
			<trkpt lat="47.28088" lon="10.71652">
				<ele>1461.2</ele>
				<time>2026-09-22T14:55:52.405Z</time>
			</trkpt>
			<trkpt lat="47.28111" lon="10.71543">
				<ele>1469.87</ele>
				<time>2026-09-22T14:55:59.952Z</time>
			</trkpt>
			<trkpt lat="47.28117" lon="10.71495">
				<ele>1476.02</ele>
				<time>2026-09-22T14:56:03.175Z</time>
			</trkpt>
			<trkpt lat="47.2812" lon="10.71421">
				<ele>1496.55</ele>
				<time>2026-09-22T14:56:08.067Z</time>
			</trkpt>
			<trkpt lat="47.28128" lon="10.71382">
				<ele>1491.03</ele>
				<time>2026-09-22T14:56:10.754Z</time>
			</trkpt>
			<trkpt lat="47.28131" lon="10.71331">
				<ele>1493.14</ele>
				<time>2026-09-22T14:56:14.127Z</time>
			</trkpt>
			<trkpt lat="47.28129" lon="10.71295">
				<ele>1494.33</ele>
				<time>2026-09-22T14:56:16.506Z</time>
			</trkpt>
			<trkpt lat="47.28122" lon="10.71244">
				<ele>1512.09</ele>
				<time>2026-09-22T14:56:19.931Z</time>
			</trkpt>
			<trkpt lat="47.28108" lon="10.71205">
				<ele>1524.9</ele>
				<time>2026-09-22T14:56:22.834Z</time>
			</trkpt>
			<trkpt lat="47.28109" lon="10.71175">
				<ele>1516.15</ele>
				<time>2026-09-22T14:56:24.809Z</time>
			</trkpt>
			<trkpt lat="47.28105" lon="10.71151">
				<ele>1518.54</ele>
				<time>2026-09-22T14:56:26.433Z</time>
			</trkpt>
			<trkpt lat="47.28085" lon="10.71077">
				<ele>1501.56</ele>
				<time>2026-09-22T14:56:31.666Z</time>
			</trkpt>
			<trkpt lat="47.28063" lon="10.71018">
				<ele>1526.45</ele>
				<time>2026-09-22T14:56:36.084Z</time>
			</trkpt>
			<trkpt lat="47.2805" lon="10.70994">
				<ele>1539.97</ele>
				<time>2026-09-22T14:56:38.098Z</time>
			</trkpt>
			<trkpt lat="47.28048" lon="10.70974">
				<ele>1536.34</ele>
				<time>2026-09-22T14:56:39.424Z</time>
			</trkpt>
			<trkpt lat="47.28076" lon="10.70806">
				<ele>1524</ele>
				<time>2026-09-22T14:56:50.753Z</time>
			</trkpt>
			<trkpt lat="47.28079" lon="10.70791">
				<ele>1525.82</ele>
				<time>2026-09-22T14:56:51.776Z</time>
			</trkpt>
			<trkpt lat="47.28087" lon="10.70772">
				<ele>1528.66</ele>
				<time>2026-09-22T14:56:53.239Z</time>
			</trkpt>
			<trkpt lat="47.28099" lon="10.70763">
				<ele>1531.23</ele>
				<time>2026-09-22T14:56:54.536Z</time>
			</trkpt>
			<trkpt lat="47.28171" lon="10.70726">
				<ele>1539.9</ele>
				<time>2026-09-22T14:57:01.879Z</time>
			</trkpt>
			<trkpt lat="47.2819" lon="10.70713">
				<ele>1542.08</ele>
				<time>2026-09-22T14:57:03.895Z</time>
			</trkpt>
			<trkpt lat="47.28226" lon="10.70683">
				<ele>1550.01</ele>
				<time>2026-09-22T14:57:07.872Z</time>
			</trkpt>
			<trkpt lat="47.28235" lon="10.70678">
				<ele>1551.39</ele>
				<time>2026-09-22T14:57:08.796Z</time>
			</trkpt>
			<trkpt lat="47.28244" lon="10.70675">
				<ele>1551.71</ele>
				<time>2026-09-22T14:57:09.683Z</time>
			</trkpt>
			<trkpt lat="47.28254" lon="10.70676">
				<ele>1549.8</ele>
				<time>2026-09-22T14:57:10.646Z</time>
			</trkpt>
			<trkpt lat="47.28289" lon="10.70699">
				<ele>1536.34</ele>
				<time>2026-09-22T14:57:14.327Z</time>
			</trkpt>
			<trkpt lat="47.28296" lon="10.70701">
				<ele>1535.78</ele>
				<time>2026-09-22T14:57:15.012Z</time>
			</trkpt>
			<trkpt lat="47.28304" lon="10.70697">
				<ele>1537.71</ele>
				<time>2026-09-22T14:57:15.823Z</time>
			</trkpt>
			<trkpt lat="47.2831" lon="10.70687">
				<ele>1540.25</ele>
				<time>2026-09-22T14:57:16.692Z</time>
			</trkpt>
			<trkpt lat="47.28317" lon="10.70669">
				<ele>1545.38</ele>
				<time>2026-09-22T14:57:18.043Z</time>
			</trkpt>
			<trkpt lat="47.28327" lon="10.7061">
				<ele>1559.06</ele>
				<time>2026-09-22T14:57:22.001Z</time>
			</trkpt>
			<trkpt lat="47.28331" lon="10.70603">
				<ele>1557.93</ele>
				<time>2026-09-22T14:57:22.596Z</time>
			</trkpt>
			<trkpt lat="47.28343" lon="10.7059">
				<ele>1552.5</ele>
				<time>2026-09-22T14:57:24.024Z</time>
			</trkpt>
			<trkpt lat="47.2835" lon="10.7058">
				<ele>1552.66</ele>
				<time>2026-09-22T14:57:24.958Z</time>
			</trkpt>
			<trkpt lat="47.28354" lon="10.70566">
				<ele>1554.53</ele>
				<time>2026-09-22T14:57:25.946Z</time>
			</trkpt>
			<trkpt lat="47.28359" lon="10.70523">
				<ele>1565.05</ele>
				<time>2026-09-22T14:57:28.781Z</time>
			</trkpt>
			<trkpt lat="47.28371" lon="10.7049">
				<ele>1569.03</ele>
				<time>2026-09-22T14:57:31.214Z</time>
			</trkpt>
			<trkpt lat="47.28379" lon="10.70462">
				<ele>1572.66</ele>
				<time>2026-09-22T14:57:33.187Z</time>
			</trkpt>
			<trkpt lat="47.2839" lon="10.70391">
				<ele>1579.9</ele>
				<time>2026-09-22T14:57:37.913Z</time>
			</trkpt>
			<trkpt lat="47.28404" lon="10.70376">
				<ele>1575.07</ele>
				<time>2026-09-22T14:57:39.568Z</time>
			</trkpt>
			<trkpt lat="47.28414" lon="10.70362">
				<ele>1572.12</ele>
				<time>2026-09-22T14:57:40.886Z</time>
			</trkpt>
			<trkpt lat="47.28422" lon="10.70345">
				<ele>1570</ele>
				<time>2026-09-22T14:57:42.228Z</time>
			</trkpt>
			<trkpt lat="47.28427" lon="10.70325">
				<ele>1572.91</ele>
				<time>2026-09-22T14:57:43.610Z</time>
			</trkpt>
			<trkpt lat="47.28425" lon="10.70306">
				<ele>1579.46</ele>
				<time>2026-09-22T14:57:44.856Z</time>
			</trkpt>
			<trkpt lat="47.28416" lon="10.70261">
				<ele>1604.17</ele>
				<time>2026-09-22T14:57:47.895Z</time>
			</trkpt>
			<trkpt lat="47.2842" lon="10.7025">
				<ele>1606.52</ele>
				<time>2026-09-22T14:57:48.703Z</time>
			</trkpt>
			<trkpt lat="47.28453" lon="10.70242">
				<ele>1583.31</ele>
				<time>2026-09-22T14:57:51.895Z</time>
			</trkpt>
			<trkpt lat="47.28461" lon="10.70232">
				<ele>1581.61</ele>
				<time>2026-09-22T14:57:52.896Z</time>
			</trkpt>
			<trkpt lat="47.28491" lon="10.70159">
				<ele>1601.13</ele>
				<time>2026-09-22T14:57:58.417Z</time>
			</trkpt>
			<trkpt lat="47.28502" lon="10.70141">
				<ele>1600.81</ele>
				<time>2026-09-22T14:57:59.983Z</time>
			</trkpt>
			<trkpt lat="47.28548" lon="10.70085">
				<ele>1596.66</ele>
				<time>2026-09-22T14:58:05.665Z</time>
			</trkpt>
			<trkpt lat="47.28558" lon="10.70058">
				<ele>1600.96</ele>
				<time>2026-09-22T14:58:07.651Z</time>
			</trkpt>
			<trkpt lat="47.28562" lon="10.70051">
				<ele>1600.8</ele>
				<time>2026-09-22T14:58:08.242Z</time>
			</trkpt>
			<trkpt lat="47.28587" lon="10.7003">
				<ele>1592.04</ele>
				<time>2026-09-22T14:58:10.980Z</time>
			</trkpt>
			<trkpt lat="47.28595" lon="10.70018">
				<ele>1594.35</ele>
				<time>2026-09-22T14:58:12.065Z</time>
			</trkpt>
			<trkpt lat="47.28608" lon="10.69991">
				<ele>1602.27</ele>
				<time>2026-09-22T14:58:14.201Z</time>
			</trkpt>
			<trkpt lat="47.28617" lon="10.69961">
				<ele>1608.92</ele>
				<time>2026-09-22T14:58:16.316Z</time>
			</trkpt>
			<trkpt lat="47.28623" lon="10.69951">
				<ele>1607.08</ele>
				<time>2026-09-22T14:58:17.177Z</time>
			</trkpt>
			<trkpt lat="47.28642" lon="10.69934">
				<ele>1598.2</ele>
				<time>2026-09-22T14:58:19.289Z</time>
			</trkpt>
			<trkpt lat="47.28648" lon="10.69923">
				<ele>1599.21</ele>
				<time>2026-09-22T14:58:20.198Z</time>
			</trkpt>
			<trkpt lat="47.28657" lon="10.69896">
				<ele>1604.33</ele>
				<time>2026-09-22T14:58:22.136Z</time>
			</trkpt>
			<trkpt lat="47.28673" lon="10.69882">
				<ele>1598.91</ele>
				<time>2026-09-22T14:58:23.903Z</time>
			</trkpt>
			<trkpt lat="47.28729" lon="10.69852">
				<ele>1593.81</ele>
				<time>2026-09-22T14:58:29.557Z</time>
			</trkpt>
			<trkpt lat="47.28781" lon="10.69813">
				<ele>1597.65</ele>
				<time>2026-09-22T14:58:35.088Z</time>
			</trkpt>
			<trkpt lat="47.28863" lon="10.69712">
				<ele>1600</ele>
				<time>2026-09-22T14:58:45.208Z</time>
			</trkpt>
			<trkpt lat="47.28875" lon="10.69694">
				<ele>1599.56</ele>
				<time>2026-09-22T14:58:46.828Z</time>
			</trkpt>
			<trkpt lat="47.28891" lon="10.69664">
				<ele>1597.52</ele>
				<time>2026-09-22T14:58:49.276Z</time>
			</trkpt>
			<trkpt lat="47.28906" lon="10.69629">
				<ele>1595.4</ele>
				<time>2026-09-22T14:58:51.932Z</time>
			</trkpt>
			<trkpt lat="47.28911" lon="10.6961">
				<ele>1595.57</ele>
				<time>2026-09-22T14:58:53.239Z</time>
			</trkpt>
			<trkpt lat="47.28919" lon="10.69563">
				<ele>1595.97</ele>
				<time>2026-09-22T14:58:56.345Z</time>
			</trkpt>
			<trkpt lat="47.28922" lon="10.69526">
				<ele>1596.67</ele>
				<time>2026-09-22T14:58:58.733Z</time>
			</trkpt>
			<trkpt lat="47.28922" lon="10.69504">
				<ele>1595.69</ele>
				<time>2026-09-22T14:59:00.142Z</time>
			</trkpt>
			<trkpt lat="47.2892" lon="10.69418">
				<ele>1600.25</ele>
				<time>2026-09-22T14:59:05.652Z</time>
			</trkpt>
			<trkpt lat="47.28925" lon="10.69374">
				<ele>1602.79</ele>
				<time>2026-09-22T14:59:08.507Z</time>
			</trkpt>
			<trkpt lat="47.28934" lon="10.6934">
				<ele>1603.72</ele>
				<time>2026-09-22T14:59:10.842Z</time>
			</trkpt>
			<trkpt lat="47.28958" lon="10.69267">
				<ele>1596.59</ele>
				<time>2026-09-22T14:59:16.028Z</time>
			</trkpt>
			<trkpt lat="47.28967" lon="10.69234">
				<ele>1599.61</ele>
				<time>2026-09-22T14:59:18.302Z</time>
			</trkpt>
			<trkpt lat="47.28973" lon="10.69207">
				<ele>1603.7</ele>
				<time>2026-09-22T14:59:20.117Z</time>
			</trkpt>
			<trkpt lat="47.28985" lon="10.6911">
				<ele>1608.69</ele>
				<time>2026-09-22T14:59:26.413Z</time>
			</trkpt>
			<trkpt lat="47.28985" lon="10.69095">
				<ele>1610.56</ele>
				<time>2026-09-22T14:59:27.370Z</time>
			</trkpt>
			<trkpt lat="47.28977" lon="10.69015">
				<ele>1634.38</ele>
				<time>2026-09-22T14:59:32.530Z</time>
			</trkpt>
			<trkpt lat="47.28976" lon="10.68994">
				<ele>1637.77</ele>
				<time>2026-09-22T14:59:33.872Z</time>
			</trkpt>
			<trkpt lat="47.28977" lon="10.68969">
				<ele>1634.93</ele>
				<time>2026-09-22T14:59:35.469Z</time>
			</trkpt>
			<trkpt lat="47.28982" lon="10.68917">
				<ele>1631.17</ele>
				<time>2026-09-22T14:59:38.817Z</time>
			</trkpt>
			<trkpt lat="47.28982" lon="10.68896">
				<ele>1634.13</ele>
				<time>2026-09-22T14:59:40.155Z</time>
			</trkpt>
			<trkpt lat="47.28969" lon="10.68826">
				<ele>1650.7</ele>
				<time>2026-09-22T14:59:44.778Z</time>
			</trkpt>
			<trkpt lat="47.28964" lon="10.68762">
				<ele>1639.61</ele>
				<time>2026-09-22T14:59:48.880Z</time>
			</trkpt>
			<trkpt lat="47.28959" lon="10.68729">
				<ele>1641.16</ele>
				<time>2026-09-22T14:59:51.032Z</time>
			</trkpt>
			<trkpt lat="47.28943" lon="10.68667">
				<ele>1647.46</ele>
				<time>2026-09-22T14:59:55.253Z</time>
			</trkpt>
			<trkpt lat="47.28939" lon="10.68642">
				<ele>1650.08</ele>
				<time>2026-09-22T14:59:56.886Z</time>
			</trkpt>
			<trkpt lat="47.2893" lon="10.68565">
				<ele>1656.22</ele>
				<time>2026-09-22T15:00:01.854Z</time>
			</trkpt>
			<trkpt lat="47.28911" lon="10.6835">
				<ele>1674.13</ele>
				<time>2026-09-22T15:00:15.623Z</time>
			</trkpt>
			<trkpt lat="47.28912" lon="10.68324">
				<ele>1678.09</ele>
				<time>2026-09-22T15:00:17.276Z</time>
			</trkpt>
			<trkpt lat="47.28922" lon="10.6825">
				<ele>1683.42</ele>
				<time>2026-09-22T15:00:22.062Z</time>
			</trkpt>
			<trkpt lat="47.2892" lon="10.68226">
				<ele>1684.98</ele>
				<time>2026-09-22T15:00:23.595Z</time>
			</trkpt>
			<trkpt lat="47.2891" lon="10.68176">
				<ele>1685.56</ele>
				<time>2026-09-22T15:00:26.900Z</time>
			</trkpt>
			<trkpt lat="47.28895" lon="10.68134">
				<ele>1686.6</ele>
				<time>2026-09-22T15:00:29.908Z</time>
			</trkpt>
			<trkpt lat="47.28885" lon="10.68119">
				<ele>1689.2</ele>
				<time>2026-09-22T15:00:31.241Z</time>
			</trkpt>
			<trkpt lat="47.28869" lon="10.681">
				<ele>1693.5</ele>
				<time>2026-09-22T15:00:33.160Z</time>
			</trkpt>
			<trkpt lat="47.28826" lon="10.68062">
				<ele>1703.56</ele>
				<time>2026-09-22T15:00:37.840Z</time>
			</trkpt>
			<trkpt lat="47.28816" lon="10.68047">
				<ele>1705.27</ele>
				<time>2026-09-22T15:00:39.172Z</time>
			</trkpt>
			<trkpt lat="47.2881" lon="10.68031">
				<ele>1705.82</ele>
				<time>2026-09-22T15:00:40.329Z</time>
			</trkpt>
			<trkpt lat="47.28809" lon="10.68017">
				<ele>1704.44</ele>
				<time>2026-09-22T15:00:41.220Z</time>
			</trkpt>
			<trkpt lat="47.2881" lon="10.67955">
				<ele>1702.61</ele>
				<time>2026-09-22T15:00:45.145Z</time>
			</trkpt>
			<trkpt lat="47.28807" lon="10.67938">
				<ele>1705.04</ele>
				<time>2026-09-22T15:00:46.256Z</time>
			</trkpt>
			<trkpt lat="47.28798" lon="10.67921">
				<ele>1709.89</ele>
				<time>2026-09-22T15:00:47.620Z</time>
			</trkpt>
			<trkpt lat="47.28776" lon="10.67888">
				<ele>1715.52</ele>
				<time>2026-09-22T15:00:50.547Z</time>
			</trkpt>
			<trkpt lat="47.28766" lon="10.67864">
				<ele>1719.55</ele>
				<time>2026-09-22T15:00:52.328Z</time>
			</trkpt>
			<trkpt lat="47.28743" lon="10.67795">
				<ele>1721.75</ele>
				<time>2026-09-22T15:00:57.188Z</time>
			</trkpt>
			<trkpt lat="47.28737" lon="10.67772">
				<ele>1723.42</ele>
				<time>2026-09-22T15:00:58.745Z</time>
			</trkpt>
			<trkpt lat="47.28733" lon="10.67752">
				<ele>1723.4</ele>
				<time>2026-09-22T15:01:00.062Z</time>
			</trkpt>
			<trkpt lat="47.28733" lon="10.67629">
				<ele>1732.41</ele>
				<time>2026-09-22T15:01:07.831Z</time>
			</trkpt>
			<trkpt lat="47.28739" lon="10.67411">
				<ele>1740.86</ele>
				<time>2026-09-22T15:01:21.599Z</time>
			</trkpt>
			<trkpt lat="47.28739" lon="10.67385">
				<ele>1743.84</ele>
				<time>2026-09-22T15:01:23.238Z</time>
			</trkpt>
			<trkpt lat="47.28735" lon="10.67328">
				<ele>1755.73</ele>
				<time>2026-09-22T15:01:26.851Z</time>
			</trkpt>
			<trkpt lat="47.28738" lon="10.67308">
				<ele>1757.19</ele>
				<time>2026-09-22T15:01:28.143Z</time>
			</trkpt>
			<trkpt lat="47.28755" lon="10.67268">
				<ele>1761.5</ele>
				<time>2026-09-22T15:01:31.118Z</time>
			</trkpt>
			<trkpt lat="47.28758" lon="10.67254">
				<ele>1764.26</ele>
				<time>2026-09-22T15:01:32.043Z</time>
			</trkpt>
			<trkpt lat="47.28759" lon="10.67237">
				<ele>1767.1</ele>
				<time>2026-09-22T15:01:33.118Z</time>
			</trkpt>
			<trkpt lat="47.28751" lon="10.67183">
				<ele>1776.61</ele>
				<time>2026-09-22T15:01:36.600Z</time>
			</trkpt>
			<trkpt lat="47.28751" lon="10.67156">
				<ele>1779.4</ele>
				<time>2026-09-22T15:01:38.301Z</time>
			</trkpt>
			<trkpt lat="47.28754" lon="10.67142">
				<ele>1779.92</ele>
				<time>2026-09-22T15:01:39.226Z</time>
			</trkpt>
			<trkpt lat="47.28789" lon="10.67104">
				<ele>1780.42</ele>
				<time>2026-09-22T15:01:43.261Z</time>
			</trkpt>
			<trkpt lat="47.28796" lon="10.67092">
				<ele>1780.77</ele>
				<time>2026-09-22T15:01:44.257Z</time>
			</trkpt>
			<trkpt lat="47.28809" lon="10.67057">
				<ele>1781.09</ele>
				<time>2026-09-22T15:01:46.769Z</time>
			</trkpt>
			<trkpt lat="47.28816" lon="10.67015">
				<ele>1784.72</ele>
				<time>2026-09-22T15:01:49.491Z</time>
			</trkpt>
			<trkpt lat="47.28817" lon="10.66994">
				<ele>1787.31</ele>
				<time>2026-09-22T15:01:50.816Z</time>
			</trkpt>
			<trkpt lat="47.28815" lon="10.66983">
				<ele>1789.4</ele>
				<time>2026-09-22T15:01:51.533Z</time>
			</trkpt>
			<trkpt lat="47.28809" lon="10.66966">
				<ele>1793.3</ele>
				<time>2026-09-22T15:01:52.739Z</time>
			</trkpt>
			<trkpt lat="47.28789" lon="10.66936">
				<ele>1799.41</ele>
				<time>2026-09-22T15:01:55.385Z</time>
			</trkpt>
			<trkpt lat="47.28779" lon="10.66927">
				<ele>1802.43</ele>
				<time>2026-09-22T15:01:56.472Z</time>
			</trkpt>
			<trkpt lat="47.28766" lon="10.66921">
				<ele>1805.1</ele>
				<time>2026-09-22T15:01:57.735Z</time>
			</trkpt>
			<trkpt lat="47.28746" lon="10.66923">
				<ele>1807.51</ele>
				<time>2026-09-22T15:01:59.594Z</time>
			</trkpt>
			<trkpt lat="47.28722" lon="10.6693">
				<ele>1808.43</ele>
				<time>2026-09-22T15:02:01.862Z</time>
			</trkpt>
			<trkpt lat="47.28701" lon="10.66949">
				<ele>1808.84</ele>
				<time>2026-09-22T15:02:04.146Z</time>
			</trkpt>
			<trkpt lat="47.28691" lon="10.66961">
				<ele>1810.33</ele>
				<time>2026-09-22T15:02:05.341Z</time>
			</trkpt>
			<trkpt lat="47.28685" lon="10.66962">
				<ele>1813.93</ele>
				<time>2026-09-22T15:02:05.901Z</time>
			</trkpt>
			<trkpt lat="47.2868" lon="10.66959">
				<ele>1816.93</ele>
				<time>2026-09-22T15:02:06.401Z</time>
			</trkpt>
			<trkpt lat="47.28676" lon="10.66952">
				<ele>1819.84</ele>
				<time>2026-09-22T15:02:06.976Z</time>
			</trkpt>
			<trkpt lat="47.28676" lon="10.66942">
				<ele>1820.5</ele>
				<time>2026-09-22T15:02:07.605Z</time>
			</trkpt>
			<trkpt lat="47.28679" lon="10.6693">
				<ele>1820.94</ele>
				<time>2026-09-22T15:02:08.409Z</time>
			</trkpt>
			<trkpt lat="47.28696" lon="10.66889">
				<ele>1825.81</ele>
				<time>2026-09-22T15:02:11.429Z</time>
			</trkpt>
			<trkpt lat="47.28708" lon="10.6687">
				<ele>1826.08</ele>
				<time>2026-09-22T15:02:13.060Z</time>
			</trkpt>
			<trkpt lat="47.28733" lon="10.66844">
				<ele>1824.38</ele>
				<time>2026-09-22T15:02:15.895Z</time>
			</trkpt>
			<trkpt lat="47.28754" lon="10.66804">
				<ele>1828.88</ele>
				<time>2026-09-22T15:02:19.072Z</time>
			</trkpt>
			<trkpt lat="47.28782" lon="10.66741">
				<ele>1834.27</ele>
				<time>2026-09-22T15:02:23.803Z</time>
			</trkpt>
			<trkpt lat="47.28792" lon="10.66724">
				<ele>1833.81</ele>
				<time>2026-09-22T15:02:25.216Z</time>
			</trkpt>
			<trkpt lat="47.28808" lon="10.66707">
				<ele>1833.33</ele>
				<time>2026-09-22T15:02:27.042Z</time>
			</trkpt>
			<trkpt lat="47.28819" lon="10.66685">
				<ele>1837.47</ele>
				<time>2026-09-22T15:02:28.758Z</time>
			</trkpt>
			<trkpt lat="47.28822" lon="10.66667">
				<ele>1841.6</ele>
				<time>2026-09-22T15:02:29.922Z</time>
			</trkpt>
			<trkpt lat="47.28828" lon="10.66589">
				<ele>1846.84</ele>
				<time>2026-09-22T15:02:34.849Z</time>
			</trkpt>
			<trkpt lat="47.28825" lon="10.6655">
				<ele>1846.35</ele>
				<time>2026-09-22T15:02:37.313Z</time>
			</trkpt>
			<trkpt lat="47.28794" lon="10.66364">
				<ele>1859.95</ele>
				<time>2026-09-22T15:02:49.329Z</time>
			</trkpt>
			<trkpt lat="47.28787" lon="10.66311">
				<ele>1873.96</ele>
				<time>2026-09-22T15:02:52.716Z</time>
			</trkpt>
			<trkpt lat="47.28776" lon="10.66254">
				<ele>1876.93</ele>
				<time>2026-09-22T15:02:56.432Z</time>
			</trkpt>
			<trkpt lat="47.28764" lon="10.6621">
				<ele>1875.91</ele>
				<time>2026-09-22T15:02:59.406Z</time>
			</trkpt>
			<trkpt lat="47.28761" lon="10.66193">
				<ele>1875.47</ele>
				<time>2026-09-22T15:03:00.507Z</time>
			</trkpt>
			<trkpt lat="47.28754" lon="10.66143">
				<ele>1875.64</ele>
				<time>2026-09-22T15:03:03.708Z</time>
			</trkpt>
			<trkpt lat="47.28749" lon="10.6608">
				<ele>1873.59</ele>
				<time>2026-09-22T15:03:07.684Z</time>
			</trkpt>
			<trkpt lat="47.28747" lon="10.66026">
				<ele>1875.56</ele>
				<time>2026-09-22T15:03:11.073Z</time>
			</trkpt>
			<trkpt lat="47.28742" lon="10.65988">
				<ele>1874.41</ele>
				<time>2026-09-22T15:03:13.499Z</time>
			</trkpt>
			<trkpt lat="47.28723" lon="10.65893">
				<ele>1888.46</ele>
				<time>2026-09-22T15:03:19.705Z</time>
			</trkpt>
			<trkpt lat="47.28723" lon="10.65877">
				<ele>1889.45</ele>
				<time>2026-09-22T15:03:20.708Z</time>
			</trkpt>
			<trkpt lat="47.28725" lon="10.65858">
				<ele>1888.8</ele>
				<time>2026-09-22T15:03:21.913Z</time>
			</trkpt>
			<trkpt lat="47.28733" lon="10.65809">
				<ele>1885.38</ele>
				<time>2026-09-22T15:03:25.070Z</time>
			</trkpt>
			<trkpt lat="47.28736" lon="10.65783">
				<ele>1883.28</ele>
				<time>2026-09-22T15:03:26.722Z</time>
			</trkpt>
			<trkpt lat="47.28737" lon="10.65753">
				<ele>1885.14</ele>
				<time>2026-09-22T15:03:28.604Z</time>
			</trkpt>
			<trkpt lat="47.28734" lon="10.65695">
				<ele>1891.41</ele>
				<time>2026-09-22T15:03:32.247Z</time>
			</trkpt>
			<trkpt lat="47.28733" lon="10.65653">
				<ele>1892.53</ele>
				<time>2026-09-22T15:03:34.880Z</time>
			</trkpt>
			<trkpt lat="47.28738" lon="10.65597">
				<ele>1891</ele>
				<time>2026-09-22T15:03:38.417Z</time>
			</trkpt>
			<trkpt lat="47.28738" lon="10.65567">
				<ele>1890.41</ele>
				<time>2026-09-22T15:03:40.296Z</time>
			</trkpt>
			<trkpt lat="47.28736" lon="10.65553">
				<ele>1891.09</ele>
				<time>2026-09-22T15:03:41.192Z</time>
			</trkpt>
			<trkpt lat="47.28721" lon="10.65504">
				<ele>1895.96</ele>
				<time>2026-09-22T15:03:44.558Z</time>
			</trkpt>
			<trkpt lat="47.28716" lon="10.65474">
				<ele>1896.97</ele>
				<time>2026-09-22T15:03:46.493Z</time>
			</trkpt>
			<trkpt lat="47.28716" lon="10.65386">
				<ele>1893.27</ele>
				<time>2026-09-22T15:03:52.002Z</time>
			</trkpt>
			<trkpt lat="47.2872" lon="10.65286">
				<ele>1890.45</ele>
				<time>2026-09-22T15:03:58.267Z</time>
			</trkpt>
			<trkpt lat="47.2872" lon="10.65173">
				<ele>1880.63</ele>
				<time>2026-09-22T15:04:05.319Z</time>
			</trkpt>
			<trkpt lat="47.28712" lon="10.64973">
				<ele>1863.84</ele>
				<time>2026-09-22T15:04:17.789Z</time>
			</trkpt>
			<trkpt lat="47.2871" lon="10.64957">
				<ele>1862.75</ele>
				<time>2026-09-22T15:04:18.799Z</time>
			</trkpt>
			<trkpt lat="47.28688" lon="10.64874">
				<ele>1853.57</ele>
				<time>2026-09-22T15:04:24.329Z</time>
			</trkpt>
			<trkpt lat="47.28681" lon="10.64853">
				<ele>1852</ele>
				<time>2026-09-22T15:04:25.780Z</time>
			</trkpt>
			<trkpt lat="47.28654" lon="10.64795">
				<ele>1850.56</ele>
				<time>2026-09-22T15:04:30.137Z</time>
			</trkpt>
			<trkpt lat="47.28651" lon="10.64778">
				<ele>1849.81</ele>
				<time>2026-09-22T15:04:31.224Z</time>
			</trkpt>
			<trkpt lat="47.28651" lon="10.64745">
				<ele>1848.42</ele>
				<time>2026-09-22T15:04:33.266Z</time>
			</trkpt>
			<trkpt lat="47.28658" lon="10.64501">
				<ele>1841.36</ele>
				<time>2026-09-22T15:04:48.336Z</time>
			</trkpt>
			<trkpt lat="47.28658" lon="10.64464">
				<ele>1832.7</ele>
				<time>2026-09-22T15:04:50.613Z</time>
			</trkpt>
			<trkpt lat="47.2865" lon="10.64404">
				<ele>1825.36</ele>
				<time>2026-09-22T15:04:54.373Z</time>
			</trkpt>
			<trkpt lat="47.28639" lon="10.64358">
				<ele>1824.2</ele>
				<time>2026-09-22T15:04:57.369Z</time>
			</trkpt>
			<trkpt lat="47.28611" lon="10.64281">
				<ele>1828.21</ele>
				<time>2026-09-22T15:05:02.729Z</time>
			</trkpt>
			<trkpt lat="47.28602" lon="10.6422">
				<ele>1819.16</ele>
				<time>2026-09-22T15:05:06.554Z</time>
			</trkpt>
			<trkpt lat="47.28582" lon="10.64112">
				<ele>1807.72</ele>
				<time>2026-09-22T15:05:13.402Z</time>
			</trkpt>
			<trkpt lat="47.28575" lon="10.64096">
				<ele>1808.54</ele>
				<time>2026-09-22T15:05:14.566Z</time>
			</trkpt>
			<trkpt lat="47.28558" lon="10.64077">
				<ele>1814.17</ele>
				<time>2026-09-22T15:05:16.486Z</time>
			</trkpt>
			<trkpt lat="47.28555" lon="10.64071">
				<ele>1814.61</ele>
				<time>2026-09-22T15:05:16.941Z</time>
			</trkpt>
			<trkpt lat="47.28551" lon="10.64043">
				<ele>1811.85</ele>
				<time>2026-09-22T15:05:18.687Z</time>
			</trkpt>
			<trkpt lat="47.28545" lon="10.63994">
				<ele>1799.02</ele>
				<time>2026-09-22T15:05:21.724Z</time>
			</trkpt>
			<trkpt lat="47.28539" lon="10.6398">
				<ele>1796.71</ele>
				<time>2026-09-22T15:05:22.733Z</time>
			</trkpt>
			<trkpt lat="47.28499" lon="10.63931">
				<ele>1800.13</ele>
				<time>2026-09-22T15:05:27.401Z</time>
			</trkpt>
			<trkpt lat="47.28492" lon="10.63924">
				<ele>1800</ele>
				<time>2026-09-22T15:05:28.160Z</time>
			</trkpt>
			<trkpt lat="47.28461" lon="10.63912">
				<ele>1802.79</ele>
				<time>2026-09-22T15:05:31.033Z</time>
			</trkpt>
			<trkpt lat="47.2845" lon="10.639">
				<ele>1802.09</ele>
				<time>2026-09-22T15:05:32.259Z</time>
			</trkpt>
			<trkpt lat="47.28444" lon="10.63882">
				<ele>1800.29</ele>
				<time>2026-09-22T15:05:33.477Z</time>
			</trkpt>
			<trkpt lat="47.28443" lon="10.63866">
				<ele>1798.7</ele>
				<time>2026-09-22T15:05:34.453Z</time>
			</trkpt>
			<trkpt lat="47.28449" lon="10.63818">
				<ele>1787.49</ele>
				<time>2026-09-22T15:05:37.415Z</time>
			</trkpt>
			<trkpt lat="47.28449" lon="10.63806">
				<ele>1784.03</ele>
				<time>2026-09-22T15:05:38.142Z</time>
			</trkpt>
			<trkpt lat="47.28446" lon="10.63786">
				<ele>1777.6</ele>
				<time>2026-09-22T15:05:39.384Z</time>
			</trkpt>
			<trkpt lat="47.28438" lon="10.6376">
				<ele>1774.68</ele>
				<time>2026-09-22T15:05:41.115Z</time>
			</trkpt>
			<trkpt lat="47.28403" lon="10.63671">
				<ele>1772.88</ele>
				<time>2026-09-22T15:05:47.342Z</time>
			</trkpt>
			<trkpt lat="47.284" lon="10.6366">
				<ele>1772.43</ele>
				<time>2026-09-22T15:05:48.059Z</time>
			</trkpt>
			<trkpt lat="47.28395" lon="10.63611">
				<ele>1766.8</ele>
				<time>2026-09-22T15:05:51.053Z</time>
			</trkpt>
			<trkpt lat="47.28366" lon="10.63481">
				<ele>1751.77</ele>
				<time>2026-09-22T15:05:59.308Z</time>
			</trkpt>
			<trkpt lat="47.28366" lon="10.63469">
				<ele>1750.38</ele>
				<time>2026-09-22T15:06:00.031Z</time>
			</trkpt>
			<trkpt lat="47.28372" lon="10.6343">
				<ele>1744.73</ele>
				<time>2026-09-22T15:06:02.439Z</time>
			</trkpt>
			<trkpt lat="47.28371" lon="10.63415">
				<ele>1743.62</ele>
				<time>2026-09-22T15:06:03.346Z</time>
			</trkpt>
			<trkpt lat="47.28367" lon="10.63405">
				<ele>1743.49</ele>
				<time>2026-09-22T15:06:04.044Z</time>
			</trkpt>
			<trkpt lat="47.28349" lon="10.6339">
				<ele>1745.4</ele>
				<time>2026-09-22T15:06:05.877Z</time>
			</trkpt>
			<trkpt lat="47.28339" lon="10.63377">
				<ele>1745.25</ele>
				<time>2026-09-22T15:06:07.059Z</time>
			</trkpt>
			<trkpt lat="47.28336" lon="10.63369">
				<ele>1744.63</ele>
				<time>2026-09-22T15:06:07.608Z</time>
			</trkpt>
			<trkpt lat="47.28333" lon="10.63354">
				<ele>1742.97</ele>
				<time>2026-09-22T15:06:08.548Z</time>
			</trkpt>
			<trkpt lat="47.28329" lon="10.63282">
				<ele>1737.87</ele>
				<time>2026-09-22T15:06:12.884Z</time>
			</trkpt>
			<trkpt lat="47.2833" lon="10.63272">
				<ele>1736.91</ele>
				<time>2026-09-22T15:06:13.491Z</time>
			</trkpt>
			<trkpt lat="47.28334" lon="10.63258">
				<ele>1734.28</ele>
				<time>2026-09-22T15:06:14.402Z</time>
			</trkpt>
			<trkpt lat="47.28348" lon="10.63239">
				<ele>1728.23</ele>
				<time>2026-09-22T15:06:16.083Z</time>
			</trkpt>
			<trkpt lat="47.28355" lon="10.63224">
				<ele>1725.04</ele>
				<time>2026-09-22T15:06:17.174Z</time>
			</trkpt>
			<trkpt lat="47.28356" lon="10.63217">
				<ele>1723.55</ele>
				<time>2026-09-22T15:06:17.602Z</time>
			</trkpt>
			<trkpt lat="47.28356" lon="10.632">
				<ele>1720.54</ele>
				<time>2026-09-22T15:06:18.621Z</time>
			</trkpt>
			<trkpt lat="47.28345" lon="10.63172">
				<ele>1720.52</ele>
				<time>2026-09-22T15:06:20.557Z</time>
			</trkpt>
			<trkpt lat="47.28331" lon="10.63145">
				<ele>1722.64</ele>
				<time>2026-09-22T15:06:22.590Z</time>
			</trkpt>
			<trkpt lat="47.28327" lon="10.63129">
				<ele>1722.3</ele>
				<time>2026-09-22T15:06:23.610Z</time>
			</trkpt>
			<trkpt lat="47.28322" lon="10.63068">
				<ele>1714.09</ele>
				<time>2026-09-22T15:06:27.281Z</time>
			</trkpt>
			<trkpt lat="47.28319" lon="10.63057">
				<ele>1712.32</ele>
				<time>2026-09-22T15:06:27.989Z</time>
			</trkpt>
			<trkpt lat="47.28295" lon="10.62974">
				<ele>1696.61</ele>
				<time>2026-09-22T15:06:33.370Z</time>
			</trkpt>
			<trkpt lat="47.2829" lon="10.62951">
				<ele>1695.16</ele>
				<time>2026-09-22T15:06:34.809Z</time>
			</trkpt>
			<trkpt lat="47.28288" lon="10.62924">
				<ele>1692.34</ele>
				<time>2026-09-22T15:06:36.427Z</time>
			</trkpt>
			<trkpt lat="47.28288" lon="10.6288">
				<ele>1689.96</ele>
				<time>2026-09-22T15:06:39.045Z</time>
			</trkpt>
			<trkpt lat="47.28284" lon="10.62848">
				<ele>1692.44</ele>
				<time>2026-09-22T15:06:40.980Z</time>
			</trkpt>
			<trkpt lat="47.28287" lon="10.62839">
				<ele>1692.5</ele>
				<time>2026-09-22T15:06:41.576Z</time>
			</trkpt>
			<trkpt lat="47.28295" lon="10.62835">
				<ele>1690.7</ele>
				<time>2026-09-22T15:06:42.316Z</time>
			</trkpt>
			<trkpt lat="47.28302" lon="10.62845">
				<ele>1687.86</ele>
				<time>2026-09-22T15:06:43.170Z</time>
			</trkpt>
			<trkpt lat="47.28316" lon="10.62895">
				<ele>1683.8</ele>
				<time>2026-09-22T15:06:46.382Z</time>
			</trkpt>
			<trkpt lat="47.28325" lon="10.62913">
				<ele>1683.83</ele>
				<time>2026-09-22T15:06:47.708Z</time>
			</trkpt>
			<trkpt lat="47.28369" lon="10.62965">
				<ele>1680.71</ele>
				<time>2026-09-22T15:06:52.635Z</time>
			</trkpt>
			<trkpt lat="47.28387" lon="10.63002">
				<ele>1677.76</ele>
				<time>2026-09-22T15:06:55.331Z</time>
			</trkpt>
			<trkpt lat="47.28396" lon="10.63009">
				<ele>1677.61</ele>
				<time>2026-09-22T15:06:56.218Z</time>
			</trkpt>
			<trkpt lat="47.28403" lon="10.63009">
				<ele>1676.89</ele>
				<time>2026-09-22T15:06:56.828Z</time>
			</trkpt>
			<trkpt lat="47.28409" lon="10.63005">
				<ele>1676.02</ele>
				<time>2026-09-22T15:06:57.402Z</time>
			</trkpt>
			<trkpt lat="47.28415" lon="10.62993">
				<ele>1675.73</ele>
				<time>2026-09-22T15:06:58.284Z</time>
			</trkpt>
			<trkpt lat="47.28415" lon="10.62984">
				<ele>1676.62</ele>
				<time>2026-09-22T15:06:58.815Z</time>
			</trkpt>
			<trkpt lat="47.28408" lon="10.62961">
				<ele>1677.83</ele>
				<time>2026-09-22T15:07:00.305Z</time>
			</trkpt>
			<trkpt lat="47.28406" lon="10.62939">
				<ele>1678.34</ele>
				<time>2026-09-22T15:07:01.616Z</time>
			</trkpt>
			<trkpt lat="47.28406" lon="10.62903">
				<ele>1677.98</ele>
				<time>2026-09-22T15:07:03.741Z</time>
			</trkpt>
			<trkpt lat="47.28412" lon="10.62836">
				<ele>1672.72</ele>
				<time>2026-09-22T15:07:07.725Z</time>
			</trkpt>
			<trkpt lat="47.28412" lon="10.62809">
				<ele>1670.02</ele>
				<time>2026-09-22T15:07:09.316Z</time>
			</trkpt>
			<trkpt lat="47.28407" lon="10.62778">
				<ele>1665.25</ele>
				<time>2026-09-22T15:07:11.192Z</time>
			</trkpt>
			<trkpt lat="47.284" lon="10.62754">
				<ele>1661.21</ele>
				<time>2026-09-22T15:07:12.729Z</time>
			</trkpt>
			<trkpt lat="47.28371" lon="10.62686">
				<ele>1655.14</ele>
				<time>2026-09-22T15:07:17.450Z</time>
			</trkpt>
			<trkpt lat="47.28359" lon="10.62629">
				<ele>1653.03</ele>
				<time>2026-09-22T15:07:20.953Z</time>
			</trkpt>
			<trkpt lat="47.28336" lon="10.62575">
				<ele>1652.81</ele>
				<time>2026-09-22T15:07:24.692Z</time>
			</trkpt>
			<trkpt lat="47.2833" lon="10.62556">
				<ele>1651.51</ele>
				<time>2026-09-22T15:07:25.919Z</time>
			</trkpt>
			<trkpt lat="47.28328" lon="10.62536">
				<ele>1650.35</ele>
				<time>2026-09-22T15:07:27.103Z</time>
			</trkpt>
			<trkpt lat="47.28324" lon="10.62445">
				<ele>1644.04</ele>
				<time>2026-09-22T15:07:32.437Z</time>
			</trkpt>
			<trkpt lat="47.28328" lon="10.62307">
				<ele>1635.25</ele>
				<time>2026-09-22T15:07:40.497Z</time>
			</trkpt>
			<trkpt lat="47.28326" lon="10.62277">
				<ele>1632.7</ele>
				<time>2026-09-22T15:07:42.253Z</time>
			</trkpt>
			<trkpt lat="47.28323" lon="10.62257">
				<ele>1631.83</ele>
				<time>2026-09-22T15:07:43.446Z</time>
			</trkpt>
			<trkpt lat="47.28295" lon="10.62152">
				<ele>1621.88</ele>
				<time>2026-09-22T15:07:50.006Z</time>
			</trkpt>
			<trkpt lat="47.28293" lon="10.62134">
				<ele>1620.18</ele>
				<time>2026-09-22T15:07:51.066Z</time>
			</trkpt>
			<trkpt lat="47.28295" lon="10.6212">
				<ele>1618.61</ele>
				<time>2026-09-22T15:07:51.896Z</time>
			</trkpt>
			<trkpt lat="47.28309" lon="10.62072">
				<ele>1613.14</ele>
				<time>2026-09-22T15:07:54.928Z</time>
			</trkpt>
			<trkpt lat="47.28324" lon="10.61994">
				<ele>1609.13</ele>
				<time>2026-09-22T15:07:59.625Z</time>
			</trkpt>
			<trkpt lat="47.28324" lon="10.61938">
				<ele>1608.95</ele>
				<time>2026-09-22T15:08:02.865Z</time>
			</trkpt>
			<trkpt lat="47.28326" lon="10.61926">
				<ele>1608.29</ele>
				<time>2026-09-22T15:08:03.579Z</time>
			</trkpt>
			<trkpt lat="47.28338" lon="10.61885">
				<ele>1607.17</ele>
				<time>2026-09-22T15:08:06.160Z</time>
			</trkpt>
			<trkpt lat="47.28354" lon="10.61774">
				<ele>1600.45</ele>
				<time>2026-09-22T15:08:12.706Z</time>
			</trkpt>
			<trkpt lat="47.28355" lon="10.61758">
				<ele>1596.96</ele>
				<time>2026-09-22T15:08:13.632Z</time>
			</trkpt>
			<trkpt lat="47.28351" lon="10.61674">
				<ele>1578.27</ele>
				<time>2026-09-22T15:08:18.479Z</time>
			</trkpt>
			<trkpt lat="47.28354" lon="10.61635">
				<ele>1573.32</ele>
				<time>2026-09-22T15:08:20.735Z</time>
			</trkpt>
			<trkpt lat="47.28356" lon="10.61615">
				<ele>1572.06</ele>
				<time>2026-09-22T15:08:21.897Z</time>
			</trkpt>
			<trkpt lat="47.28383" lon="10.61542">
				<ele>1568.25</ele>
				<time>2026-09-22T15:08:26.668Z</time>
			</trkpt>
			<trkpt lat="47.2839" lon="10.61532">
				<ele>1568.62</ele>
				<time>2026-09-22T15:08:27.492Z</time>
			</trkpt>
			<trkpt lat="47.2841" lon="10.61517">
				<ele>1572.74</ele>
				<time>2026-09-22T15:08:29.388Z</time>
			</trkpt>
			<trkpt lat="47.28415" lon="10.61505">
				<ele>1572.58</ele>
				<time>2026-09-22T15:08:30.194Z</time>
			</trkpt>
			<trkpt lat="47.2842" lon="10.61417">
				<ele>1551.2</ele>
				<time>2026-09-22T15:08:35.247Z</time>
			</trkpt>
			<trkpt lat="47.28422" lon="10.61407">
				<ele>1550.48</ele>
				<time>2026-09-22T15:08:35.843Z</time>
			</trkpt>
			<trkpt lat="47.28444" lon="10.61372">
				<ele>1555.58</ele>
				<time>2026-09-22T15:08:38.568Z</time>
			</trkpt>
			<trkpt lat="47.28448" lon="10.61354">
				<ele>1552.78</ele>
				<time>2026-09-22T15:08:39.650Z</time>
			</trkpt>
			<trkpt lat="47.28456" lon="10.61267">
				<ele>1535.71</ele>
				<time>2026-09-22T15:08:44.656Z</time>
			</trkpt>
			<trkpt lat="47.28457" lon="10.61239">
				<ele>1529.53</ele>
				<time>2026-09-22T15:08:46.253Z</time>
			</trkpt>
			<trkpt lat="47.28461" lon="10.61223">
				<ele>1527.08</ele>
				<time>2026-09-22T15:08:47.223Z</time>
			</trkpt>
			<trkpt lat="47.2847" lon="10.61215">
				<ele>1527.43</ele>
				<time>2026-09-22T15:08:48.105Z</time>
			</trkpt>
			<trkpt lat="47.28497" lon="10.61213">
				<ele>1531.58</ele>
				<time>2026-09-22T15:08:50.372Z</time>
			</trkpt>
			<trkpt lat="47.28513" lon="10.61205">
				<ele>1530.94</ele>
				<time>2026-09-22T15:08:51.787Z</time>
			</trkpt>
			<trkpt lat="47.28517" lon="10.612">
				<ele>1529.61</ele>
				<time>2026-09-22T15:08:52.227Z</time>
			</trkpt>
			<trkpt lat="47.28524" lon="10.61186">
				<ele>1525.54</ele>
				<time>2026-09-22T15:08:53.214Z</time>
			</trkpt>
			<trkpt lat="47.28533" lon="10.61158">
				<ele>1517.75</ele>
				<time>2026-09-22T15:08:54.974Z</time>
			</trkpt>
			<trkpt lat="47.28539" lon="10.61146">
				<ele>1515.32</ele>
				<time>2026-09-22T15:08:55.819Z</time>
			</trkpt>
			<trkpt lat="47.28545" lon="10.61139">
				<ele>1514.71</ele>
				<time>2026-09-22T15:08:56.459Z</time>
			</trkpt>
			<trkpt lat="47.28573" lon="10.61123">
				<ele>1516.08</ele>
				<time>2026-09-22T15:08:58.969Z</time>
			</trkpt>
			<trkpt lat="47.28585" lon="10.61109">
				<ele>1514.9</ele>
				<time>2026-09-22T15:09:00.248Z</time>
			</trkpt>
			<trkpt lat="47.286" lon="10.61096">
				<ele>1514.08</ele>
				<time>2026-09-22T15:09:01.700Z</time>
			</trkpt>
			<trkpt lat="47.28612" lon="10.6109">
				<ele>1514.36</ele>
				<time>2026-09-22T15:09:02.758Z</time>
			</trkpt>
			<trkpt lat="47.28615" lon="10.61082">
				<ele>1512.73</ele>
				<time>2026-09-22T15:09:03.275Z</time>
			</trkpt>
			<trkpt lat="47.28613" lon="10.61075">
				<ele>1509.91</ele>
				<time>2026-09-22T15:09:03.704Z</time>
			</trkpt>
			<trkpt lat="47.2861" lon="10.61071">
				<ele>1508.03</ele>
				<time>2026-09-22T15:09:04.042Z</time>
			</trkpt>
			<trkpt lat="47.28604" lon="10.61071">
				<ele>1506.89</ele>
				<time>2026-09-22T15:09:04.542Z</time>
			</trkpt>
			<trkpt lat="47.28586" lon="10.61078">
				<ele>1506.28</ele>
				<time>2026-09-22T15:09:06.094Z</time>
			</trkpt>
			<trkpt lat="47.28536" lon="10.61089">
				<ele>1497.67</ele>
				<time>2026-09-22T15:09:10.303Z</time>
			</trkpt>
			<trkpt lat="47.28519" lon="10.61101">
				<ele>1496.77</ele>
				<time>2026-09-22T15:09:11.870Z</time>
			</trkpt>
			<trkpt lat="47.28515" lon="10.61102">
				<ele>1496.19</ele>
				<time>2026-09-22T15:09:12.208Z</time>
			</trkpt>
			<trkpt lat="47.28511" lon="10.61099">
				<ele>1494.64</ele>
				<time>2026-09-22T15:09:12.581Z</time>
			</trkpt>
			<trkpt lat="47.28509" lon="10.61094">
				<ele>1492.82</ele>
				<time>2026-09-22T15:09:12.908Z</time>
			</trkpt>
			<trkpt lat="47.2851" lon="10.61089">
				<ele>1491.69</ele>
				<time>2026-09-22T15:09:13.202Z</time>
			</trkpt>
			<trkpt lat="47.28534" lon="10.61065">
				<ele>1492.5</ele>
				<time>2026-09-22T15:09:15.611Z</time>
			</trkpt>
			<trkpt lat="47.28558" lon="10.61023">
				<ele>1490.18</ele>
				<time>2026-09-22T15:09:18.702Z</time>
			</trkpt>
			<trkpt lat="47.28608" lon="10.60967">
				<ele>1483.71</ele>
				<time>2026-09-22T15:09:23.905Z</time>
			</trkpt>
			<trkpt lat="47.28616" lon="10.60963">
				<ele>1482.25</ele>
				<time>2026-09-22T15:09:24.604Z</time>
			</trkpt>
			<trkpt lat="47.28639" lon="10.60962">
				<ele>1481.19</ele>
				<time>2026-09-22T15:09:26.507Z</time>
			</trkpt>
			<trkpt lat="47.28648" lon="10.60958">
				<ele>1480.56</ele>
				<time>2026-09-22T15:09:27.285Z</time>
			</trkpt>
			<trkpt lat="47.28654" lon="10.60951">
				<ele>1479.96</ele>
				<time>2026-09-22T15:09:27.917Z</time>
			</trkpt>
			<trkpt lat="47.28658" lon="10.60942">
				<ele>1477.42</ele>
				<time>2026-09-22T15:09:28.520Z</time>
			</trkpt>
			<trkpt lat="47.2868" lon="10.60864">
				<ele>1458.87</ele>
				<time>2026-09-22T15:09:33.251Z</time>
			</trkpt>
			<trkpt lat="47.28682" lon="10.60845">
				<ele>1454.87</ele>
				<time>2026-09-22T15:09:34.326Z</time>
			</trkpt>
			<trkpt lat="47.28679" lon="10.60809">
				<ele>1449.3</ele>
				<time>2026-09-22T15:09:36.354Z</time>
			</trkpt>
			<trkpt lat="47.2868" lon="10.608">
				<ele>1448.47</ele>
				<time>2026-09-22T15:09:36.864Z</time>
			</trkpt>
			<trkpt lat="47.28682" lon="10.60795">
				<ele>1447.93</ele>
				<time>2026-09-22T15:09:37.188Z</time>
			</trkpt>
			<trkpt lat="47.28685" lon="10.60792">
				<ele>1447.81</ele>
				<time>2026-09-22T15:09:37.486Z</time>
			</trkpt>
			<trkpt lat="47.28689" lon="10.60793">
				<ele>1448.04</ele>
				<time>2026-09-22T15:09:37.821Z</time>
			</trkpt>
			<trkpt lat="47.28713" lon="10.60811">
				<ele>1456.54</ele>
				<time>2026-09-22T15:09:40.037Z</time>
			</trkpt>
			<trkpt lat="47.28721" lon="10.60811">
				<ele>1458.81</ele>
				<time>2026-09-22T15:09:40.695Z</time>
			</trkpt>
			<trkpt lat="47.28725" lon="10.60806">
				<ele>1458.9</ele>
				<time>2026-09-22T15:09:41.126Z</time>
			</trkpt>
			<trkpt lat="47.28741" lon="10.60767">
				<ele>1451.93</ele>
				<time>2026-09-22T15:09:43.667Z</time>
			</trkpt>
			<trkpt lat="47.2875" lon="10.60757">
				<ele>1450.72</ele>
				<time>2026-09-22T15:09:44.593Z</time>
			</trkpt>
			<trkpt lat="47.2876" lon="10.6075">
				<ele>1447.64</ele>
				<time>2026-09-22T15:09:45.502Z</time>
			</trkpt>
			<trkpt lat="47.28762" lon="10.60747">
				<ele>1446.21</ele>
				<time>2026-09-22T15:09:45.736Z</time>
			</trkpt>
			<trkpt lat="47.28762" lon="10.60742">
				<ele>1444.86</ele>
				<time>2026-09-22T15:09:46.015Z</time>
			</trkpt>
			<trkpt lat="47.28759" lon="10.60733">
				<ele>1441.88</ele>
				<time>2026-09-22T15:09:46.573Z</time>
			</trkpt>
			<trkpt lat="47.28757" lon="10.6073">
				<ele>1441.15</ele>
				<time>2026-09-22T15:09:46.807Z</time>
			</trkpt>
			<trkpt lat="47.28752" lon="10.6073">
				<ele>1440.84</ele>
				<time>2026-09-22T15:09:47.217Z</time>
			</trkpt>
			<trkpt lat="47.28709" lon="10.60754">
				<ele>1442.95</ele>
				<time>2026-09-22T15:09:50.987Z</time>
			</trkpt>
			<trkpt lat="47.28703" lon="10.60751">
				<ele>1442.25</ele>
				<time>2026-09-22T15:09:51.506Z</time>
			</trkpt>
			<trkpt lat="47.28701" lon="10.60747">
				<ele>1441.25</ele>
				<time>2026-09-22T15:09:51.782Z</time>
			</trkpt>
			<trkpt lat="47.28701" lon="10.6074">
				<ele>1439.67</ele>
				<time>2026-09-22T15:09:52.171Z</time>
			</trkpt>
			<trkpt lat="47.2873" lon="10.60698">
				<ele>1431.59</ele>
				<time>2026-09-22T15:09:55.497Z</time>
			</trkpt>
			<trkpt lat="47.28748" lon="10.60681">
				<ele>1430.98</ele>
				<time>2026-09-22T15:09:57.245Z</time>
			</trkpt>
			<trkpt lat="47.28767" lon="10.60672">
				<ele>1429.16</ele>
				<time>2026-09-22T15:09:58.875Z</time>
			</trkpt>
			<trkpt lat="47.288" lon="10.60673">
				<ele>1428.84</ele>
				<time>2026-09-22T15:10:01.570Z</time>
			</trkpt>
			<trkpt lat="47.28816" lon="10.60665">
				<ele>1428.41</ele>
				<time>2026-09-22T15:10:02.948Z</time>
			</trkpt>
			<trkpt lat="47.28821" lon="10.60661">
				<ele>1427.78</ele>
				<time>2026-09-22T15:10:03.412Z</time>
			</trkpt>
			<trkpt lat="47.28845" lon="10.60617">
				<ele>1417.9</ele>
				<time>2026-09-22T15:10:06.532Z</time>
			</trkpt>
			<trkpt lat="47.28857" lon="10.60607">
				<ele>1417.97</ele>
				<time>2026-09-22T15:10:07.654Z</time>
			</trkpt>
			<trkpt lat="47.28916" lon="10.60566">
				<ele>1412.86</ele>
				<time>2026-09-22T15:10:12.958Z</time>
			</trkpt>
			<trkpt lat="47.28933" lon="10.60558">
				<ele>1412.14</ele>
				<time>2026-09-22T15:10:14.407Z</time>
			</trkpt>
			<trkpt lat="47.28936" lon="10.60555">
				<ele>1411.38</ele>
				<time>2026-09-22T15:10:14.701Z</time>
			</trkpt>
			<trkpt lat="47.28937" lon="10.60549">
				<ele>1409.41</ele>
				<time>2026-09-22T15:10:15.041Z</time>
			</trkpt>
			<trkpt lat="47.28936" lon="10.60544">
				<ele>1407.62</ele>
				<time>2026-09-22T15:10:15.328Z</time>
			</trkpt>
			<trkpt lat="47.2893" lon="10.60538">
				<ele>1405.62</ele>
				<time>2026-09-22T15:10:15.916Z</time>
			</trkpt>
			<trkpt lat="47.2889" lon="10.60527">
				<ele>1401.04</ele>
				<time>2026-09-22T15:10:19.215Z</time>
			</trkpt>
			<trkpt lat="47.28881" lon="10.60519">
				<ele>1398.09</ele>
				<time>2026-09-22T15:10:20.067Z</time>
			</trkpt>
			<trkpt lat="47.28877" lon="10.60504">
				<ele>1393.96</ele>
				<time>2026-09-22T15:10:20.952Z</time>
			</trkpt>
			<trkpt lat="47.28903" lon="10.60497">
				<ele>1394.92</ele>
				<time>2026-09-22T15:10:23.091Z</time>
			</trkpt>
			<trkpt lat="47.28955" lon="10.60487">
				<ele>1393.23</ele>
				<time>2026-09-22T15:10:27.330Z</time>
			</trkpt>
			<trkpt lat="47.28997" lon="10.60473">
				<ele>1393.09</ele>
				<time>2026-09-22T15:10:30.805Z</time>
			</trkpt>
			<trkpt lat="47.2905" lon="10.60448">
				<ele>1389.91</ele>
				<time>2026-09-22T15:10:35.289Z</time>
			</trkpt>
			<trkpt lat="47.291" lon="10.60415">
				<ele>1384.93</ele>
				<time>2026-09-22T15:10:39.695Z</time>
			</trkpt>
			<trkpt lat="47.29168" lon="10.60377">
				<ele>1379.89</ele>
				<time>2026-09-22T15:10:45.533Z</time>
			</trkpt>
			<trkpt lat="47.29225" lon="10.60364">
				<ele>1380.68</ele>
				<time>2026-09-22T15:10:50.156Z</time>
			</trkpt>
			<trkpt lat="47.29263" lon="10.60344">
				<ele>1372.34</ele>
				<time>2026-09-22T15:10:53.388Z</time>
			</trkpt>
			<trkpt lat="47.29276" lon="10.6034">
				<ele>1371.33</ele>
				<time>2026-09-22T15:10:54.451Z</time>
			</trkpt>
			<trkpt lat="47.29292" lon="10.60339">
				<ele>1373.99</ele>
				<time>2026-09-22T15:10:55.733Z</time>
			</trkpt>
			<trkpt lat="47.2934" lon="10.60345">
				<ele>1375.59</ele>
				<time>2026-09-22T15:10:59.587Z</time>
			</trkpt>
			<trkpt lat="47.29384" lon="10.6034">
				<ele>1369.85</ele>
				<time>2026-09-22T15:11:03.116Z</time>
			</trkpt>
			<trkpt lat="47.29406" lon="10.60341">
				<ele>1372.05</ele>
				<time>2026-09-22T15:11:04.875Z</time>
			</trkpt>
			<trkpt lat="47.29416" lon="10.60339">
				<ele>1372.37</ele>
				<time>2026-09-22T15:11:05.681Z</time>
			</trkpt>
			<trkpt lat="47.29444" lon="10.60326">
				<ele>1377.86</ele>
				<time>2026-09-22T15:11:08.026Z</time>
			</trkpt>
			<trkpt lat="47.29459" lon="10.60314">
				<ele>1375.49</ele>
				<time>2026-09-22T15:11:09.389Z</time>
			</trkpt>
			<trkpt lat="47.29485" lon="10.60286">
				<ele>1368.11</ele>
				<time>2026-09-22T15:11:11.959Z</time>
			</trkpt>
			<trkpt lat="47.29492" lon="10.60281">
				<ele>1366.84</ele>
				<time>2026-09-22T15:11:12.580Z</time>
			</trkpt>
			<trkpt lat="47.29497" lon="10.60279">
				<ele>1366.51</ele>
				<time>2026-09-22T15:11:12.993Z</time>
			</trkpt>
			<trkpt lat="47.29519" lon="10.60279">
				<ele>1370.44</ele>
				<time>2026-09-22T15:11:14.748Z</time>
			</trkpt>
			<trkpt lat="47.29527" lon="10.60275">
				<ele>1370.16</ele>
				<time>2026-09-22T15:11:15.422Z</time>
			</trkpt>
			<trkpt lat="47.29547" lon="10.60241">
				<ele>1363.52</ele>
				<time>2026-09-22T15:11:17.856Z</time>
			</trkpt>
			<trkpt lat="47.29555" lon="10.60235">
				<ele>1363.75</ele>
				<time>2026-09-22T15:11:18.571Z</time>
			</trkpt>
			<trkpt lat="47.29584" lon="10.60218">
				<ele>1366.3</ele>
				<time>2026-09-22T15:11:21.058Z</time>
			</trkpt>
			<trkpt lat="47.29612" lon="10.60207">
				<ele>1367.03</ele>
				<time>2026-09-22T15:11:23.366Z</time>
			</trkpt>
			<trkpt lat="47.29646" lon="10.60198">
				<ele>1369.44</ele>
				<time>2026-09-22T15:11:26.116Z</time>
			</trkpt>
			<trkpt lat="47.29713" lon="10.60188">
				<ele>1375.05</ele>
				<time>2026-09-22T15:11:31.473Z</time>
			</trkpt>
			<trkpt lat="47.29747" lon="10.60168">
				<ele>1373.37</ele>
				<time>2026-09-22T15:11:34.383Z</time>
			</trkpt>
			<trkpt lat="47.29787" lon="10.60152">
				<ele>1371.51</ele>
				<time>2026-09-22T15:11:37.675Z</time>
			</trkpt>
			<trkpt lat="47.29839" lon="10.60138">
				<ele>1370.96</ele>
				<time>2026-09-22T15:11:41.872Z</time>
			</trkpt>
			<trkpt lat="47.2986" lon="10.60139">
				<ele>1371.23</ele>
				<time>2026-09-22T15:11:43.538Z</time>
			</trkpt>
			<trkpt lat="47.29893" lon="10.6015">
				<ele>1366.6</ele>
				<time>2026-09-22T15:11:46.222Z</time>
			</trkpt>
			<trkpt lat="47.29903" lon="10.60158">
				<ele>1364.79</ele>
				<time>2026-09-22T15:11:47.123Z</time>
			</trkpt>
			<trkpt lat="47.29917" lon="10.60177">
				<ele>1364.02</ele>
				<time>2026-09-22T15:11:48.632Z</time>
			</trkpt>
			<trkpt lat="47.29933" lon="10.60214">
				<ele>1370.97</ele>
				<time>2026-09-22T15:11:50.989Z</time>
			</trkpt>
			<trkpt lat="47.29959" lon="10.60279">
				<ele>1373.45</ele>
				<time>2026-09-22T15:11:55.041Z</time>
			</trkpt>
			<trkpt lat="47.29974" lon="10.60324">
				<ele>1371.37</ele>
				<time>2026-09-22T15:11:57.732Z</time>
			</trkpt>
			<trkpt lat="47.30001" lon="10.60371">
				<ele>1368.8</ele>
				<time>2026-09-22T15:12:01.035Z</time>
			</trkpt>
			<trkpt lat="47.30013" lon="10.60406">
				<ele>1373</ele>
				<time>2026-09-22T15:12:03.137Z</time>
			</trkpt>
			<trkpt lat="47.3003" lon="10.60437">
				<ele>1369.25</ele>
				<time>2026-09-22T15:12:05.273Z</time>
			</trkpt>
			<trkpt lat="47.30041" lon="10.60494">
				<ele>1367.05</ele>
				<time>2026-09-22T15:12:08.446Z</time>
			</trkpt>
			<trkpt lat="47.30048" lon="10.60522">
				<ele>1364.05</ele>
				<time>2026-09-22T15:12:10.044Z</time>
			</trkpt>
			<trkpt lat="47.30056" lon="10.60545">
				<ele>1361.96</ele>
				<time>2026-09-22T15:12:11.427Z</time>
			</trkpt>
			<trkpt lat="47.30061" lon="10.60573">
				<ele>1364.79</ele>
				<time>2026-09-22T15:12:12.975Z</time>
			</trkpt>
			<trkpt lat="47.30062" lon="10.60633">
				<ele>1363.39</ele>
				<time>2026-09-22T15:12:16.184Z</time>
			</trkpt>
			<trkpt lat="47.30053" lon="10.6067">
				<ele>1359.49</ele>
				<time>2026-09-22T15:12:18.284Z</time>
			</trkpt>
			<trkpt lat="47.30053" lon="10.60678">
				<ele>1358.5</ele>
				<time>2026-09-22T15:12:18.712Z</time>
			</trkpt>
			<trkpt lat="47.30055" lon="10.60682">
				<ele>1357.29</ele>
				<time>2026-09-22T15:12:18.977Z</time>
			</trkpt>
			<trkpt lat="47.3006" lon="10.60684">
				<ele>1357.09</ele>
				<time>2026-09-22T15:12:19.385Z</time>
			</trkpt>
			<trkpt lat="47.30064" lon="10.60682">
				<ele>1357.21</ele>
				<time>2026-09-22T15:12:19.718Z</time>
			</trkpt>
			<trkpt lat="47.30068" lon="10.60675">
				<ele>1357.4</ele>
				<time>2026-09-22T15:12:20.207Z</time>
			</trkpt>
			<trkpt lat="47.3008" lon="10.60584">
				<ele>1359.24</ele>
				<time>2026-09-22T15:12:25.155Z</time>
			</trkpt>
			<trkpt lat="47.3008" lon="10.60562">
				<ele>1356.08</ele>
				<time>2026-09-22T15:12:26.328Z</time>
			</trkpt>
			<trkpt lat="47.30075" lon="10.60526">
				<ele>1355.34</ele>
				<time>2026-09-22T15:12:28.288Z</time>
			</trkpt>
			<trkpt lat="47.30074" lon="10.60499">
				<ele>1354.19</ele>
				<time>2026-09-22T15:12:29.729Z</time>
			</trkpt>
			<trkpt lat="47.30076" lon="10.60449">
				<ele>1353.03</ele>
				<time>2026-09-22T15:12:32.398Z</time>
			</trkpt>
			<trkpt lat="47.30056" lon="10.60346">
				<ele>1351.36</ele>
				<time>2026-09-22T15:12:38.101Z</time>
			</trkpt>
			<trkpt lat="47.3006" lon="10.60274">
				<ele>1350.69</ele>
				<time>2026-09-22T15:12:41.943Z</time>
			</trkpt>
			<trkpt lat="47.30061" lon="10.60184">
				<ele>1340.36</ele>
				<time>2026-09-22T15:12:46.725Z</time>
			</trkpt>
			<trkpt lat="47.30051" lon="10.60126">
				<ele>1341.21</ele>
				<time>2026-09-22T15:12:49.902Z</time>
			</trkpt>
			<trkpt lat="47.30046" lon="10.60109">
				<ele>1339.33</ele>
				<time>2026-09-22T15:12:50.886Z</time>
			</trkpt>
			<trkpt lat="47.30032" lon="10.60074">
				<ele>1330.57</ele>
				<time>2026-09-22T15:12:53.041Z</time>
			</trkpt>
			<trkpt lat="47.30031" lon="10.60062">
				<ele>1329.35</ele>
				<time>2026-09-22T15:12:53.682Z</time>
			</trkpt>
			<trkpt lat="47.30032" lon="10.60015">
				<ele>1324.89</ele>
				<time>2026-09-22T15:12:56.175Z</time>
			</trkpt>
			<trkpt lat="47.30036" lon="10.59997">
				<ele>1324.23</ele>
				<time>2026-09-22T15:12:57.179Z</time>
			</trkpt>
			<trkpt lat="47.30066" lon="10.59944">
				<ele>1328.75</ele>
				<time>2026-09-22T15:13:00.835Z</time>
			</trkpt>
			<trkpt lat="47.30115" lon="10.59864">
				<ele>1334.13</ele>
				<time>2026-09-22T15:13:06.539Z</time>
			</trkpt>
			<trkpt lat="47.3018" lon="10.59775">
				<ele>1341.38</ele>
				<time>2026-09-22T15:13:13.450Z</time>
			</trkpt>
			<trkpt lat="47.30209" lon="10.59744">
				<ele>1343.21</ele>
				<time>2026-09-22T15:13:16.238Z</time>
			</trkpt>
			<trkpt lat="47.30252" lon="10.59714">
				<ele>1345.74</ele>
				<time>2026-09-22T15:13:19.937Z</time>
			</trkpt>
			<trkpt lat="47.30266" lon="10.597">
				<ele>1347.04</ele>
				<time>2026-09-22T15:13:21.252Z</time>
			</trkpt>
			<trkpt lat="47.30286" lon="10.59676">
				<ele>1342.29</ele>
				<time>2026-09-22T15:13:23.256Z</time>
			</trkpt>
			<trkpt lat="47.30324" lon="10.59642">
				<ele>1337.73</ele>
				<time>2026-09-22T15:13:26.707Z</time>
			</trkpt>
			<trkpt lat="47.30336" lon="10.59636">
				<ele>1338.34</ele>
				<time>2026-09-22T15:13:27.690Z</time>
			</trkpt>
			<trkpt lat="47.30373" lon="10.59625">
				<ele>1337.1</ele>
				<time>2026-09-22T15:13:30.619Z</time>
			</trkpt>
			<trkpt lat="47.30382" lon="10.59625">
				<ele>1335.95</ele>
				<time>2026-09-22T15:13:31.316Z</time>
			</trkpt>
			<trkpt lat="47.30393" lon="10.59628">
				<ele>1337.43</ele>
				<time>2026-09-22T15:13:32.184Z</time>
			</trkpt>
			<trkpt lat="47.30414" lon="10.59646">
				<ele>1340.28</ele>
				<time>2026-09-22T15:13:34.066Z</time>
			</trkpt>
			<trkpt lat="47.30421" lon="10.5965">
				<ele>1341.03</ele>
				<time>2026-09-22T15:13:34.648Z</time>
			</trkpt>
			<trkpt lat="47.30428" lon="10.5965">
				<ele>1341.64</ele>
				<time>2026-09-22T15:13:35.191Z</time>
			</trkpt>
			<trkpt lat="47.30437" lon="10.59646">
				<ele>1342.61</ele>
				<time>2026-09-22T15:13:35.919Z</time>
			</trkpt>
			<trkpt lat="47.30447" lon="10.59636">
				<ele>1344.23</ele>
				<time>2026-09-22T15:13:36.854Z</time>
			</trkpt>
			<trkpt lat="47.30452" lon="10.59628">
				<ele>1344.59</ele>
				<time>2026-09-22T15:13:37.426Z</time>
			</trkpt>
			<trkpt lat="47.30455" lon="10.59614">
				<ele>1342.91</ele>
				<time>2026-09-22T15:13:38.197Z</time>
			</trkpt>
			<trkpt lat="47.30452" lon="10.59577">
				<ele>1333.51</ele>
				<time>2026-09-22T15:13:40.152Z</time>
			</trkpt>
			<trkpt lat="47.30453" lon="10.59565">
				<ele>1332.06</ele>
				<time>2026-09-22T15:13:40.787Z</time>
			</trkpt>
			<trkpt lat="47.30458" lon="10.59541">
				<ele>1333.06</ele>
				<time>2026-09-22T15:13:42.104Z</time>
			</trkpt>
			<trkpt lat="47.30458" lon="10.59533">
				<ele>1332.83</ele>
				<time>2026-09-22T15:13:42.523Z</time>
			</trkpt>
			<trkpt lat="47.30448" lon="10.59494">
				<ele>1332.04</ele>
				<time>2026-09-22T15:13:44.710Z</time>
			</trkpt>
			<trkpt lat="47.30439" lon="10.59473">
				<ele>1330.87</ele>
				<time>2026-09-22T15:13:46.012Z</time>
			</trkpt>
			<trkpt lat="47.30437" lon="10.59459">
				<ele>1330.84</ele>
				<time>2026-09-22T15:13:46.761Z</time>
			</trkpt>
			<trkpt lat="47.30444" lon="10.59418">
				<ele>1336.2</ele>
				<time>2026-09-22T15:13:48.976Z</time>
			</trkpt>
			<trkpt lat="47.30445" lon="10.5938">
				<ele>1333.99</ele>
				<time>2026-09-22T15:13:50.967Z</time>
			</trkpt>
			<trkpt lat="47.30448" lon="10.59359">
				<ele>1333.77</ele>
				<time>2026-09-22T15:13:52.090Z</time>
			</trkpt>
			<trkpt lat="47.30484" lon="10.59225">
				<ele>1326.88</ele>
				<time>2026-09-22T15:13:59.626Z</time>
			</trkpt>
			<trkpt lat="47.30493" lon="10.592">
				<ele>1326.52</ele>
				<time>2026-09-22T15:14:01.104Z</time>
			</trkpt>
			<trkpt lat="47.30506" lon="10.59169">
				<ele>1326.82</ele>
				<time>2026-09-22T15:14:03.007Z</time>
			</trkpt>
			<trkpt lat="47.30548" lon="10.59084">
				<ele>1325.11</ele>
				<time>2026-09-22T15:14:08.492Z</time>
			</trkpt>
			<trkpt lat="47.30561" lon="10.59067">
				<ele>1323.91</ele>
				<time>2026-09-22T15:14:09.828Z</time>
			</trkpt>
			<trkpt lat="47.30587" lon="10.59042">
				<ele>1325.48</ele>
				<time>2026-09-22T15:14:12.212Z</time>
			</trkpt>
			<trkpt lat="47.30607" lon="10.59016">
				<ele>1322.81</ele>
				<time>2026-09-22T15:14:14.259Z</time>
			</trkpt>
			<trkpt lat="47.30631" lon="10.58965">
				<ele>1314.21</ele>
				<time>2026-09-22T15:14:17.489Z</time>
			</trkpt>
			<trkpt lat="47.30642" lon="10.58949">
				<ele>1312.44</ele>
				<time>2026-09-22T15:14:18.674Z</time>
			</trkpt>
			<trkpt lat="47.30664" lon="10.58933">
				<ele>1313.44</ele>
				<time>2026-09-22T15:14:20.554Z</time>
			</trkpt>
			<trkpt lat="47.30672" lon="10.58921">
				<ele>1315.59</ele>
				<time>2026-09-22T15:14:21.429Z</time>
			</trkpt>
			<trkpt lat="47.30677" lon="10.58902">
				<ele>1317.73</ele>
				<time>2026-09-22T15:14:22.488Z</time>
			</trkpt>
			<trkpt lat="47.30672" lon="10.58872">
				<ele>1314.05</ele>
				<time>2026-09-22T15:14:24.092Z</time>
			</trkpt>
			<trkpt lat="47.30671" lon="10.58859">
				<ele>1311.9</ele>
				<time>2026-09-22T15:14:24.771Z</time>
			</trkpt>
			<trkpt lat="47.30672" lon="10.58848">
				<ele>1311.15</ele>
				<time>2026-09-22T15:14:25.347Z</time>
			</trkpt>
			<trkpt lat="47.3068" lon="10.58821">
				<ele>1312.99</ele>
				<time>2026-09-22T15:14:26.877Z</time>
			</trkpt>
			<trkpt lat="47.30717" lon="10.5862">
				<ele>1325</ele>
				<time>2026-09-22T15:14:37.669Z</time>
			</trkpt>
			<trkpt lat="47.30724" lon="10.58598">
				<ele>1324.3</ele>
				<time>2026-09-22T15:14:38.927Z</time>
			</trkpt>
			<trkpt lat="47.3074" lon="10.58569">
				<ele>1324.05</ele>
				<time>2026-09-22T15:14:40.860Z</time>
			</trkpt>
			<trkpt lat="47.30755" lon="10.58551">
				<ele>1323.52</ele>
				<time>2026-09-22T15:14:42.335Z</time>
			</trkpt>
			<trkpt lat="47.3077" lon="10.58537">
				<ele>1323.39</ele>
				<time>2026-09-22T15:14:43.688Z</time>
			</trkpt>
			<trkpt lat="47.30788" lon="10.58525">
				<ele>1323.63</ele>
				<time>2026-09-22T15:14:45.193Z</time>
			</trkpt>
			<trkpt lat="47.30854" lon="10.58475">
				<ele>1322.01</ele>
				<time>2026-09-22T15:14:50.841Z</time>
			</trkpt>
			<trkpt lat="47.30876" lon="10.58455">
				<ele>1320.66</ele>
				<time>2026-09-22T15:14:52.806Z</time>
			</trkpt>
			<trkpt lat="47.3088" lon="10.58447">
				<ele>1319.4</ele>
				<time>2026-09-22T15:14:53.318Z</time>
			</trkpt>
			<trkpt lat="47.30889" lon="10.58439">
				<ele>1318.04</ele>
				<time>2026-09-22T15:14:54.117Z</time>
			</trkpt>
			<trkpt lat="47.30899" lon="10.58434">
				<ele>1317.53</ele>
				<time>2026-09-22T15:14:54.919Z</time>
			</trkpt>
			<trkpt lat="47.30908" lon="10.58433">
				<ele>1317.72</ele>
				<time>2026-09-22T15:14:55.605Z</time>
			</trkpt>
			<trkpt lat="47.30921" lon="10.58441">
				<ele>1319.6</ele>
				<time>2026-09-22T15:14:56.675Z</time>
			</trkpt>
			<trkpt lat="47.30939" lon="10.58457">
				<ele>1322.72</ele>
				<time>2026-09-22T15:14:58.271Z</time>
			</trkpt>
			<trkpt lat="47.30946" lon="10.58459">
				<ele>1323.38</ele>
				<time>2026-09-22T15:14:58.812Z</time>
			</trkpt>
			<trkpt lat="47.30957" lon="10.58454">
				<ele>1323.52</ele>
				<time>2026-09-22T15:14:59.686Z</time>
			</trkpt>
			<trkpt lat="47.30963" lon="10.58447">
				<ele>1323.38</ele>
				<time>2026-09-22T15:15:00.266Z</time>
			</trkpt>
			<trkpt lat="47.30972" lon="10.58425">
				<ele>1322.01</ele>
				<time>2026-09-22T15:15:01.588Z</time>
			</trkpt>
			<trkpt lat="47.31014" lon="10.58312">
				<ele>1322.79</ele>
				<time>2026-09-22T15:15:08.210Z</time>
			</trkpt>
			<trkpt lat="47.31018" lon="10.58299">
				<ele>1323.94</ele>
				<time>2026-09-22T15:15:08.943Z</time>
			</trkpt>
			<trkpt lat="47.31018" lon="10.58276">
				<ele>1324.09</ele>
				<time>2026-09-22T15:15:10.123Z</time>
			</trkpt>
			<trkpt lat="47.31007" lon="10.58233">
				<ele>1320.27</ele>
				<time>2026-09-22T15:15:12.481Z</time>
			</trkpt>
			<trkpt lat="47.31005" lon="10.5822">
				<ele>1320.01</ele>
				<time>2026-09-22T15:15:13.165Z</time>
			</trkpt>
			<trkpt lat="47.31006" lon="10.58204">
				<ele>1318.83</ele>
				<time>2026-09-22T15:15:13.989Z</time>
			</trkpt>
			<trkpt lat="47.31019" lon="10.58112">
				<ele>1309.66</ele>
				<time>2026-09-22T15:15:18.803Z</time>
			</trkpt>
			<trkpt lat="47.31022" lon="10.58096">
				<ele>1309.69</ele>
				<time>2026-09-22T15:15:19.653Z</time>
			</trkpt>
			<trkpt lat="47.31027" lon="10.58083">
				<ele>1310.82</ele>
				<time>2026-09-22T15:15:20.418Z</time>
			</trkpt>
			<trkpt lat="47.31057" lon="10.58019">
				<ele>1318.21</ele>
				<time>2026-09-22T15:15:24.398Z</time>
			</trkpt>
			<trkpt lat="47.31059" lon="10.5801">
				<ele>1318.64</ele>
				<time>2026-09-22T15:15:24.882Z</time>
			</trkpt>
			<trkpt lat="47.3106" lon="10.5799">
				<ele>1318.24</ele>
				<time>2026-09-22T15:15:25.907Z</time>
			</trkpt>
			<trkpt lat="47.31058" lon="10.57946">
				<ele>1312.66</ele>
				<time>2026-09-22T15:15:28.159Z</time>
			</trkpt>
			<trkpt lat="47.3106" lon="10.57934">
				<ele>1311.38</ele>
				<time>2026-09-22T15:15:28.790Z</time>
			</trkpt>
			<trkpt lat="47.31064" lon="10.57919">
				<ele>1310.64</ele>
				<time>2026-09-22T15:15:29.613Z</time>
			</trkpt>
			<trkpt lat="47.31069" lon="10.57909">
				<ele>1310.64</ele>
				<time>2026-09-22T15:15:30.248Z</time>
			</trkpt>
			<trkpt lat="47.31087" lon="10.57882">
				<ele>1313.46</ele>
				<time>2026-09-22T15:15:32.180Z</time>
			</trkpt>
			<trkpt lat="47.31097" lon="10.57871">
				<ele>1312.88</ele>
				<time>2026-09-22T15:15:33.118Z</time>
			</trkpt>
			<trkpt lat="47.3116" lon="10.57792">
				<ele>1309.11</ele>
				<time>2026-09-22T15:15:39.333Z</time>
			</trkpt>
			<trkpt lat="47.3117" lon="10.57779">
				<ele>1308.54</ele>
				<time>2026-09-22T15:15:40.334Z</time>
			</trkpt>
			<trkpt lat="47.31178" lon="10.57757">
				<ele>1307.68</ele>
				<time>2026-09-22T15:15:41.604Z</time>
			</trkpt>
			<trkpt lat="47.3118" lon="10.57738">
				<ele>1307.02</ele>
				<time>2026-09-22T15:15:42.583Z</time>
			</trkpt>
			<trkpt lat="47.31179" lon="10.5772">
				<ele>1306.43</ele>
				<time>2026-09-22T15:15:43.501Z</time>
			</trkpt>
			<trkpt lat="47.3117" lon="10.57661">
				<ele>1304.4</ele>
				<time>2026-09-22T15:15:46.575Z</time>
			</trkpt>
			<trkpt lat="47.31167" lon="10.57634">
				<ele>1303.43</ele>
				<time>2026-09-22T15:15:47.965Z</time>
			</trkpt>
			<trkpt lat="47.31168" lon="10.57613">
				<ele>1302.67</ele>
				<time>2026-09-22T15:15:49.034Z</time>
			</trkpt>
			<trkpt lat="47.3117" lon="10.57593">
				<ele>1301.9</ele>
				<time>2026-09-22T15:15:50.061Z</time>
			</trkpt>
			<trkpt lat="47.31181" lon="10.57553">
				<ele>1300.31</ele>
				<time>2026-09-22T15:15:52.251Z</time>
			</trkpt>
			<trkpt lat="47.31228" lon="10.57415">
				<ele>1292.66</ele>
				<time>2026-09-22T15:16:00.077Z</time>
			</trkpt>
			<trkpt lat="47.31238" lon="10.57357">
				<ele>1287.21</ele>
				<time>2026-09-22T15:16:03.105Z</time>
			</trkpt>
			<trkpt lat="47.31243" lon="10.5734">
				<ele>1286.42</ele>
				<time>2026-09-22T15:16:04.042Z</time>
			</trkpt>
			<trkpt lat="47.31271" lon="10.57268">
				<ele>1287.27</ele>
				<time>2026-09-22T15:16:08.237Z</time>
			</trkpt>
			<trkpt lat="47.31292" lon="10.57232">
				<ele>1286.6</ele>
				<time>2026-09-22T15:16:10.634Z</time>
			</trkpt>
			<trkpt lat="47.31297" lon="10.57217">
				<ele>1284.87</ele>
				<time>2026-09-22T15:16:11.478Z</time>
			</trkpt>
			<trkpt lat="47.31304" lon="10.57158">
				<ele>1275.87</ele>
				<time>2026-09-22T15:16:14.498Z</time>
			</trkpt>
			<trkpt lat="47.31329" lon="10.57057">
				<ele>1280.03</ele>
				<time>2026-09-22T15:16:19.914Z</time>
			</trkpt>
			<trkpt lat="47.31333" lon="10.57026">
				<ele>1272.86</ele>
				<time>2026-09-22T15:16:21.502Z</time>
			</trkpt>
			<trkpt lat="47.31357" lon="10.56911">
				<ele>1277.69</ele>
				<time>2026-09-22T15:16:27.550Z</time>
			</trkpt>
			<trkpt lat="47.31359" lon="10.56889">
				<ele>1278.49</ele>
				<time>2026-09-22T15:16:28.664Z</time>
			</trkpt>
			<trkpt lat="47.3136" lon="10.56833">
				<ele>1274.8</ele>
				<time>2026-09-22T15:16:31.475Z</time>
			</trkpt>
			<trkpt lat="47.31364" lon="10.56818">
				<ele>1273.66</ele>
				<time>2026-09-22T15:16:32.284Z</time>
			</trkpt>
			<trkpt lat="47.31379" lon="10.56775">
				<ele>1272.48</ele>
				<time>2026-09-22T15:16:34.708Z</time>
			</trkpt>
			<trkpt lat="47.31456" lon="10.56544">
				<ele>1249.35</ele>
				<time>2026-09-22T15:16:47.582Z</time>
			</trkpt>
			<trkpt lat="47.31467" lon="10.56495">
				<ele>1247.59</ele>
				<time>2026-09-22T15:16:50.158Z</time>
			</trkpt>
			<trkpt lat="47.31469" lon="10.56452">
				<ele>1246.07</ele>
				<time>2026-09-22T15:16:52.307Z</time>
			</trkpt>
			<trkpt lat="47.31468" lon="10.56429">
				<ele>1245.29</ele>
				<time>2026-09-22T15:16:53.455Z</time>
			</trkpt>
			<trkpt lat="47.31462" lon="10.56383">
				<ele>1246.69</ele>
				<time>2026-09-22T15:16:55.789Z</time>
			</trkpt>
			<trkpt lat="47.31463" lon="10.56352">
				<ele>1247.59</ele>
				<time>2026-09-22T15:16:57.333Z</time>
			</trkpt>
			<trkpt lat="47.31467" lon="10.56336">
				<ele>1248.08</ele>
				<time>2026-09-22T15:16:58.182Z</time>
			</trkpt>
			<trkpt lat="47.31477" lon="10.56315">
				<ele>1248.78</ele>
				<time>2026-09-22T15:16:59.459Z</time>
			</trkpt>
			<trkpt lat="47.31508" lon="10.56268">
				<ele>1254.53</ele>
				<time>2026-09-22T15:17:02.718Z</time>
			</trkpt>
			<trkpt lat="47.31518" lon="10.56247">
				<ele>1257.68</ele>
				<time>2026-09-22T15:17:03.993Z</time>
			</trkpt>
			<trkpt lat="47.31525" lon="10.56224">
				<ele>1255.7</ele>
				<time>2026-09-22T15:17:05.245Z</time>
			</trkpt>
			<trkpt lat="47.31534" lon="10.56171">
				<ele>1250.64</ele>
				<time>2026-09-22T15:17:07.956Z</time>
			</trkpt>
			<trkpt lat="47.31557" lon="10.56109">
				<ele>1250.39</ele>
				<time>2026-09-22T15:17:11.460Z</time>
			</trkpt>
			<trkpt lat="47.3157" lon="10.56062">
				<ele>1246.83</ele>
				<time>2026-09-22T15:17:13.974Z</time>
			</trkpt>
			<trkpt lat="47.31591" lon="10.5601">
				<ele>1250.25</ele>
				<time>2026-09-22T15:17:16.969Z</time>
			</trkpt>
			<trkpt lat="47.31635" lon="10.55839">
				<ele>1241.53</ele>
				<time>2026-09-22T15:17:26.003Z</time>
			</trkpt>
			<trkpt lat="47.31644" lon="10.55816">
				<ele>1239.53</ele>
				<time>2026-09-22T15:17:27.313Z</time>
			</trkpt>
			<trkpt lat="47.3168" lon="10.55746">
				<ele>1239.82</ele>
				<time>2026-09-22T15:17:31.641Z</time>
			</trkpt>
			<trkpt lat="47.31686" lon="10.55727">
				<ele>1238.4</ele>
				<time>2026-09-22T15:17:32.673Z</time>
			</trkpt>
			<trkpt lat="47.31686" lon="10.5567">
				<ele>1225.12</ele>
				<time>2026-09-22T15:17:35.477Z</time>
			</trkpt>
			<trkpt lat="47.31689" lon="10.55658">
				<ele>1222.35</ele>
				<time>2026-09-22T15:17:36.105Z</time>
			</trkpt>
			<trkpt lat="47.31694" lon="10.55648">
				<ele>1221.27</ele>
				<time>2026-09-22T15:17:36.716Z</time>
			</trkpt>
			<trkpt lat="47.31707" lon="10.55636">
				<ele>1219.01</ele>
				<time>2026-09-22T15:17:37.828Z</time>
			</trkpt>
			<trkpt lat="47.31714" lon="10.55623">
				<ele>1217.2</ele>
				<time>2026-09-22T15:17:38.643Z</time>
			</trkpt>
			<trkpt lat="47.31717" lon="10.5561">
				<ele>1215.59</ele>
				<time>2026-09-22T15:17:39.318Z</time>
			</trkpt>
			<trkpt lat="47.31715" lon="10.55593">
				<ele>1213.56</ele>
				<time>2026-09-22T15:17:40.165Z</time>
			</trkpt>
			<trkpt lat="47.31706" lon="10.55562">
				<ele>1209.23</ele>
				<time>2026-09-22T15:17:41.820Z</time>
			</trkpt>
			<trkpt lat="47.31705" lon="10.55551">
				<ele>1209.84</ele>
				<time>2026-09-22T15:17:42.365Z</time>
			</trkpt>
			<trkpt lat="47.31707" lon="10.55519">
				<ele>1218.18</ele>
				<time>2026-09-22T15:17:43.941Z</time>
			</trkpt>
			<trkpt lat="47.31718" lon="10.55488">
				<ele>1224.36</ele>
				<time>2026-09-22T15:17:45.656Z</time>
			</trkpt>
			<trkpt lat="47.31756" lon="10.55416">
				<ele>1215.31</ele>
				<time>2026-09-22T15:17:50.124Z</time>
			</trkpt>
			<trkpt lat="47.31794" lon="10.55312">
				<ele>1194.15</ele>
				<time>2026-09-22T15:17:55.899Z</time>
			</trkpt>
			<trkpt lat="47.31829" lon="10.55221">
				<ele>1197.17</ele>
				<time>2026-09-22T15:18:01.004Z</time>
			</trkpt>
			<trkpt lat="47.31836" lon="10.55195">
				<ele>1192.23</ele>
				<time>2026-09-22T15:18:02.368Z</time>
			</trkpt>
			<trkpt lat="47.31847" lon="10.55117">
				<ele>1180.84</ele>
				<time>2026-09-22T15:18:06.247Z</time>
			</trkpt>
			<trkpt lat="47.31854" lon="10.55095">
				<ele>1185.54</ele>
				<time>2026-09-22T15:18:07.430Z</time>
			</trkpt>
			<trkpt lat="47.31897" lon="10.54997">
				<ele>1177.28</ele>
				<time>2026-09-22T15:18:13.103Z</time>
			</trkpt>
			<trkpt lat="47.31912" lon="10.54967">
				<ele>1177.95</ele>
				<time>2026-09-22T15:18:14.912Z</time>
			</trkpt>
			<trkpt lat="47.31932" lon="10.54938">
				<ele>1178.68</ele>
				<time>2026-09-22T15:18:16.918Z</time>
			</trkpt>
			<trkpt lat="47.31941" lon="10.54923">
				<ele>1179.04</ele>
				<time>2026-09-22T15:18:17.889Z</time>
			</trkpt>
			<trkpt lat="47.31954" lon="10.54884">
				<ele>1179.88</ele>
				<time>2026-09-22T15:18:19.995Z</time>
			</trkpt>
			<trkpt lat="47.3196" lon="10.54847">
				<ele>1180.64</ele>
				<time>2026-09-22T15:18:21.837Z</time>
			</trkpt>
			<trkpt lat="47.31971" lon="10.54816">
				<ele>1181.3</ele>
				<time>2026-09-22T15:18:23.530Z</time>
			</trkpt>
			<trkpt lat="47.32008" lon="10.54742">
				<ele>1187.03</ele>
				<time>2026-09-22T15:18:27.975Z</time>
			</trkpt>
			<trkpt lat="47.32033" lon="10.54655">
				<ele>1178.58</ele>
				<time>2026-09-22T15:18:32.535Z</time>
			</trkpt>
			<trkpt lat="47.32087" lon="10.54509">
				<ele>1190.03</ele>
				<time>2026-09-22T15:18:40.543Z</time>
			</trkpt>
			<trkpt lat="47.32121" lon="10.54411">
				<ele>1171.42</ele>
				<time>2026-09-22T15:18:45.831Z</time>
			</trkpt>
			<trkpt lat="47.32155" lon="10.54349">
				<ele>1185.14</ele>
				<time>2026-09-22T15:18:49.655Z</time>
			</trkpt>
			<trkpt lat="47.32169" lon="10.54316">
				<ele>1180.54</ele>
				<time>2026-09-22T15:18:51.520Z</time>
			</trkpt>
			<trkpt lat="47.32201" lon="10.54235">
				<ele>1183.4</ele>
				<time>2026-09-22T15:18:56.006Z</time>
			</trkpt>
			<trkpt lat="47.32215" lon="10.54191">
				<ele>1185.27</ele>
				<time>2026-09-22T15:18:58.329Z</time>
			</trkpt>
			<trkpt lat="47.32234" lon="10.54109">
				<ele>1179.26</ele>
				<time>2026-09-22T15:19:02.465Z</time>
			</trkpt>
			<trkpt lat="47.32244" lon="10.54085">
				<ele>1171.35</ele>
				<time>2026-09-22T15:19:03.808Z</time>
			</trkpt>
			<trkpt lat="47.32269" lon="10.54041">
				<ele>1168.51</ele>
				<time>2026-09-22T15:19:06.544Z</time>
			</trkpt>
			<trkpt lat="47.32288" lon="10.54028">
				<ele>1174.03</ele>
				<time>2026-09-22T15:19:08.015Z</time>
			</trkpt>
			<trkpt lat="47.32303" lon="10.54009">
				<ele>1170.52</ele>
				<time>2026-09-22T15:19:09.402Z</time>
			</trkpt>
			<trkpt lat="47.32308" lon="10.53997">
				<ele>1166.33</ele>
				<time>2026-09-22T15:19:10.072Z</time>
			</trkpt>
			<trkpt lat="47.3231" lon="10.53983">
				<ele>1160.66</ele>
				<time>2026-09-22T15:19:10.753Z</time>
			</trkpt>
			<trkpt lat="47.32305" lon="10.53936">
				<ele>1143.3</ele>
				<time>2026-09-22T15:19:13.014Z</time>
			</trkpt>
			<trkpt lat="47.32306" lon="10.53915">
				<ele>1135.43</ele>
				<time>2026-09-22T15:19:14.014Z</time>
			</trkpt>
			<trkpt lat="47.32322" lon="10.53833">
				<ele>1136.66</ele>
				<time>2026-09-22T15:19:18.063Z</time>
			</trkpt>
			<trkpt lat="47.3234" lon="10.5371">
				<ele>1127.03</ele>
				<time>2026-09-22T15:19:24.022Z</time>
			</trkpt>
			<trkpt lat="47.32349" lon="10.53668">
				<ele>1118.59</ele>
				<time>2026-09-22T15:19:26.105Z</time>
			</trkpt>
			<trkpt lat="47.32375" lon="10.53605">
				<ele>1108.46</ele>
				<time>2026-09-22T15:19:29.589Z</time>
			</trkpt>
			<trkpt lat="47.324" lon="10.53523">
				<ele>1111.58</ele>
				<time>2026-09-22T15:19:33.830Z</time>
			</trkpt>
			<trkpt lat="47.32409" lon="10.5348">
				<ele>1110.05</ele>
				<time>2026-09-22T15:19:35.950Z</time>
			</trkpt>
			<trkpt lat="47.3242" lon="10.53394">
				<ele>1107.26</ele>
				<time>2026-09-22T15:19:40.067Z</time>
			</trkpt>
			<trkpt lat="47.32426" lon="10.53345">
				<ele>1102.88</ele>
				<time>2026-09-22T15:19:42.407Z</time>
			</trkpt>
			<trkpt lat="47.3243" lon="10.53328">
				<ele>1102.44</ele>
				<time>2026-09-22T15:19:43.252Z</time>
			</trkpt>
			<trkpt lat="47.32437" lon="10.53309">
				<ele>1102.7</ele>
				<time>2026-09-22T15:19:44.267Z</time>
			</trkpt>
			<trkpt lat="47.32446" lon="10.53301">
				<ele>1104.52</ele>
				<time>2026-09-22T15:19:44.994Z</time>
			</trkpt>
			<trkpt lat="47.32456" lon="10.53297">
				<ele>1105.41</ele>
				<time>2026-09-22T15:19:45.711Z</time>
			</trkpt>
			<trkpt lat="47.32507" lon="10.5329">
				<ele>1122.42</ele>
				<time>2026-09-22T15:19:49.253Z</time>
			</trkpt>
			<trkpt lat="47.32522" lon="10.53284">
				<ele>1122.48</ele>
				<time>2026-09-22T15:19:50.327Z</time>
			</trkpt>
			<trkpt lat="47.32576" lon="10.53245">
				<ele>1085.29</ele>
				<time>2026-09-22T15:19:54.476Z</time>
			</trkpt>
			<trkpt lat="47.32593" lon="10.53244">
				<ele>1081.38</ele>
				<time>2026-09-22T15:19:55.649Z</time>
			</trkpt>
			<trkpt lat="47.32608" lon="10.53251">
				<ele>1087.14</ele>
				<time>2026-09-22T15:19:56.733Z</time>
			</trkpt>
			<trkpt lat="47.32617" lon="10.53263">
				<ele>1089.93</ele>
				<time>2026-09-22T15:19:57.568Z</time>
			</trkpt>
			<trkpt lat="47.32664" lon="10.53354">
				<ele>1116.36</ele>
				<time>2026-09-22T15:20:02.903Z</time>
			</trkpt>
			<trkpt lat="47.32687" lon="10.53388">
				<ele>1093.2</ele>
				<time>2026-09-22T15:20:05.139Z</time>
			</trkpt>
			<trkpt lat="47.32739" lon="10.53446">
				<ele>1074.36</ele>
				<time>2026-09-22T15:20:09.611Z</time>
			</trkpt>
			<trkpt lat="47.32815" lon="10.53524">
				<ele>1053.28</ele>
				<time>2026-09-22T15:20:15.947Z</time>
			</trkpt>
			<trkpt lat="47.32914" lon="10.53673">
				<ele>1037.81</ele>
				<time>2026-09-22T15:20:25.593Z</time>
			</trkpt>
			<trkpt lat="47.33009" lon="10.53824">
				<ele>1027.87</ele>
				<time>2026-09-22T15:20:35.079Z</time>
			</trkpt>
			<trkpt lat="47.33059" lon="10.53917">
				<ele>1012.01</ele>
				<time>2026-09-22T15:20:40.526Z</time>
			</trkpt>
			<trkpt lat="47.33104" lon="10.53984">
				<ele>1008.98</ele>
				<time>2026-09-22T15:20:44.846Z</time>
			</trkpt>
			<trkpt lat="47.3311" lon="10.53986">
				<ele>1006.21</ele>
				<time>2026-09-22T15:20:45.261Z</time>
			</trkpt>
			<trkpt lat="47.33119" lon="10.53981">
				<ele>1000.88</ele>
				<time>2026-09-22T15:20:45.910Z</time>
			</trkpt>
			<trkpt lat="47.3312" lon="10.53968">
				<ele>997.58</ele>
				<time>2026-09-22T15:20:46.509Z</time>
			</trkpt>
			<trkpt lat="47.33117" lon="10.53959">
				<ele>996.39</ele>
				<time>2026-09-22T15:20:46.967Z</time>
			</trkpt>
			<trkpt lat="47.33106" lon="10.53946">
				<ele>996.39</ele>
				<time>2026-09-22T15:20:47.917Z</time>
			</trkpt>
			<trkpt lat="47.33093" lon="10.53927">
				<ele>992.41</ele>
				<time>2026-09-22T15:20:49.151Z</time>
			</trkpt>
			<trkpt lat="47.33076" lon="10.53885">
				<ele>988.63</ele>
				<time>2026-09-22T15:20:51.383Z</time>
			</trkpt>
			<trkpt lat="47.3307" lon="10.53866">
				<ele>991.87</ele>
				<time>2026-09-22T15:20:52.339Z</time>
			</trkpt>
			<trkpt lat="47.33065" lon="10.53839">
				<ele>990.03</ele>
				<time>2026-09-22T15:20:53.615Z</time>
			</trkpt>
			<trkpt lat="47.33065" lon="10.53805">
				<ele>988.38</ele>
				<time>2026-09-22T15:20:55.165Z</time>
			</trkpt>
			<trkpt lat="47.33069" lon="10.53787">
				<ele>986.02</ele>
				<time>2026-09-22T15:20:56.027Z</time>
			</trkpt>
			<trkpt lat="47.33076" lon="10.53763">
				<ele>982.63</ele>
				<time>2026-09-22T15:20:57.216Z</time>
			</trkpt>
			<trkpt lat="47.3313" lon="10.53616">
				<ele>976.61</ele>
				<time>2026-09-22T15:21:04.811Z</time>
			</trkpt>
			<trkpt lat="47.33234" lon="10.53711">
				<ele>972.71</ele>
				<time>2026-09-22T15:21:12.980Z</time>
			</trkpt>
			<trkpt lat="47.33325" lon="10.53786">
				<ele>971.68</ele>
				<time>2026-09-22T15:21:19.917Z</time>
			</trkpt>
			<trkpt lat="47.33372" lon="10.53821">
				<ele>971.66</ele>
				<time>2026-09-22T15:21:23.412Z</time>
			</trkpt>
			<trkpt lat="47.33459" lon="10.53872">
				<ele>972.6</ele>
				<time>2026-09-22T15:21:29.612Z</time>
			</trkpt>
			<trkpt lat="47.33524" lon="10.53903">
				<ele>970.6</ele>
				<time>2026-09-22T15:21:34.126Z</time>
			</trkpt>
			<trkpt lat="47.33594" lon="10.5393">
				<ele>969.59</ele>
				<time>2026-09-22T15:21:38.899Z</time>
			</trkpt>
			<trkpt lat="47.3367" lon="10.5395">
				<ele>970.07</ele>
				<time>2026-09-22T15:21:43.981Z</time>
			</trkpt>
			<trkpt lat="47.3374" lon="10.53962">
				<ele>971.5</ele>
				<time>2026-09-22T15:21:48.611Z</time>
			</trkpt>
			<trkpt lat="47.34177" lon="10.54">
				<ele>966.99</ele>
				<time>2026-09-22T15:22:17.177Z</time>
			</trkpt>
			<trkpt lat="47.34305" lon="10.54035">
				<ele>969.02</ele>
				<time>2026-09-22T15:22:25.605Z</time>
			</trkpt>
			<trkpt lat="47.34368" lon="10.54058">
				<ele>972.89</ele>
				<time>2026-09-22T15:22:29.796Z</time>
			</trkpt>
			<trkpt lat="47.34391" lon="10.54069">
				<ele>972.93</ele>
				<time>2026-09-22T15:22:31.355Z</time>
			</trkpt>
			<trkpt lat="47.34478" lon="10.54119">
				<ele>966.63</ele>
				<time>2026-09-22T15:22:37.366Z</time>
			</trkpt>
			<trkpt lat="47.34526" lon="10.54149">
				<ele>966.23</ele>
				<time>2026-09-22T15:22:40.716Z</time>
			</trkpt>
			<trkpt lat="47.34592" lon="10.54201">
				<ele>963.47</ele>
				<time>2026-09-22T15:22:45.514Z</time>
			</trkpt>
			<trkpt lat="47.35052" lon="10.54628">
				<ele>971.51</ele>
				<time>2026-09-22T15:23:20.050Z</time>
			</trkpt>
			<trkpt lat="47.35116" lon="10.54678">
				<ele>971.98</ele>
				<time>2026-09-22T15:23:24.610Z</time>
			</trkpt>
			<trkpt lat="47.35189" lon="10.54709">
				<ele>969.3</ele>
				<time>2026-09-22T15:23:29.383Z</time>
			</trkpt>
			<trkpt lat="47.35232" lon="10.54719">
				<ele>968.16</ele>
				<time>2026-09-22T15:23:32.112Z</time>
			</trkpt>
			<trkpt lat="47.35272" lon="10.54725">
				<ele>966.38</ele>
				<time>2026-09-22T15:23:34.631Z</time>
			</trkpt>
			<trkpt lat="47.35311" lon="10.54724">
				<ele>963.5</ele>
				<time>2026-09-22T15:23:37.070Z</time>
			</trkpt>
			<trkpt lat="47.35442" lon="10.54713">
				<ele>963.55</ele>
				<time>2026-09-22T15:23:45.256Z</time>
			</trkpt>
			<trkpt lat="47.355" lon="10.54702">
				<ele>960.16</ele>
				<time>2026-09-22T15:23:48.894Z</time>
			</trkpt>
			<trkpt lat="47.35558" lon="10.54697">
				<ele>963.22</ele>
				<time>2026-09-22T15:23:52.501Z</time>
			</trkpt>
			<trkpt lat="47.35724" lon="10.54719">
				<ele>967.51</ele>
				<time>2026-09-22T15:24:02.811Z</time>
			</trkpt>
			<trkpt lat="47.35772" lon="10.54719">
				<ele>967.94</ele>
				<time>2026-09-22T15:24:05.770Z</time>
			</trkpt>
			<trkpt lat="47.35917" lon="10.54753">
				<ele>963.2</ele>
				<time>2026-09-22T15:24:14.792Z</time>
			</trkpt>
			<trkpt lat="47.35932" lon="10.54765">
				<ele>961.83</ele>
				<time>2026-09-22T15:24:15.838Z</time>
			</trkpt>
			<trkpt lat="47.35962" lon="10.54793">
				<ele>959.35</ele>
				<time>2026-09-22T15:24:18.011Z</time>
			</trkpt>
			<trkpt lat="47.35971" lon="10.54807">
				<ele>959.26</ele>
				<time>2026-09-22T15:24:18.811Z</time>
			</trkpt>
			<trkpt lat="47.36011" lon="10.54897">
				<ele>962.1</ele>
				<time>2026-09-22T15:24:23.266Z</time>
			</trkpt>
			<trkpt lat="47.36054" lon="10.54971">
				<ele>963.18</ele>
				<time>2026-09-22T15:24:27.291Z</time>
			</trkpt>
			<trkpt lat="47.36069" lon="10.55005">
				<ele>967.29</ele>
				<time>2026-09-22T15:24:28.964Z</time>
			</trkpt>
			<trkpt lat="47.36093" lon="10.55051">
				<ele>968.97</ele>
				<time>2026-09-22T15:24:31.355Z</time>
			</trkpt>
			<trkpt lat="47.36114" lon="10.55082">
				<ele>969.03</ele>
				<time>2026-09-22T15:24:33.158Z</time>
			</trkpt>
			<trkpt lat="47.36139" lon="10.55101">
				<ele>968.15</ele>
				<time>2026-09-22T15:24:34.863Z</time>
			</trkpt>
			<trkpt lat="47.36191" lon="10.55134">
				<ele>968.05</ele>
				<time>2026-09-22T15:24:38.292Z</time>
			</trkpt>
			<trkpt lat="47.36206" lon="10.55142">
				<ele>968.76</ele>
				<time>2026-09-22T15:24:39.257Z</time>
			</trkpt>
			<trkpt lat="47.36247" lon="10.55149">
				<ele>969.62</ele>
				<time>2026-09-22T15:24:41.751Z</time>
			</trkpt>
			<trkpt lat="47.36314" lon="10.55148">
				<ele>965.44</ele>
				<time>2026-09-22T15:24:45.793Z</time>
			</trkpt>
			<trkpt lat="47.36334" lon="10.55151">
				<ele>963.45</ele>
				<time>2026-09-22T15:24:47.004Z</time>
			</trkpt>
			<trkpt lat="47.36397" lon="10.55174">
				<ele>967.3</ele>
				<time>2026-09-22T15:24:50.907Z</time>
			</trkpt>
			<trkpt lat="47.36411" lon="10.55177">
				<ele>967.12</ele>
				<time>2026-09-22T15:24:51.756Z</time>
			</trkpt>
			<trkpt lat="47.3643" lon="10.55176">
				<ele>965.37</ele>
				<time>2026-09-22T15:24:52.897Z</time>
			</trkpt>
			<trkpt lat="47.36462" lon="10.55169">
				<ele>963.13</ele>
				<time>2026-09-22T15:24:54.837Z</time>
			</trkpt>
			<trkpt lat="47.36519" lon="10.55177">
				<ele>966.78</ele>
				<time>2026-09-22T15:24:58.266Z</time>
			</trkpt>
			<trkpt lat="47.36568" lon="10.5519">
				<ele>965.86</ele>
				<time>2026-09-22T15:25:01.241Z</time>
			</trkpt>
			<trkpt lat="47.36656" lon="10.55237">
				<ele>967.72</ele>
				<time>2026-09-22T15:25:06.819Z</time>
			</trkpt>
			<trkpt lat="47.36671" lon="10.55243">
				<ele>967.64</ele>
				<time>2026-09-22T15:25:07.744Z</time>
			</trkpt>
			<trkpt lat="47.36715" lon="10.55245">
				<ele>966.87</ele>
				<time>2026-09-22T15:25:10.360Z</time>
			</trkpt>
			<trkpt lat="47.36729" lon="10.55248">
				<ele>966.2</ele>
				<time>2026-09-22T15:25:11.200Z</time>
			</trkpt>
			<trkpt lat="47.36796" lon="10.55279">
				<ele>966.78</ele>
				<time>2026-09-22T15:25:15.362Z</time>
			</trkpt>
			<trkpt lat="47.36899" lon="10.55296">
				<ele>968.82</ele>
				<time>2026-09-22T15:25:21.486Z</time>
			</trkpt>
			<trkpt lat="47.36931" lon="10.55308">
				<ele>967.92</ele>
				<time>2026-09-22T15:25:23.432Z</time>
			</trkpt>
			<trkpt lat="47.36964" lon="10.55316">
				<ele>963.64</ele>
				<time>2026-09-22T15:25:25.401Z</time>
			</trkpt>
			<trkpt lat="47.3702" lon="10.55318">
				<ele>963.36</ele>
				<time>2026-09-22T15:25:28.693Z</time>
			</trkpt>
			<trkpt lat="47.37073" lon="10.55308">
				<ele>959.44</ele>
				<time>2026-09-22T15:25:31.827Z</time>
			</trkpt>
			<trkpt lat="47.37097" lon="10.55312">
				<ele>959.43</ele>
				<time>2026-09-22T15:25:33.242Z</time>
			</trkpt>
			<trkpt lat="47.3718" lon="10.55372">
				<ele>959.72</ele>
				<time>2026-09-22T15:25:38.642Z</time>
			</trkpt>
			<trkpt lat="47.37205" lon="10.55385">
				<ele>960.7</ele>
				<time>2026-09-22T15:25:40.188Z</time>
			</trkpt>
			<trkpt lat="47.37213" lon="10.55387">
				<ele>960.01</ele>
				<time>2026-09-22T15:25:40.661Z</time>
			</trkpt>
			<trkpt lat="47.37242" lon="10.55387">
				<ele>959.47</ele>
				<time>2026-09-22T15:25:42.350Z</time>
			</trkpt>
			<trkpt lat="47.37315" lon="10.55374">
				<ele>959.61</ele>
				<time>2026-09-22T15:25:46.623Z</time>
			</trkpt>
			<trkpt lat="47.37351" lon="10.55373">
				<ele>957.91</ele>
				<time>2026-09-22T15:25:48.711Z</time>
			</trkpt>
			<trkpt lat="47.37385" lon="10.55379">
				<ele>958.73</ele>
				<time>2026-09-22T15:25:50.694Z</time>
			</trkpt>
			<trkpt lat="47.37414" lon="10.55392">
				<ele>955.64</ele>
				<time>2026-09-22T15:25:52.448Z</time>
			</trkpt>
			<trkpt lat="47.37438" lon="10.55405">
				<ele>954.31</ele>
				<time>2026-09-22T15:25:53.925Z</time>
			</trkpt>
			<trkpt lat="47.37527" lon="10.55473">
				<ele>954.47</ele>
				<time>2026-09-22T15:25:59.701Z</time>
			</trkpt>
			<trkpt lat="47.376" lon="10.55536">
				<ele>954.15</ele>
				<time>2026-09-22T15:26:04.557Z</time>
			</trkpt>
			<trkpt lat="47.3781" lon="10.55649">
				<ele>941.11</ele>
				<time>2026-09-22T15:26:17.317Z</time>
			</trkpt>
			<trkpt lat="47.37825" lon="10.55662">
				<ele>940.65</ele>
				<time>2026-09-22T15:26:18.305Z</time>
			</trkpt>
			<trkpt lat="47.37895" lon="10.55729">
				<ele>939.16</ele>
				<time>2026-09-22T15:26:23.035Z</time>
			</trkpt>
			<trkpt lat="47.37955" lon="10.55781">
				<ele>939.45</ele>
				<time>2026-09-22T15:26:26.967Z</time>
			</trkpt>
			<trkpt lat="47.38038" lon="10.55867">
				<ele>940.47</ele>
				<time>2026-09-22T15:26:32.678Z</time>
			</trkpt>
			<trkpt lat="47.38071" lon="10.55907">
				<ele>938</ele>
				<time>2026-09-22T15:26:35.075Z</time>
			</trkpt>
			<trkpt lat="47.38098" lon="10.55942">
				<ele>940.57</ele>
				<time>2026-09-22T15:26:37.090Z</time>
			</trkpt>
			<trkpt lat="47.3812" lon="10.55963">
				<ele>943.33</ele>
				<time>2026-09-22T15:26:38.556Z</time>
			</trkpt>
			<trkpt lat="47.38146" lon="10.55977">
				<ele>944.92</ele>
				<time>2026-09-22T15:26:40.104Z</time>
			</trkpt>
			<trkpt lat="47.38173" lon="10.55988">
				<ele>947.37</ele>
				<time>2026-09-22T15:26:41.669Z</time>
			</trkpt>
			<trkpt lat="47.38231" lon="10.56017">
				<ele>947.37</ele>
				<time>2026-09-22T15:26:45.084Z</time>
			</trkpt>
			<trkpt lat="47.38248" lon="10.56022">
				<ele>945.69</ele>
				<time>2026-09-22T15:26:46.049Z</time>
			</trkpt>
			<trkpt lat="47.38293" lon="10.56023">
				<ele>942.56</ele>
				<time>2026-09-22T15:26:48.551Z</time>
			</trkpt>
			<trkpt lat="47.38302" lon="10.56033">
				<ele>943.48</ele>
				<time>2026-09-22T15:26:49.176Z</time>
			</trkpt>
			<trkpt lat="47.38305" lon="10.5604">
				<ele>943.95</ele>
				<time>2026-09-22T15:26:49.488Z</time>
			</trkpt>
			<trkpt lat="47.38305" lon="10.56052">
				<ele>944.75</ele>
				<time>2026-09-22T15:26:49.938Z</time>
			</trkpt>
			<trkpt lat="47.38298" lon="10.56081">
				<ele>945.73</ele>
				<time>2026-09-22T15:26:51.095Z</time>
			</trkpt>
			<trkpt lat="47.38297" lon="10.56093">
				<ele>945.09</ele>
				<time>2026-09-22T15:26:51.548Z</time>
			</trkpt>
			<trkpt lat="47.38298" lon="10.561">
				<ele>944.46</ele>
				<time>2026-09-22T15:26:51.817Z</time>
			</trkpt>
			<trkpt lat="47.38277" lon="10.56114">
				<ele>945.93</ele>
				<time>2026-09-22T15:26:53.093Z</time>
			</trkpt>
			<trkpt lat="47.38266" lon="10.56138">
				<ele>947.23</ele>
				<time>2026-09-22T15:26:54.178Z</time>
			</trkpt>
			<trkpt lat="47.38242" lon="10.56181">
				<ele>948.85</ele>
				<time>2026-09-22T15:26:56.264Z</time>
			</trkpt>
			<trkpt lat="47.38224" lon="10.56207">
				<ele>949.32</ele>
				<time>2026-09-22T15:26:57.653Z</time>
			</trkpt>
			<trkpt lat="47.38183" lon="10.56252">
				<ele>951.51</ele>
				<time>2026-09-22T15:27:00.467Z</time>
			</trkpt>
			<trkpt lat="47.38171" lon="10.56268">
				<ele>952.75</ele>
				<time>2026-09-22T15:27:01.357Z</time>
			</trkpt>
			<trkpt lat="47.38163" lon="10.56284">
				<ele>953.45</ele>
				<time>2026-09-22T15:27:02.097Z</time>
			</trkpt>
			<trkpt lat="47.38136" lon="10.56365">
				<ele>956.39</ele>
				<time>2026-09-22T15:27:05.453Z</time>
			</trkpt>
			<trkpt lat="47.38129" lon="10.56378">
				<ele>957.07</ele>
				<time>2026-09-22T15:27:06.069Z</time>
			</trkpt>
			<trkpt lat="47.38098" lon="10.56431">
				<ele>958.93</ele>
				<time>2026-09-22T15:27:08.665Z</time>
			</trkpt>
			<trkpt lat="47.38065" lon="10.56499">
				<ele>961.62</ele>
				<time>2026-09-22T15:27:11.758Z</time>
			</trkpt>
			<trkpt lat="47.38033" lon="10.56554">
				<ele>964</ele>
				<time>2026-09-22T15:27:14.433Z</time>
			</trkpt>
			<trkpt lat="47.38024" lon="10.56576">
				<ele>963.46</ele>
				<time>2026-09-22T15:27:15.380Z</time>
			</trkpt>
			<trkpt lat="47.38009" lon="10.56642">
				<ele>964.41</ele>
				<time>2026-09-22T15:27:17.939Z</time>
			</trkpt>
			<trkpt lat="47.37998" lon="10.56678">
				<ele>966.02</ele>
				<time>2026-09-22T15:27:19.387Z</time>
			</trkpt>
			<trkpt lat="47.37989" lon="10.56702">
				<ele>966</ele>
				<time>2026-09-22T15:27:20.392Z</time>
			</trkpt>
			<trkpt lat="47.37973" lon="10.56733">
				<ele>966.37</ele>
				<time>2026-09-22T15:27:21.819Z</time>
			</trkpt>
			<trkpt lat="47.37852" lon="10.56937">
				<ele>980.55</ele>
				<time>2026-09-22T15:27:31.684Z</time>
			</trkpt>
			<trkpt lat="47.37833" lon="10.56968">
				<ele>982.84</ele>
				<time>2026-09-22T15:27:33.196Z</time>
			</trkpt>
			<trkpt lat="47.3782" lon="10.56982">
				<ele>983.79</ele>
				<time>2026-09-22T15:27:34.054Z</time>
			</trkpt>
			<trkpt lat="47.37793" lon="10.57003">
				<ele>986.54</ele>
				<time>2026-09-22T15:27:35.680Z</time>
			</trkpt>
			<trkpt lat="47.37761" lon="10.57017">
				<ele>990.08</ele>
				<time>2026-09-22T15:27:37.455Z</time>
			</trkpt>
			<trkpt lat="47.37749" lon="10.57027">
				<ele>992.12</ele>
				<time>2026-09-22T15:27:38.186Z</time>
			</trkpt>
			<trkpt lat="47.37738" lon="10.57043">
				<ele>994.45</ele>
				<time>2026-09-22T15:27:39.006Z</time>
			</trkpt>
			<trkpt lat="47.37732" lon="10.57057">
				<ele>995.7</ele>
				<time>2026-09-22T15:27:39.601Z</time>
			</trkpt>
			<trkpt lat="47.37729" lon="10.5707">
				<ele>996.34</ele>
				<time>2026-09-22T15:27:40.094Z</time>
			</trkpt>
			<trkpt lat="47.37728" lon="10.57087">
				<ele>996.87</ele>
				<time>2026-09-22T15:27:40.706Z</time>
			</trkpt>
			<trkpt lat="47.37729" lon="10.57101">
				<ele>997.24</ele>
				<time>2026-09-22T15:27:41.211Z</time>
			</trkpt>
			<trkpt lat="47.37739" lon="10.57137">
				<ele>999.45</ele>
				<time>2026-09-22T15:27:42.604Z</time>
			</trkpt>
			<trkpt lat="47.37739" lon="10.57148">
				<ele>1001.16</ele>
				<time>2026-09-22T15:27:42.998Z</time>
			</trkpt>
			<trkpt lat="47.37734" lon="10.5716">
				<ele>1004.08</ele>
				<time>2026-09-22T15:27:43.502Z</time>
			</trkpt>
			<trkpt lat="47.37731" lon="10.57162">
				<ele>1005.29</ele>
				<time>2026-09-22T15:27:43.676Z</time>
			</trkpt>
			<trkpt lat="47.37722" lon="10.57162">
				<ele>1007.19</ele>
				<time>2026-09-22T15:27:44.151Z</time>
			</trkpt>
			<trkpt lat="47.37714" lon="10.57153">
				<ele>1006.4</ele>
				<time>2026-09-22T15:27:44.681Z</time>
			</trkpt>
			<trkpt lat="47.37698" lon="10.57116">
				<ele>1003.97</ele>
				<time>2026-09-22T15:27:46.248Z</time>
			</trkpt>
			<trkpt lat="47.3769" lon="10.57107">
				<ele>1004.96</ele>
				<time>2026-09-22T15:27:46.778Z</time>
			</trkpt>
			<trkpt lat="47.3768" lon="10.571">
				<ele>1007.03</ele>
				<time>2026-09-22T15:27:47.360Z</time>
			</trkpt>
			<trkpt lat="47.37669" lon="10.57098">
				<ele>1008.95</ele>
				<time>2026-09-22T15:27:47.943Z</time>
			</trkpt>
			<trkpt lat="47.3764" lon="10.57097">
				<ele>1013.21</ele>
				<time>2026-09-22T15:27:49.466Z</time>
			</trkpt>
			<trkpt lat="47.3763" lon="10.57085">
				<ele>1014.72</ele>
				<time>2026-09-22T15:27:50.142Z</time>
			</trkpt>
			<trkpt lat="47.37625" lon="10.57071">
				<ele>1013.96</ele>
				<time>2026-09-22T15:27:50.705Z</time>
			</trkpt>
			<trkpt lat="47.37618" lon="10.57028">
				<ele>1011.01</ele>
				<time>2026-09-22T15:27:52.273Z</time>
			</trkpt>
			<trkpt lat="47.37611" lon="10.57011">
				<ele>1013.65</ele>
				<time>2026-09-22T15:27:52.978Z</time>
			</trkpt>
			<trkpt lat="47.37602" lon="10.56995">
				<ele>1017.52</ele>
				<time>2026-09-22T15:27:53.715Z</time>
			</trkpt>
			<trkpt lat="47.3755" lon="10.56919">
				<ele>1026.12</ele>
				<time>2026-09-22T15:27:57.531Z</time>
			</trkpt>
			<trkpt lat="47.3754" lon="10.56898">
				<ele>1028.14</ele>
				<time>2026-09-22T15:27:58.436Z</time>
			</trkpt>
			<trkpt lat="47.37536" lon="10.56878">
				<ele>1028.75</ele>
				<time>2026-09-22T15:27:59.170Z</time>
			</trkpt>
			<trkpt lat="47.37533" lon="10.56832">
				<ele>1029.45</ele>
				<time>2026-09-22T15:28:00.795Z</time>
			</trkpt>
			<trkpt lat="47.37529" lon="10.5682">
				<ele>1030.73</ele>
				<time>2026-09-22T15:28:01.265Z</time>
			</trkpt>
			<trkpt lat="47.37523" lon="10.56815">
				<ele>1032.72</ele>
				<time>2026-09-22T15:28:01.622Z</time>
			</trkpt>
			<trkpt lat="47.37517" lon="10.56814">
				<ele>1034.73</ele>
				<time>2026-09-22T15:28:01.935Z</time>
			</trkpt>
			<trkpt lat="47.3751" lon="10.56816">
				<ele>1036.86</ele>
				<time>2026-09-22T15:28:02.305Z</time>
			</trkpt>
			<trkpt lat="47.37503" lon="10.56829">
				<ele>1038.17</ele>
				<time>2026-09-22T15:28:02.887Z</time>
			</trkpt>
			<trkpt lat="47.37498" lon="10.56874">
				<ele>1037.8</ele>
				<time>2026-09-22T15:28:04.485Z</time>
			</trkpt>
			<trkpt lat="47.37493" lon="10.56893">
				<ele>1038.53</ele>
				<time>2026-09-22T15:28:05.199Z</time>
			</trkpt>
			<trkpt lat="47.37476" lon="10.56936">
				<ele>1040.53</ele>
				<time>2026-09-22T15:28:06.939Z</time>
			</trkpt>
			<trkpt lat="47.37466" lon="10.56981">
				<ele>1043.44</ele>
				<time>2026-09-22T15:28:08.592Z</time>
			</trkpt>
			<trkpt lat="47.37466" lon="10.56999">
				<ele>1045.74</ele>
				<time>2026-09-22T15:28:09.219Z</time>
			</trkpt>
			<trkpt lat="47.37473" lon="10.57084">
				<ele>1048.94</ele>
				<time>2026-09-22T15:28:12.199Z</time>
			</trkpt>
			<trkpt lat="47.37472" lon="10.57099">
				<ele>1050.12</ele>
				<time>2026-09-22T15:28:12.722Z</time>
			</trkpt>
			<trkpt lat="47.37459" lon="10.57187">
				<ele>1067.96</ele>
				<time>2026-09-22T15:28:15.845Z</time>
			</trkpt>
			<trkpt lat="47.37457" lon="10.57212">
				<ele>1072.28</ele>
				<time>2026-09-22T15:28:16.716Z</time>
			</trkpt>
			<trkpt lat="47.37459" lon="10.57248">
				<ele>1077.64</ele>
				<time>2026-09-22T15:28:17.965Z</time>
			</trkpt>
			<trkpt lat="47.37469" lon="10.57293">
				<ele>1082.34</ele>
				<time>2026-09-22T15:28:19.600Z</time>
			</trkpt>
			<trkpt lat="47.37476" lon="10.57314">
				<ele>1084.85</ele>
				<time>2026-09-22T15:28:20.407Z</time>
			</trkpt>
			<trkpt lat="47.37521" lon="10.57396">
				<ele>1089.68</ele>
				<time>2026-09-22T15:28:24.037Z</time>
			</trkpt>
			<trkpt lat="47.37526" lon="10.57416">
				<ele>1092.3</ele>
				<time>2026-09-22T15:28:24.769Z</time>
			</trkpt>
			<trkpt lat="47.37537" lon="10.57476">
				<ele>1100.15</ele>
				<time>2026-09-22T15:28:26.900Z</time>
			</trkpt>
			<trkpt lat="47.37541" lon="10.57489">
				<ele>1101.48</ele>
				<time>2026-09-22T15:28:27.389Z</time>
			</trkpt>
			<trkpt lat="47.37548" lon="10.57506">
				<ele>1101.9</ele>
				<time>2026-09-22T15:28:28.070Z</time>
			</trkpt>
			<trkpt lat="47.37573" lon="10.5755">
				<ele>1100.32</ele>
				<time>2026-09-22T15:28:30.032Z</time>
			</trkpt>
			<trkpt lat="47.37583" lon="10.57575">
				<ele>1097.18</ele>
				<time>2026-09-22T15:28:31.023Z</time>
			</trkpt>
			<trkpt lat="47.37586" lon="10.57595">
				<ele>1097.93</ele>
				<time>2026-09-22T15:28:31.722Z</time>
			</trkpt>
			<trkpt lat="47.37586" lon="10.57676">
				<ele>1106.93</ele>
				<time>2026-09-22T15:28:34.479Z</time>
			</trkpt>
			<trkpt lat="47.37589" lon="10.57697">
				<ele>1107.14</ele>
				<time>2026-09-22T15:28:35.208Z</time>
			</trkpt>
			<trkpt lat="47.37637" lon="10.57873">
				<ele>1122.17</ele>
				<time>2026-09-22T15:28:41.633Z</time>
			</trkpt>
			<trkpt lat="47.37651" lon="10.57947">
				<ele>1127.01</ele>
				<time>2026-09-22T15:28:44.224Z</time>
			</trkpt>
			<trkpt lat="47.37679" lon="10.5812">
				<ele>1131.04</ele>
				<time>2026-09-22T15:28:50.197Z</time>
			</trkpt>
			<trkpt lat="47.37678" lon="10.58145">
				<ele>1134.57</ele>
				<time>2026-09-22T15:28:51.035Z</time>
			</trkpt>
			<trkpt lat="47.37665" lon="10.58208">
				<ele>1141.56</ele>
				<time>2026-09-22T15:28:53.236Z</time>
			</trkpt>
			<trkpt lat="47.37619" lon="10.58404">
				<ele>1148</ele>
				<time>2026-09-22T15:29:00.140Z</time>
			</trkpt>
			<trkpt lat="47.37602" lon="10.58485">
				<ele>1152.65</ele>
				<time>2026-09-22T15:29:02.950Z</time>
			</trkpt>
			<trkpt lat="47.37565" lon="10.58622">
				<ele>1148.84</ele>
				<time>2026-09-22T15:29:07.820Z</time>
			</trkpt>
			<trkpt lat="47.37557" lon="10.5864">
				<ele>1149.53</ele>
				<time>2026-09-22T15:29:08.529Z</time>
			</trkpt>
			<trkpt lat="47.37545" lon="10.58652">
				<ele>1151.83</ele>
				<time>2026-09-22T15:29:09.233Z</time>
			</trkpt>
			<trkpt lat="47.37526" lon="10.58664">
				<ele>1155.63</ele>
				<time>2026-09-22T15:29:10.237Z</time>
			</trkpt>
			<trkpt lat="47.37515" lon="10.58675">
				<ele>1155.65</ele>
				<time>2026-09-22T15:29:10.881Z</time>
			</trkpt>
			<trkpt lat="47.37496" lon="10.5871">
				<ele>1154.01</ele>
				<time>2026-09-22T15:29:12.354Z</time>
			</trkpt>
			<trkpt lat="47.37463" lon="10.5874">
				<ele>1160.78</ele>
				<time>2026-09-22T15:29:14.230Z</time>
			</trkpt>
			<trkpt lat="47.37437" lon="10.58768">
				<ele>1162.3</ele>
				<time>2026-09-22T15:29:15.785Z</time>
			</trkpt>
			<trkpt lat="47.37426" lon="10.58775">
				<ele>1163.24</ele>
				<time>2026-09-22T15:29:16.364Z</time>
			</trkpt>
			<trkpt lat="47.37395" lon="10.58783">
				<ele>1167.83</ele>
				<time>2026-09-22T15:29:17.882Z</time>
			</trkpt>
			<trkpt lat="47.37384" lon="10.58791">
				<ele>1167.58</ele>
				<time>2026-09-22T15:29:18.473Z</time>
			</trkpt>
			<trkpt lat="47.37374" lon="10.58805">
				<ele>1164.68</ele>
				<time>2026-09-22T15:29:19.136Z</time>
			</trkpt>
			<trkpt lat="47.37368" lon="10.58823">
				<ele>1161.08</ele>
				<time>2026-09-22T15:29:19.790Z</time>
			</trkpt>
			<trkpt lat="47.37357" lon="10.58876">
				<ele>1153.23</ele>
				<time>2026-09-22T15:29:21.596Z</time>
			</trkpt>
			<trkpt lat="47.3735" lon="10.58891">
				<ele>1152.88</ele>
				<time>2026-09-22T15:29:22.188Z</time>
			</trkpt>
			<trkpt lat="47.37343" lon="10.58902">
				<ele>1152.91</ele>
				<time>2026-09-22T15:29:22.679Z</time>
			</trkpt>
			<trkpt lat="47.37297" lon="10.58947">
				<ele>1165.64</ele>
				<time>2026-09-22T15:29:25.325Z</time>
			</trkpt>
			<trkpt lat="47.37265" lon="10.59004">
				<ele>1170.21</ele>
				<time>2026-09-22T15:29:27.723Z</time>
			</trkpt>
			<trkpt lat="47.37261" lon="10.59016">
				<ele>1171.76</ele>
				<time>2026-09-22T15:29:28.156Z</time>
			</trkpt>
			<trkpt lat="47.37262" lon="10.59027">
				<ele>1171.34</ele>
				<time>2026-09-22T15:29:28.515Z</time>
			</trkpt>
			<trkpt lat="47.37267" lon="10.59039">
				<ele>1172.45</ele>
				<time>2026-09-22T15:29:28.971Z</time>
			</trkpt>
			<trkpt lat="47.37275" lon="10.59045">
				<ele>1172.19</ele>
				<time>2026-09-22T15:29:29.399Z</time>
			</trkpt>
			<trkpt lat="47.37292" lon="10.59048">
				<ele>1168.6</ele>
				<time>2026-09-22T15:29:30.216Z</time>
			</trkpt>
			<trkpt lat="47.37352" lon="10.5905">
				<ele>1165.62</ele>
				<time>2026-09-22T15:29:33.074Z</time>
			</trkpt>
			<trkpt lat="47.37382" lon="10.59048">
				<ele>1168.21</ele>
				<time>2026-09-22T15:29:34.502Z</time>
			</trkpt>
			<trkpt lat="47.37415" lon="10.59041">
				<ele>1170.29</ele>
				<time>2026-09-22T15:29:36.085Z</time>
			</trkpt>
			<trkpt lat="47.37501" lon="10.59014">
				<ele>1162.98</ele>
				<time>2026-09-22T15:29:40.249Z</time>
			</trkpt>
			<trkpt lat="47.3751" lon="10.59014">
				<ele>1162.77</ele>
				<time>2026-09-22T15:29:40.675Z</time>
			</trkpt>
			<trkpt lat="47.37523" lon="10.59019">
				<ele>1163.55</ele>
				<time>2026-09-22T15:29:41.309Z</time>
			</trkpt>
			<trkpt lat="47.37531" lon="10.59025">
				<ele>1163.98</ele>
				<time>2026-09-22T15:29:41.733Z</time>
			</trkpt>
			<trkpt lat="47.37535" lon="10.59037">
				<ele>1164.6</ele>
				<time>2026-09-22T15:29:42.161Z</time>
			</trkpt>
			<trkpt lat="47.37536" lon="10.59053">
				<ele>1166.98</ele>
				<time>2026-09-22T15:29:42.674Z</time>
			</trkpt>
			<trkpt lat="47.3753" lon="10.59109">
				<ele>1168.22</ele>
				<time>2026-09-22T15:29:44.485Z</time>
			</trkpt>
			<trkpt lat="47.37524" lon="10.59137">
				<ele>1170.3</ele>
				<time>2026-09-22T15:29:45.421Z</time>
			</trkpt>
			<trkpt lat="47.37514" lon="10.59161">
				<ele>1172.22</ele>
				<time>2026-09-22T15:29:46.319Z</time>
			</trkpt>
			<trkpt lat="47.37493" lon="10.59193">
				<ele>1174.76</ele>
				<time>2026-09-22T15:29:47.738Z</time>
			</trkpt>
			<trkpt lat="47.3748" lon="10.59224">
				<ele>1174.18</ele>
				<time>2026-09-22T15:29:48.898Z</time>
			</trkpt>
			<trkpt lat="47.37474" lon="10.59242">
				<ele>1174.76</ele>
				<time>2026-09-22T15:29:49.535Z</time>
			</trkpt>
			<trkpt lat="47.3747" lon="10.59265">
				<ele>1174.9</ele>
				<time>2026-09-22T15:29:50.289Z</time>
			</trkpt>
			<trkpt lat="47.3747" lon="10.59289">
				<ele>1174.04</ele>
				<time>2026-09-22T15:29:51.051Z</time>
			</trkpt>
			<trkpt lat="47.37479" lon="10.59332">
				<ele>1170.62</ele>
				<time>2026-09-22T15:29:52.479Z</time>
			</trkpt>
			<trkpt lat="47.37478" lon="10.59346">
				<ele>1169.73</ele>
				<time>2026-09-22T15:29:52.925Z</time>
			</trkpt>
			<trkpt lat="47.37471" lon="10.59364">
				<ele>1170.98</ele>
				<time>2026-09-22T15:29:53.582Z</time>
			</trkpt>
			<trkpt lat="47.37453" lon="10.59426">
				<ele>1173.6</ele>
				<time>2026-09-22T15:29:55.717Z</time>
			</trkpt>
			<trkpt lat="47.37435" lon="10.59499">
				<ele>1173.66</ele>
				<time>2026-09-22T15:29:58.170Z</time>
			</trkpt>
			<trkpt lat="47.37385" lon="10.59735">
				<ele>1179.24</ele>
				<time>2026-09-22T15:30:05.949Z</time>
			</trkpt>
			<trkpt lat="47.37371" lon="10.59811">
				<ele>1186.14</ele>
				<time>2026-09-22T15:30:08.416Z</time>
			</trkpt>
			<trkpt lat="47.3737" lon="10.59837">
				<ele>1187.39</ele>
				<time>2026-09-22T15:30:09.231Z</time>
			</trkpt>
			<trkpt lat="47.37373" lon="10.59864">
				<ele>1186.29</ele>
				<time>2026-09-22T15:30:10.087Z</time>
			</trkpt>
			<trkpt lat="47.37373" lon="10.59922">
				<ele>1188.36</ele>
				<time>2026-09-22T15:30:11.899Z</time>
			</trkpt>
			<trkpt lat="47.37378" lon="10.59939">
				<ele>1187.69</ele>
				<time>2026-09-22T15:30:12.477Z</time>
			</trkpt>
			<trkpt lat="47.37388" lon="10.59959">
				<ele>1186.88</ele>
				<time>2026-09-22T15:30:13.253Z</time>
			</trkpt>
			<trkpt lat="47.37406" lon="10.60012">
				<ele>1189.49</ele>
				<time>2026-09-22T15:30:15.100Z</time>
			</trkpt>
			<trkpt lat="47.37419" lon="10.60074">
				<ele>1188.12</ele>
				<time>2026-09-22T15:30:17.120Z</time>
			</trkpt>
			<trkpt lat="47.37437" lon="10.60113">
				<ele>1179.54</ele>
				<time>2026-09-22T15:30:18.587Z</time>
			</trkpt>
			<trkpt lat="47.3744" lon="10.60128">
				<ele>1179.29</ele>
				<time>2026-09-22T15:30:19.073Z</time>
			</trkpt>
			<trkpt lat="47.37446" lon="10.60227">
				<ele>1180.09</ele>
				<time>2026-09-22T15:30:22.156Z</time>
			</trkpt>
			<trkpt lat="47.3744" lon="10.60312">
				<ele>1184.58</ele>
				<time>2026-09-22T15:30:24.801Z</time>
			</trkpt>
			<trkpt lat="47.37435" lon="10.60326">
				<ele>1184.66</ele>
				<time>2026-09-22T15:30:25.290Z</time>
			</trkpt>
			<trkpt lat="47.37415" lon="10.60349">
				<ele>1187.23</ele>
				<time>2026-09-22T15:30:26.447Z</time>
			</trkpt>
			<trkpt lat="47.37401" lon="10.60371">
				<ele>1188.99</ele>
				<time>2026-09-22T15:30:27.379Z</time>
			</trkpt>
			<trkpt lat="47.37391" lon="10.60391">
				<ele>1191.48</ele>
				<time>2026-09-22T15:30:28.146Z</time>
			</trkpt>
			<trkpt lat="47.37378" lon="10.60435">
				<ele>1193.81</ele>
				<time>2026-09-22T15:30:29.626Z</time>
			</trkpt>
			<trkpt lat="47.3737" lon="10.60501">
				<ele>1192.82</ele>
				<time>2026-09-22T15:30:31.691Z</time>
			</trkpt>
			<trkpt lat="47.37339" lon="10.60584">
				<ele>1186.17</ele>
				<time>2026-09-22T15:30:34.605Z</time>
			</trkpt>
			<trkpt lat="47.37332" lon="10.60597">
				<ele>1186.31</ele>
				<time>2026-09-22T15:30:35.115Z</time>
			</trkpt>
			<trkpt lat="47.37313" lon="10.60612">
				<ele>1191.32</ele>
				<time>2026-09-22T15:30:36.092Z</time>
			</trkpt>
			<trkpt lat="47.373" lon="10.60626">
				<ele>1195.82</ele>
				<time>2026-09-22T15:30:36.821Z</time>
			</trkpt>
			<trkpt lat="47.37295" lon="10.60638">
				<ele>1198.32</ele>
				<time>2026-09-22T15:30:37.253Z</time>
			</trkpt>
			<trkpt lat="47.37291" lon="10.60652">
				<ele>1199.84</ele>
				<time>2026-09-22T15:30:37.718Z</time>
			</trkpt>
			<trkpt lat="47.37286" lon="10.60692">
				<ele>1202.99</ele>
				<time>2026-09-22T15:30:38.964Z</time>
			</trkpt>
			<trkpt lat="47.37275" lon="10.60741">
				<ele>1204.05</ele>
				<time>2026-09-22T15:30:40.544Z</time>
			</trkpt>
			<trkpt lat="47.37251" lon="10.60825">
				<ele>1203.84</ele>
				<time>2026-09-22T15:30:43.331Z</time>
			</trkpt>
			<trkpt lat="47.37233" lon="10.60894">
				<ele>1201.04</ele>
				<time>2026-09-22T15:30:45.587Z</time>
			</trkpt>
			<trkpt lat="47.37228" lon="10.60923">
				<ele>1199.21</ele>
				<time>2026-09-22T15:30:46.499Z</time>
			</trkpt>
			<trkpt lat="47.37222" lon="10.60977">
				<ele>1193.72</ele>
				<time>2026-09-22T15:30:48.166Z</time>
			</trkpt>
			<trkpt lat="47.37218" lon="10.60991">
				<ele>1196.04</ele>
				<time>2026-09-22T15:30:48.628Z</time>
			</trkpt>
			<trkpt lat="47.37204" lon="10.61017">
				<ele>1207.63</ele>
				<time>2026-09-22T15:30:49.639Z</time>
			</trkpt>
			<trkpt lat="47.372" lon="10.61028">
				<ele>1207.4</ele>
				<time>2026-09-22T15:30:50.018Z</time>
			</trkpt>
			<trkpt lat="47.372" lon="10.61041">
				<ele>1207.14</ele>
				<time>2026-09-22T15:30:50.414Z</time>
			</trkpt>
			<trkpt lat="47.37209" lon="10.61079">
				<ele>1202.49</ele>
				<time>2026-09-22T15:30:51.637Z</time>
			</trkpt>
			<trkpt lat="47.37211" lon="10.61092">
				<ele>1201.11</ele>
				<time>2026-09-22T15:30:52.042Z</time>
			</trkpt>
			<trkpt lat="47.37188" lon="10.61234">
				<ele>1208.56</ele>
				<time>2026-09-22T15:30:56.469Z</time>
			</trkpt>
			<trkpt lat="47.37188" lon="10.6129">
				<ele>1206.03</ele>
				<time>2026-09-22T15:30:58.164Z</time>
			</trkpt>
			<trkpt lat="47.37185" lon="10.61339">
				<ele>1209.56</ele>
				<time>2026-09-22T15:30:59.652Z</time>
			</trkpt>
			<trkpt lat="47.37181" lon="10.61379">
				<ele>1211.38</ele>
				<time>2026-09-22T15:31:00.874Z</time>
			</trkpt>
			<trkpt lat="47.37175" lon="10.61413">
				<ele>1209.81</ele>
				<time>2026-09-22T15:31:01.935Z</time>
			</trkpt>
			<trkpt lat="47.3715" lon="10.61506">
				<ele>1205.99</ele>
				<time>2026-09-22T15:31:04.953Z</time>
			</trkpt>
			<trkpt lat="47.37134" lon="10.61562">
				<ele>1200.52</ele>
				<time>2026-09-22T15:31:06.783Z</time>
			</trkpt>
			<trkpt lat="47.37121" lon="10.61588">
				<ele>1196.77</ele>
				<time>2026-09-22T15:31:07.756Z</time>
			</trkpt>
			<trkpt lat="47.37112" lon="10.61596">
				<ele>1198.01</ele>
				<time>2026-09-22T15:31:08.223Z</time>
			</trkpt>
			<trkpt lat="47.37105" lon="10.61599">
				<ele>1200.12</ele>
				<time>2026-09-22T15:31:08.546Z</time>
			</trkpt>
			<trkpt lat="47.37081" lon="10.61599">
				<ele>1209.95</ele>
				<time>2026-09-22T15:31:09.612Z</time>
			</trkpt>
			<trkpt lat="47.37069" lon="10.61603">
				<ele>1213.17</ele>
				<time>2026-09-22T15:31:10.158Z</time>
			</trkpt>
			<trkpt lat="47.37062" lon="10.61616">
				<ele>1213.15</ele>
				<time>2026-09-22T15:31:10.657Z</time>
			</trkpt>
			<trkpt lat="47.37052" lon="10.61686">
				<ele>1202.19</ele>
				<time>2026-09-22T15:31:12.804Z</time>
			</trkpt>
			<trkpt lat="47.37045" lon="10.61703">
				<ele>1202.04</ele>
				<time>2026-09-22T15:31:13.401Z</time>
			</trkpt>
			<trkpt lat="47.37015" lon="10.61753">
				<ele>1202.2</ele>
				<time>2026-09-22T15:31:15.404Z</time>
			</trkpt>
			<trkpt lat="47.37" lon="10.61767">
				<ele>1202.81</ele>
				<time>2026-09-22T15:31:16.189Z</time>
			</trkpt>
			<trkpt lat="47.36984" lon="10.61778">
				<ele>1201.38</ele>
				<time>2026-09-22T15:31:16.969Z</time>
			</trkpt>
			<trkpt lat="47.36969" lon="10.61782">
				<ele>1202.37</ele>
				<time>2026-09-22T15:31:17.643Z</time>
			</trkpt>
			<trkpt lat="47.3695" lon="10.61781">
				<ele>1206.26</ele>
				<time>2026-09-22T15:31:18.483Z</time>
			</trkpt>
			<trkpt lat="47.36941" lon="10.61785">
				<ele>1207.29</ele>
				<time>2026-09-22T15:31:18.898Z</time>
			</trkpt>
			<trkpt lat="47.36933" lon="10.61799">
				<ele>1206.7</ele>
				<time>2026-09-22T15:31:19.446Z</time>
			</trkpt>
			<trkpt lat="47.36931" lon="10.61821">
				<ele>1205.24</ele>
				<time>2026-09-22T15:31:20.109Z</time>
			</trkpt>
			<trkpt lat="47.36941" lon="10.61887">
				<ele>1200.93</ele>
				<time>2026-09-22T15:31:22.130Z</time>
			</trkpt>
			<trkpt lat="47.3694" lon="10.61912">
				<ele>1199.89</ele>
				<time>2026-09-22T15:31:22.878Z</time>
			</trkpt>
			<trkpt lat="47.36936" lon="10.6193">
				<ele>1200.67</ele>
				<time>2026-09-22T15:31:23.443Z</time>
			</trkpt>
			<trkpt lat="47.36923" lon="10.61952">
				<ele>1205.18</ele>
				<time>2026-09-22T15:31:24.314Z</time>
			</trkpt>
			<trkpt lat="47.36874" lon="10.62028">
				<ele>1206.66</ele>
				<time>2026-09-22T15:31:27.442Z</time>
			</trkpt>
			<trkpt lat="47.36846" lon="10.62078">
				<ele>1206.44</ele>
				<time>2026-09-22T15:31:29.373Z</time>
			</trkpt>
			<trkpt lat="47.3665" lon="10.62486">
				<ele>1202.96</ele>
				<time>2026-09-22T15:31:44.209Z</time>
			</trkpt>
			<trkpt lat="47.3662" lon="10.62523">
				<ele>1204.15</ele>
				<time>2026-09-22T15:31:45.915Z</time>
			</trkpt>
			<trkpt lat="47.36568" lon="10.62611">
				<ele>1211.13</ele>
				<time>2026-09-22T15:31:49.363Z</time>
			</trkpt>
			<trkpt lat="47.36538" lon="10.62669">
				<ele>1210.55</ele>
				<time>2026-09-22T15:31:51.516Z</time>
			</trkpt>
			<trkpt lat="47.36505" lon="10.62742">
				<ele>1205.56</ele>
				<time>2026-09-22T15:31:54.102Z</time>
			</trkpt>
			<trkpt lat="47.36491" lon="10.62771">
				<ele>1201.96</ele>
				<time>2026-09-22T15:31:55.151Z</time>
			</trkpt>
			<trkpt lat="47.3648" lon="10.62784">
				<ele>1200.43</ele>
				<time>2026-09-22T15:31:55.764Z</time>
			</trkpt>
			<trkpt lat="47.36467" lon="10.62793">
				<ele>1201.21</ele>
				<time>2026-09-22T15:31:56.388Z</time>
			</trkpt>
			<trkpt lat="47.36446" lon="10.62801">
				<ele>1204.03</ele>
				<time>2026-09-22T15:31:57.330Z</time>
			</trkpt>
			<trkpt lat="47.3644" lon="10.62808">
				<ele>1204.44</ele>
				<time>2026-09-22T15:31:57.662Z</time>
			</trkpt>
			<trkpt lat="47.36423" lon="10.62848">
				<ele>1199.84</ele>
				<time>2026-09-22T15:31:59.051Z</time>
			</trkpt>
			<trkpt lat="47.36418" lon="10.62869">
				<ele>1197.65</ele>
				<time>2026-09-22T15:31:59.706Z</time>
			</trkpt>
			<trkpt lat="47.36415" lon="10.62892">
				<ele>1196.02</ele>
				<time>2026-09-22T15:32:00.395Z</time>
			</trkpt>
			<trkpt lat="47.3641" lon="10.62912">
				<ele>1196.18</ele>
				<time>2026-09-22T15:32:01.021Z</time>
			</trkpt>
			<trkpt lat="47.36401" lon="10.62928">
				<ele>1197.82</ele>
				<time>2026-09-22T15:32:01.632Z</time>
			</trkpt>
			<trkpt lat="47.36376" lon="10.62957">
				<ele>1200.11</ele>
				<time>2026-09-22T15:32:03.011Z</time>
			</trkpt>
			<trkpt lat="47.36361" lon="10.62963">
				<ele>1201.8</ele>
				<time>2026-09-22T15:32:03.685Z</time>
			</trkpt>
			<trkpt lat="47.3632" lon="10.62972">
				<ele>1208.45</ele>
				<time>2026-09-22T15:32:05.482Z</time>
			</trkpt>
			<trkpt lat="47.3631" lon="10.6298">
				<ele>1207.39</ele>
				<time>2026-09-22T15:32:05.974Z</time>
			</trkpt>
			<trkpt lat="47.36304" lon="10.62989">
				<ele>1206.45</ele>
				<time>2026-09-22T15:32:06.345Z</time>
			</trkpt>
			<trkpt lat="47.36292" lon="10.63027">
				<ele>1201.44</ele>
				<time>2026-09-22T15:32:07.575Z</time>
			</trkpt>
			<trkpt lat="47.36282" lon="10.63041">
				<ele>1200.79</ele>
				<time>2026-09-22T15:32:08.172Z</time>
			</trkpt>
			<trkpt lat="47.36272" lon="10.63049">
				<ele>1202.07</ele>
				<time>2026-09-22T15:32:08.664Z</time>
			</trkpt>
			<trkpt lat="47.3625" lon="10.63055">
				<ele>1207.71</ele>
				<time>2026-09-22T15:32:09.632Z</time>
			</trkpt>
			<trkpt lat="47.36241" lon="10.63062">
				<ele>1209.1</ele>
				<time>2026-09-22T15:32:10.073Z</time>
			</trkpt>
			<trkpt lat="47.36222" lon="10.63087">
				<ele>1206.52</ele>
				<time>2026-09-22T15:32:11.174Z</time>
			</trkpt>
			<trkpt lat="47.36197" lon="10.63115">
				<ele>1205.91</ele>
				<time>2026-09-22T15:32:12.531Z</time>
			</trkpt>
			<trkpt lat="47.3619" lon="10.63126">
				<ele>1206.57</ele>
				<time>2026-09-22T15:32:12.973Z</time>
			</trkpt>
			<trkpt lat="47.36172" lon="10.63175">
				<ele>1201.89</ele>
				<time>2026-09-22T15:32:14.605Z</time>
			</trkpt>
			<trkpt lat="47.36163" lon="10.63193">
				<ele>1200.14</ele>
				<time>2026-09-22T15:32:15.260Z</time>
			</trkpt>
			<trkpt lat="47.3615" lon="10.63213">
				<ele>1202.36</ele>
				<time>2026-09-22T15:32:16.072Z</time>
			</trkpt>
			<trkpt lat="47.36118" lon="10.63252">
				<ele>1204.26</ele>
				<time>2026-09-22T15:32:17.864Z</time>
			</trkpt>
			<trkpt lat="47.36097" lon="10.63283">
				<ele>1201.07</ele>
				<time>2026-09-22T15:32:19.146Z</time>
			</trkpt>
			<trkpt lat="47.36086" lon="10.63295">
				<ele>1199.21</ele>
				<time>2026-09-22T15:32:19.737Z</time>
			</trkpt>
			<trkpt lat="47.36039" lon="10.63337">
				<ele>1198.16</ele>
				<time>2026-09-22T15:32:22.108Z</time>
			</trkpt>
			<trkpt lat="47.36026" lon="10.63354">
				<ele>1195.32</ele>
				<time>2026-09-22T15:32:22.857Z</time>
			</trkpt>
			<trkpt lat="47.36013" lon="10.63367">
				<ele>1192.81</ele>
				<time>2026-09-22T15:32:23.534Z</time>
			</trkpt>
			<trkpt lat="47.35999" lon="10.63375">
				<ele>1192.69</ele>
				<time>2026-09-22T15:32:24.181Z</time>
			</trkpt>
			<trkpt lat="47.35947" lon="10.63392">
				<ele>1198.85</ele>
				<time>2026-09-22T15:32:26.478Z</time>
			</trkpt>
			<trkpt lat="47.35929" lon="10.63401">
				<ele>1201.51</ele>
				<time>2026-09-22T15:32:27.297Z</time>
			</trkpt>
			<trkpt lat="47.3592" lon="10.63409">
				<ele>1201.79</ele>
				<time>2026-09-22T15:32:27.750Z</time>
			</trkpt>
			<trkpt lat="47.35913" lon="10.6342">
				<ele>1201.37</ele>
				<time>2026-09-22T15:32:28.190Z</time>
			</trkpt>
			<trkpt lat="47.35901" lon="10.63453">
				<ele>1198.46</ele>
				<time>2026-09-22T15:32:29.283Z</time>
			</trkpt>
			<trkpt lat="47.35893" lon="10.63469">
				<ele>1197.92</ele>
				<time>2026-09-22T15:32:29.864Z</time>
			</trkpt>
			<trkpt lat="47.35887" lon="10.63476">
				<ele>1198.33</ele>
				<time>2026-09-22T15:32:30.193Z</time>
			</trkpt>
			<trkpt lat="47.35865" lon="10.63492">
				<ele>1200.54</ele>
				<time>2026-09-22T15:32:31.249Z</time>
			</trkpt>
			<trkpt lat="47.35858" lon="10.635">
				<ele>1200.86</ele>
				<time>2026-09-22T15:32:31.630Z</time>
			</trkpt>
			<trkpt lat="47.35853" lon="10.63509">
				<ele>1201.91</ele>
				<time>2026-09-22T15:32:31.970Z</time>
			</trkpt>
			<trkpt lat="47.3585" lon="10.63525">
				<ele>1200.48</ele>
				<time>2026-09-22T15:32:32.454Z</time>
			</trkpt>
			<trkpt lat="47.35848" lon="10.63546">
				<ele>1197.58</ele>
				<time>2026-09-22T15:32:33.073Z</time>
			</trkpt>
			<trkpt lat="47.35837" lon="10.63582">
				<ele>1194.72</ele>
				<time>2026-09-22T15:32:34.224Z</time>
			</trkpt>
			<trkpt lat="47.35824" lon="10.6361">
				<ele>1186.48</ele>
				<time>2026-09-22T15:32:35.214Z</time>
			</trkpt>
			<trkpt lat="47.35811" lon="10.63627">
				<ele>1183.2</ele>
				<time>2026-09-22T15:32:35.962Z</time>
			</trkpt>
			<trkpt lat="47.35786" lon="10.63649">
				<ele>1186.45</ele>
				<time>2026-09-22T15:32:37.214Z</time>
			</trkpt>
			<trkpt lat="47.35768" lon="10.63663">
				<ele>1189.55</ele>
				<time>2026-09-22T15:32:38.089Z</time>
			</trkpt>
			<trkpt lat="47.35741" lon="10.63676">
				<ele>1191.17</ele>
				<time>2026-09-22T15:32:39.311Z</time>
			</trkpt>
			<trkpt lat="47.35731" lon="10.63684">
				<ele>1188.98</ele>
				<time>2026-09-22T15:32:39.800Z</time>
			</trkpt>
			<trkpt lat="47.35724" lon="10.63698">
				<ele>1186.77</ele>
				<time>2026-09-22T15:32:40.307Z</time>
			</trkpt>
			<trkpt lat="47.35722" lon="10.63714">
				<ele>1184.31</ele>
				<time>2026-09-22T15:32:40.781Z</time>
			</trkpt>
			<trkpt lat="47.35724" lon="10.63729">
				<ele>1181.98</ele>
				<time>2026-09-22T15:32:41.227Z</time>
			</trkpt>
			<trkpt lat="47.35731" lon="10.63745">
				<ele>1179.01</ele>
				<time>2026-09-22T15:32:41.781Z</time>
			</trkpt>
			<trkpt lat="47.35748" lon="10.63768">
				<ele>1184.96</ele>
				<time>2026-09-22T15:32:42.773Z</time>
			</trkpt>
			<trkpt lat="47.35754" lon="10.63781">
				<ele>1187.87</ele>
				<time>2026-09-22T15:32:43.231Z</time>
			</trkpt>
			<trkpt lat="47.35758" lon="10.63796">
				<ele>1191.45</ele>
				<time>2026-09-22T15:32:43.701Z</time>
			</trkpt>
			<trkpt lat="47.35768" lon="10.63868">
				<ele>1197.44</ele>
				<time>2026-09-22T15:32:45.841Z</time>
			</trkpt>
			<trkpt lat="47.35768" lon="10.63891">
				<ele>1198.73</ele>
				<time>2026-09-22T15:32:46.510Z</time>
			</trkpt>
			<trkpt lat="47.35763" lon="10.63914">
				<ele>1200.9</ele>
				<time>2026-09-22T15:32:47.214Z</time>
			</trkpt>
			<trkpt lat="47.35755" lon="10.6393">
				<ele>1201.64</ele>
				<time>2026-09-22T15:32:47.793Z</time>
			</trkpt>
			<trkpt lat="47.35725" lon="10.63968">
				<ele>1203.83</ele>
				<time>2026-09-22T15:32:49.491Z</time>
			</trkpt>
			<trkpt lat="47.35709" lon="10.64">
				<ele>1199.34</ele>
				<time>2026-09-22T15:32:50.649Z</time>
			</trkpt>
			<trkpt lat="47.35698" lon="10.64044">
				<ele>1194.8</ele>
				<time>2026-09-22T15:32:52.014Z</time>
			</trkpt>
			<trkpt lat="47.35695" lon="10.64077">
				<ele>1197.93</ele>
				<time>2026-09-22T15:32:52.983Z</time>
			</trkpt>
			<trkpt lat="47.35693" lon="10.64133">
				<ele>1198.67</ele>
				<time>2026-09-22T15:32:54.614Z</time>
			</trkpt>
			<trkpt lat="47.3569" lon="10.64166">
				<ele>1198.01</ele>
				<time>2026-09-22T15:32:55.583Z</time>
			</trkpt>
			<trkpt lat="47.35683" lon="10.64224">
				<ele>1199.18</ele>
				<time>2026-09-22T15:32:57.297Z</time>
			</trkpt>
			<trkpt lat="47.35656" lon="10.64346">
				<ele>1195.11</ele>
				<time>2026-09-22T15:33:01.031Z</time>
			</trkpt>
			<trkpt lat="47.35606" lon="10.64682">
				<ele>1193.74</ele>
				<time>2026-09-22T15:33:11.039Z</time>
			</trkpt>
			<trkpt lat="47.35575" lon="10.64821">
				<ele>1197.51</ele>
				<time>2026-09-22T15:33:15.296Z</time>
			</trkpt>
			<trkpt lat="47.35571" lon="10.64866">
				<ele>1198.09</ele>
				<time>2026-09-22T15:33:16.617Z</time>
			</trkpt>
			<trkpt lat="47.35571" lon="10.64904">
				<ele>1197.89</ele>
				<time>2026-09-22T15:33:17.723Z</time>
			</trkpt>
			<trkpt lat="47.35575" lon="10.64968">
				<ele>1198.82</ele>
				<time>2026-09-22T15:33:19.593Z</time>
			</trkpt>
			<trkpt lat="47.3559" lon="10.65168">
				<ele>1201.21</ele>
				<time>2026-09-22T15:33:25.452Z</time>
			</trkpt>
			<trkpt lat="47.35591" lon="10.65197">
				<ele>1201.72</ele>
				<time>2026-09-22T15:33:26.297Z</time>
			</trkpt>
			<trkpt lat="47.35589" lon="10.65223">
				<ele>1204.85</ele>
				<time>2026-09-22T15:33:27.059Z</time>
			</trkpt>
			<trkpt lat="47.35584" lon="10.65246">
				<ele>1204.89</ele>
				<time>2026-09-22T15:33:27.763Z</time>
			</trkpt>
			<trkpt lat="47.35578" lon="10.65269">
				<ele>1209.42</ele>
				<time>2026-09-22T15:33:28.481Z</time>
			</trkpt>
			<trkpt lat="47.3554" lon="10.65371">
				<ele>1216.19</ele>
				<time>2026-09-22T15:33:31.873Z</time>
			</trkpt>
			<trkpt lat="47.35529" lon="10.65408">
				<ele>1217.05</ele>
				<time>2026-09-22T15:33:33.050Z</time>
			</trkpt>
			<trkpt lat="47.35521" lon="10.65453">
				<ele>1214.76</ele>
				<time>2026-09-22T15:33:34.407Z</time>
			</trkpt>
			<trkpt lat="47.35521" lon="10.65465">
				<ele>1213.74</ele>
				<time>2026-09-22T15:33:34.757Z</time>
			</trkpt>
			<trkpt lat="47.35526" lon="10.65505">
				<ele>1210.5</ele>
				<time>2026-09-22T15:33:35.943Z</time>
			</trkpt>
			<trkpt lat="47.35525" lon="10.65516">
				<ele>1210.99</ele>
				<time>2026-09-22T15:33:36.266Z</time>
			</trkpt>
			<trkpt lat="47.35515" lon="10.65546">
				<ele>1210.65</ele>
				<time>2026-09-22T15:33:37.242Z</time>
			</trkpt>
			<trkpt lat="47.35499" lon="10.65571">
				<ele>1209.9</ele>
				<time>2026-09-22T15:33:38.245Z</time>
			</trkpt>
			<trkpt lat="47.3538" lon="10.65712">
				<ele>1222.36</ele>
				<time>2026-09-22T15:33:44.820Z</time>
			</trkpt>
			<trkpt lat="47.35351" lon="10.65744">
				<ele>1229.89</ele>
				<time>2026-09-22T15:33:46.381Z</time>
			</trkpt>
			<trkpt lat="47.35327" lon="10.65754">
				<ele>1230.76</ele>
				<time>2026-09-22T15:33:47.457Z</time>
			</trkpt>
			<trkpt lat="47.35297" lon="10.65756">
				<ele>1228.32</ele>
				<time>2026-09-22T15:33:48.753Z</time>
			</trkpt>
			<trkpt lat="47.35288" lon="10.65766">
				<ele>1230.49</ele>
				<time>2026-09-22T15:33:49.239Z</time>
			</trkpt>
			<trkpt lat="47.35289" lon="10.65781">
				<ele>1233.17</ele>
				<time>2026-09-22T15:33:49.680Z</time>
			</trkpt>
			<trkpt lat="47.35296" lon="10.65789">
				<ele>1235.68</ele>
				<time>2026-09-22T15:33:50.062Z</time>
			</trkpt>
			<trkpt lat="47.35326" lon="10.65785">
				<ele>1237.55</ele>
				<time>2026-09-22T15:33:51.362Z</time>
			</trkpt>
			<trkpt lat="47.35343" lon="10.65789">
				<ele>1239.17</ele>
				<time>2026-09-22T15:33:52.106Z</time>
			</trkpt>
			<trkpt lat="47.3539" lon="10.6582">
				<ele>1245.9</ele>
				<time>2026-09-22T15:33:54.329Z</time>
			</trkpt>
			<trkpt lat="47.35405" lon="10.65824">
				<ele>1246.83</ele>
				<time>2026-09-22T15:33:54.988Z</time>
			</trkpt>
			<trkpt lat="47.35416" lon="10.65822">
				<ele>1245.64</ele>
				<time>2026-09-22T15:33:55.467Z</time>
			</trkpt>
			<trkpt lat="47.35491" lon="10.65778">
				<ele>1249.73</ele>
				<time>2026-09-22T15:33:58.957Z</time>
			</trkpt>
			<trkpt lat="47.35504" lon="10.65775">
				<ele>1251.35</ele>
				<time>2026-09-22T15:33:59.526Z</time>
			</trkpt>
			<trkpt lat="47.35513" lon="10.65778">
				<ele>1252.14</ele>
				<time>2026-09-22T15:33:59.925Z</time>
			</trkpt>
			<trkpt lat="47.35523" lon="10.65785">
				<ele>1252.96</ele>
				<time>2026-09-22T15:34:00.404Z</time>
			</trkpt>
			<trkpt lat="47.35529" lon="10.65795">
				<ele>1253.24</ele>
				<time>2026-09-22T15:34:00.796Z</time>
			</trkpt>
			<trkpt lat="47.35536" lon="10.65808">
				<ele>1252.8</ele>
				<time>2026-09-22T15:34:01.283Z</time>
			</trkpt>
			<trkpt lat="47.35542" lon="10.6584">
				<ele>1253.68</ele>
				<time>2026-09-22T15:34:02.257Z</time>
			</trkpt>
			<trkpt lat="47.35548" lon="10.65906">
				<ele>1260.04</ele>
				<time>2026-09-22T15:34:04.211Z</time>
			</trkpt>
			<trkpt lat="47.3556" lon="10.65998">
				<ele>1264.53</ele>
				<time>2026-09-22T15:34:06.962Z</time>
			</trkpt>
			<trkpt lat="47.35577" lon="10.66059">
				<ele>1270.28</ele>
				<time>2026-09-22T15:34:08.900Z</time>
			</trkpt>
			<trkpt lat="47.35603" lon="10.66137">
				<ele>1268.65</ele>
				<time>2026-09-22T15:34:11.457Z</time>
			</trkpt>
			<trkpt lat="47.3561" lon="10.66168">
				<ele>1269.07</ele>
				<time>2026-09-22T15:34:12.418Z</time>
			</trkpt>
			<trkpt lat="47.35614" lon="10.662">
				<ele>1269.08</ele>
				<time>2026-09-22T15:34:13.376Z</time>
			</trkpt>
			<trkpt lat="47.35614" lon="10.66334">
				<ele>1266.93</ele>
				<time>2026-09-22T15:34:17.323Z</time>
			</trkpt>
			<trkpt lat="47.35619" lon="10.66373">
				<ele>1271.39</ele>
				<time>2026-09-22T15:34:18.494Z</time>
			</trkpt>
			<trkpt lat="47.35625" lon="10.66402">
				<ele>1271.87</ele>
				<time>2026-09-22T15:34:19.388Z</time>
			</trkpt>
			<trkpt lat="47.35632" lon="10.66428">
				<ele>1270.65</ele>
				<time>2026-09-22T15:34:20.214Z</time>
			</trkpt>
			<trkpt lat="47.35653" lon="10.66475">
				<ele>1273.42</ele>
				<time>2026-09-22T15:34:21.876Z</time>
			</trkpt>
			<trkpt lat="47.35674" lon="10.66508">
				<ele>1273.92</ele>
				<time>2026-09-22T15:34:23.213Z</time>
			</trkpt>
			<trkpt lat="47.35754" lon="10.6662">
				<ele>1278.02</ele>
				<time>2026-09-22T15:34:28.026Z</time>
			</trkpt>
			<trkpt lat="47.35784" lon="10.66648">
				<ele>1284.26</ele>
				<time>2026-09-22T15:34:29.578Z</time>
			</trkpt>
			<trkpt lat="47.35825" lon="10.66674">
				<ele>1287.68</ele>
				<time>2026-09-22T15:34:31.529Z</time>
			</trkpt>
			<trkpt lat="47.35848" lon="10.66692">
				<ele>1289.57</ele>
				<time>2026-09-22T15:34:32.669Z</time>
			</trkpt>
			<trkpt lat="47.35869" lon="10.66718">
				<ele>1291.43</ele>
				<time>2026-09-22T15:34:33.869Z</time>
			</trkpt>
			<trkpt lat="47.35877" lon="10.66733">
				<ele>1292.12</ele>
				<time>2026-09-22T15:34:34.436Z</time>
			</trkpt>
			<trkpt lat="47.35917" lon="10.66822">
				<ele>1299.56</ele>
				<time>2026-09-22T15:34:37.608Z</time>
			</trkpt>
			<trkpt lat="47.35986" lon="10.66911">
				<ele>1305.53</ele>
				<time>2026-09-22T15:34:41.632Z</time>
			</trkpt>
			<trkpt lat="47.36014" lon="10.66945">
				<ele>1310.24</ele>
				<time>2026-09-22T15:34:43.227Z</time>
			</trkpt>
			<trkpt lat="47.3603" lon="10.66957">
				<ele>1312.27</ele>
				<time>2026-09-22T15:34:44.016Z</time>
			</trkpt>
			<trkpt lat="47.3609" lon="10.66988">
				<ele>1316.23</ele>
				<time>2026-09-22T15:34:46.816Z</time>
			</trkpt>
			<trkpt lat="47.36101" lon="10.66996">
				<ele>1317</ele>
				<time>2026-09-22T15:34:47.356Z</time>
			</trkpt>
			<trkpt lat="47.36118" lon="10.67011">
				<ele>1317.44</ele>
				<time>2026-09-22T15:34:48.229Z</time>
			</trkpt>
			<trkpt lat="47.36133" lon="10.67028">
				<ele>1316.44</ele>
				<time>2026-09-22T15:34:49.064Z</time>
			</trkpt>
			<trkpt lat="47.36144" lon="10.67043">
				<ele>1317.41</ele>
				<time>2026-09-22T15:34:49.724Z</time>
			</trkpt>
			<trkpt lat="47.36162" lon="10.67077">
				<ele>1320.18</ele>
				<time>2026-09-22T15:34:51.015Z</time>
			</trkpt>
			<trkpt lat="47.36189" lon="10.67169">
				<ele>1317.49</ele>
				<time>2026-09-22T15:34:54.017Z</time>
			</trkpt>
			<trkpt lat="47.36209" lon="10.67212">
				<ele>1314.81</ele>
				<time>2026-09-22T15:34:55.580Z</time>
			</trkpt>
			<trkpt lat="47.36219" lon="10.67226">
				<ele>1315.02</ele>
				<time>2026-09-22T15:34:56.190Z</time>
			</trkpt>
			<trkpt lat="47.36234" lon="10.67239">
				<ele>1316.46</ele>
				<time>2026-09-22T15:34:56.961Z</time>
			</trkpt>
			<trkpt lat="47.36275" lon="10.67273">
				<ele>1319.32</ele>
				<time>2026-09-22T15:34:59.045Z</time>
			</trkpt>
			<trkpt lat="47.36288" lon="10.67286">
				<ele>1321.01</ele>
				<time>2026-09-22T15:34:59.742Z</time>
			</trkpt>
			<trkpt lat="47.36305" lon="10.67312">
				<ele>1323.87</ele>
				<time>2026-09-22T15:35:00.828Z</time>
			</trkpt>
			<trkpt lat="47.36337" lon="10.67393">
				<ele>1331.34</ele>
				<time>2026-09-22T15:35:03.650Z</time>
			</trkpt>
			<trkpt lat="47.36374" lon="10.67463">
				<ele>1335.72</ele>
				<time>2026-09-22T15:35:06.326Z</time>
			</trkpt>
			<trkpt lat="47.36383" lon="10.67492">
				<ele>1339.67</ele>
				<time>2026-09-22T15:35:07.288Z</time>
			</trkpt>
			<trkpt lat="47.36388" lon="10.67521">
				<ele>1340.15</ele>
				<time>2026-09-22T15:35:08.192Z</time>
			</trkpt>
			<trkpt lat="47.36391" lon="10.67586">
				<ele>1339.66</ele>
				<time>2026-09-22T15:35:10.160Z</time>
			</trkpt>
			<trkpt lat="47.36396" lon="10.67611">
				<ele>1339.57</ele>
				<time>2026-09-22T15:35:10.948Z</time>
			</trkpt>
			<trkpt lat="47.36401" lon="10.67627">
				<ele>1338.7</ele>
				<time>2026-09-22T15:35:11.481Z</time>
			</trkpt>
			<trkpt lat="47.36425" lon="10.67692">
				<ele>1337.04</ele>
				<time>2026-09-22T15:35:13.723Z</time>
			</trkpt>
			<trkpt lat="47.36434" lon="10.67736">
				<ele>1333.88</ele>
				<time>2026-09-22T15:35:15.116Z</time>
			</trkpt>
			<trkpt lat="47.36436" lon="10.67766">
				<ele>1332.21</ele>
				<time>2026-09-22T15:35:16.030Z</time>
			</trkpt>
			<trkpt lat="47.36435" lon="10.67815">
				<ele>1332.41</ele>
				<time>2026-09-22T15:35:17.518Z</time>
			</trkpt>
			<trkpt lat="47.36437" lon="10.6785">
				<ele>1334.52</ele>
				<time>2026-09-22T15:35:18.585Z</time>
			</trkpt>
			<trkpt lat="47.3644" lon="10.67875">
				<ele>1336.82</ele>
				<time>2026-09-22T15:35:19.356Z</time>
			</trkpt>
			<trkpt lat="47.36446" lon="10.67895">
				<ele>1338.24</ele>
				<time>2026-09-22T15:35:20.022Z</time>
			</trkpt>
			<trkpt lat="47.36454" lon="10.6791">
				<ele>1337.44</ele>
				<time>2026-09-22T15:35:20.602Z</time>
			</trkpt>
			<trkpt lat="47.36468" lon="10.67928">
				<ele>1335.46</ele>
				<time>2026-09-22T15:35:21.436Z</time>
			</trkpt>
			<trkpt lat="47.36515" lon="10.67963">
				<ele>1331.58</ele>
				<time>2026-09-22T15:35:23.804Z</time>
			</trkpt>
			<trkpt lat="47.36535" lon="10.67985">
				<ele>1334.52</ele>
				<time>2026-09-22T15:35:24.927Z</time>
			</trkpt>
			<trkpt lat="47.36545" lon="10.68001">
				<ele>1335.69</ele>
				<time>2026-09-22T15:35:25.591Z</time>
			</trkpt>
			<trkpt lat="47.36576" lon="10.68075">
				<ele>1338.98</ele>
				<time>2026-09-22T15:35:28.249Z</time>
			</trkpt>
			<trkpt lat="47.36581" lon="10.68082">
				<ele>1337.79</ele>
				<time>2026-09-22T15:35:28.560Z</time>
			</trkpt>
			<trkpt lat="47.36603" lon="10.68112">
				<ele>1335.62</ele>
				<time>2026-09-22T15:35:29.913Z</time>
			</trkpt>
			<trkpt lat="47.36673" lon="10.68174">
				<ele>1333.67</ele>
				<time>2026-09-22T15:35:33.606Z</time>
			</trkpt>
			<trkpt lat="47.36691" lon="10.68197">
				<ele>1334.13</ele>
				<time>2026-09-22T15:35:34.685Z</time>
			</trkpt>
			<trkpt lat="47.36706" lon="10.68224">
				<ele>1334.41</ele>
				<time>2026-09-22T15:35:35.757Z</time>
			</trkpt>
			<trkpt lat="47.36719" lon="10.68253">
				<ele>1335.78</ele>
				<time>2026-09-22T15:35:36.826Z</time>
			</trkpt>
			<trkpt lat="47.36727" lon="10.68279">
				<ele>1337.95</ele>
				<time>2026-09-22T15:35:37.705Z</time>
			</trkpt>
			<trkpt lat="47.36735" lon="10.6833">
				<ele>1340.38</ele>
				<time>2026-09-22T15:35:39.316Z</time>
			</trkpt>
			<trkpt lat="47.36739" lon="10.68398">
				<ele>1342.97</ele>
				<time>2026-09-22T15:35:41.420Z</time>
			</trkpt>
			<trkpt lat="47.36744" lon="10.68448">
				<ele>1343.14</ele>
				<time>2026-09-22T15:35:42.980Z</time>
			</trkpt>
			<trkpt lat="47.36751" lon="10.68486">
				<ele>1345.07</ele>
				<time>2026-09-22T15:35:44.197Z</time>
			</trkpt>
			<trkpt lat="47.3676" lon="10.68517">
				<ele>1347.24</ele>
				<time>2026-09-22T15:35:45.240Z</time>
			</trkpt>
			<trkpt lat="47.36772" lon="10.68545">
				<ele>1349.95</ele>
				<time>2026-09-22T15:35:46.265Z</time>
			</trkpt>
			<trkpt lat="47.36794" lon="10.68585">
				<ele>1351.86</ele>
				<time>2026-09-22T15:35:47.861Z</time>
			</trkpt>
			<trkpt lat="47.3685" lon="10.68653">
				<ele>1354.23</ele>
				<time>2026-09-22T15:35:51.182Z</time>
			</trkpt>
			<trkpt lat="47.36865" lon="10.68677">
				<ele>1354.71</ele>
				<time>2026-09-22T15:35:52.197Z</time>
			</trkpt>
			<trkpt lat="47.36876" lon="10.68697">
				<ele>1354</ele>
				<time>2026-09-22T15:35:52.998Z</time>
			</trkpt>
			<trkpt lat="47.36897" lon="10.68759">
				<ele>1356.01</ele>
				<time>2026-09-22T15:35:55.156Z</time>
			</trkpt>
			<trkpt lat="47.3693" lon="10.68829">
				<ele>1356.56</ele>
				<time>2026-09-22T15:35:57.816Z</time>
			</trkpt>
			<trkpt lat="47.36939" lon="10.68852">
				<ele>1356.1</ele>
				<time>2026-09-22T15:35:58.645Z</time>
			</trkpt>
			<trkpt lat="47.36949" lon="10.68891">
				<ele>1356.08</ele>
				<time>2026-09-22T15:35:59.949Z</time>
			</trkpt>
			<trkpt lat="47.36959" lon="10.68918">
				<ele>1357</ele>
				<time>2026-09-22T15:36:00.911Z</time>
			</trkpt>
			<trkpt lat="47.36995" lon="10.69004">
				<ele>1356.82</ele>
				<time>2026-09-22T15:36:04.079Z</time>
			</trkpt>
			<trkpt lat="47.37009" lon="10.69044">
				<ele>1358.53</ele>
				<time>2026-09-22T15:36:05.492Z</time>
			</trkpt>
			<trkpt lat="47.37013" lon="10.69062">
				<ele>1358.37</ele>
				<time>2026-09-22T15:36:06.087Z</time>
			</trkpt>
			<trkpt lat="47.37024" lon="10.69135">
				<ele>1359.02</ele>
				<time>2026-09-22T15:36:08.438Z</time>
			</trkpt>
			<trkpt lat="47.3703" lon="10.69155">
				<ele>1360.66</ele>
				<time>2026-09-22T15:36:09.127Z</time>
			</trkpt>
			<trkpt lat="47.37037" lon="10.69169">
				<ele>1361.26</ele>
				<time>2026-09-22T15:36:09.675Z</time>
			</trkpt>
			<trkpt lat="47.37064" lon="10.69209">
				<ele>1361.33</ele>
				<time>2026-09-22T15:36:11.455Z</time>
			</trkpt>
			<trkpt lat="47.3711" lon="10.69268">
				<ele>1368.92</ele>
				<time>2026-09-22T15:36:14.297Z</time>
			</trkpt>
			<trkpt lat="47.37143" lon="10.69315">
				<ele>1370.85</ele>
				<time>2026-09-22T15:36:16.439Z</time>
			</trkpt>
			<trkpt lat="47.37157" lon="10.6934">
				<ele>1367.98</ele>
				<time>2026-09-22T15:36:17.467Z</time>
			</trkpt>
			<trkpt lat="47.3718" lon="10.69394">
				<ele>1365.67</ele>
				<time>2026-09-22T15:36:19.491Z</time>
			</trkpt>
			<trkpt lat="47.37188" lon="10.69421">
				<ele>1363.94</ele>
				<time>2026-09-22T15:36:20.427Z</time>
			</trkpt>
			<trkpt lat="47.37228" lon="10.69537">
				<ele>1363.61</ele>
				<time>2026-09-22T15:36:24.571Z</time>
			</trkpt>
			<trkpt lat="47.37241" lon="10.69602">
				<ele>1363.79</ele>
				<time>2026-09-22T15:36:26.734Z</time>
			</trkpt>
			<trkpt lat="47.37246" lon="10.69621">
				<ele>1363.33</ele>
				<time>2026-09-22T15:36:27.385Z</time>
			</trkpt>
			<trkpt lat="47.37254" lon="10.69643">
				<ele>1362.26</ele>
				<time>2026-09-22T15:36:28.183Z</time>
			</trkpt>
			<trkpt lat="47.37278" lon="10.69697">
				<ele>1351.57</ele>
				<time>2026-09-22T15:36:30.251Z</time>
			</trkpt>
			<trkpt lat="47.37289" lon="10.6973">
				<ele>1347.21</ele>
				<time>2026-09-22T15:36:31.430Z</time>
			</trkpt>
			<trkpt lat="47.37299" lon="10.69789">
				<ele>1339.82</ele>
				<time>2026-09-22T15:36:33.382Z</time>
			</trkpt>
			<trkpt lat="47.37306" lon="10.69852">
				<ele>1338.4</ele>
				<time>2026-09-22T15:36:35.434Z</time>
			</trkpt>
			<trkpt lat="47.3731" lon="10.69873">
				<ele>1340.89</ele>
				<time>2026-09-22T15:36:36.136Z</time>
			</trkpt>
			<trkpt lat="47.37321" lon="10.69896">
				<ele>1345.64</ele>
				<time>2026-09-22T15:36:37.043Z</time>
			</trkpt>
			<trkpt lat="47.37395" lon="10.69983">
				<ele>1338.9</ele>
				<time>2026-09-22T15:36:41.553Z</time>
			</trkpt>
			<trkpt lat="47.37407" lon="10.69999">
				<ele>1334.82</ele>
				<time>2026-09-22T15:36:42.325Z</time>
			</trkpt>
			<trkpt lat="47.37415" lon="10.70014">
				<ele>1332.03</ele>
				<time>2026-09-22T15:36:42.944Z</time>
			</trkpt>
			<trkpt lat="47.37427" lon="10.70051">
				<ele>1336.11</ele>
				<time>2026-09-22T15:36:44.273Z</time>
			</trkpt>
			<trkpt lat="47.37434" lon="10.70078">
				<ele>1341.77</ele>
				<time>2026-09-22T15:36:45.211Z</time>
			</trkpt>
			<trkpt lat="47.37448" lon="10.70114">
				<ele>1342.28</ele>
				<time>2026-09-22T15:36:46.559Z</time>
			</trkpt>
			<trkpt lat="47.37511" lon="10.70219">
				<ele>1339.21</ele>
				<time>2026-09-22T15:36:51.126Z</time>
			</trkpt>
			<trkpt lat="47.37523" lon="10.70234">
				<ele>1340.74</ele>
				<time>2026-09-22T15:36:51.883Z</time>
			</trkpt>
			<trkpt lat="47.37555" lon="10.70268">
				<ele>1339.39</ele>
				<time>2026-09-22T15:36:53.785Z</time>
			</trkpt>
			<trkpt lat="47.37566" lon="10.70283">
				<ele>1335.91</ele>
				<time>2026-09-22T15:36:54.508Z</time>
			</trkpt>
			<trkpt lat="47.3758" lon="10.70317">
				<ele>1334.01</ele>
				<time>2026-09-22T15:36:55.811Z</time>
			</trkpt>
			<trkpt lat="47.37588" lon="10.70348">
				<ele>1336.4</ele>
				<time>2026-09-22T15:36:56.898Z</time>
			</trkpt>
			<trkpt lat="47.37595" lon="10.70397">
				<ele>1343.54</ele>
				<time>2026-09-22T15:36:58.542Z</time>
			</trkpt>
			<trkpt lat="47.376" lon="10.70415">
				<ele>1344.32</ele>
				<time>2026-09-22T15:36:59.181Z</time>
			</trkpt>
			<trkpt lat="47.37633" lon="10.70491">
				<ele>1336.6</ele>
				<time>2026-09-22T15:37:02.151Z</time>
			</trkpt>
			<trkpt lat="47.37641" lon="10.70514">
				<ele>1335.76</ele>
				<time>2026-09-22T15:37:03.003Z</time>
			</trkpt>
			<trkpt lat="47.37645" lon="10.70533">
				<ele>1335.79</ele>
				<time>2026-09-22T15:37:03.659Z</time>
			</trkpt>
			<trkpt lat="47.37655" lon="10.706">
				<ele>1332.97</ele>
				<time>2026-09-22T15:37:05.925Z</time>
			</trkpt>
			<trkpt lat="47.37661" lon="10.70623">
				<ele>1327.44</ele>
				<time>2026-09-22T15:37:06.740Z</time>
			</trkpt>
			<trkpt lat="47.37687" lon="10.70698">
				<ele>1325.6</ele>
				<time>2026-09-22T15:37:09.531Z</time>
			</trkpt>
			<trkpt lat="47.377" lon="10.70766">
				<ele>1332.23</ele>
				<time>2026-09-22T15:37:11.878Z</time>
			</trkpt>
			<trkpt lat="47.37711" lon="10.70813">
				<ele>1328.75</ele>
				<time>2026-09-22T15:37:13.532Z</time>
			</trkpt>
			<trkpt lat="47.37723" lon="10.70845">
				<ele>1320.61</ele>
				<time>2026-09-22T15:37:14.751Z</time>
			</trkpt>
			<trkpt lat="47.37749" lon="10.70895">
				<ele>1317.15</ele>
				<time>2026-09-22T15:37:16.854Z</time>
			</trkpt>
			<trkpt lat="47.37761" lon="10.70928">
				<ele>1317.52</ele>
				<time>2026-09-22T15:37:18.106Z</time>
			</trkpt>
			<trkpt lat="47.37773" lon="10.71005">
				<ele>1316.7</ele>
				<time>2026-09-22T15:37:20.751Z</time>
			</trkpt>
			<trkpt lat="47.37779" lon="10.71026">
				<ele>1315.6</ele>
				<time>2026-09-22T15:37:21.515Z</time>
			</trkpt>
			<trkpt lat="47.37786" lon="10.71048">
				<ele>1313.41</ele>
				<time>2026-09-22T15:37:22.331Z</time>
			</trkpt>
			<trkpt lat="47.3787" lon="10.71234">
				<ele>1303.19</ele>
				<time>2026-09-22T15:37:29.862Z</time>
			</trkpt>
			<trkpt lat="47.37884" lon="10.71259">
				<ele>1300.09</ele>
				<time>2026-09-22T15:37:30.960Z</time>
			</trkpt>
			<trkpt lat="47.37954" lon="10.71368">
				<ele>1296.65</ele>
				<time>2026-09-22T15:37:36.057Z</time>
			</trkpt>
			<trkpt lat="47.37977" lon="10.71397">
				<ele>1295.55</ele>
				<time>2026-09-22T15:37:37.577Z</time>
			</trkpt>
			<trkpt lat="47.38001" lon="10.71414">
				<ele>1292.08</ele>
				<time>2026-09-22T15:37:38.917Z</time>
			</trkpt>
			<trkpt lat="47.38033" lon="10.7143">
				<ele>1290.72</ele>
				<time>2026-09-22T15:37:40.620Z</time>
			</trkpt>
			<trkpt lat="47.38062" lon="10.71441">
				<ele>1289.4</ele>
				<time>2026-09-22T15:37:42.132Z</time>
			</trkpt>
			<trkpt lat="47.38106" lon="10.71454">
				<ele>1285.5</ele>
				<time>2026-09-22T15:37:44.401Z</time>
			</trkpt>
			<trkpt lat="47.38234" lon="10.71486">
				<ele>1268.25</ele>
				<time>2026-09-22T15:37:50.996Z</time>
			</trkpt>
			<trkpt lat="47.38247" lon="10.71493">
				<ele>1267.84</ele>
				<time>2026-09-22T15:37:51.702Z</time>
			</trkpt>
			<trkpt lat="47.3826" lon="10.71505">
				<ele>1266.52</ele>
				<time>2026-09-22T15:37:52.484Z</time>
			</trkpt>
			<trkpt lat="47.38271" lon="10.71521">
				<ele>1262.62</ele>
				<time>2026-09-22T15:37:53.272Z</time>
			</trkpt>
			<trkpt lat="47.3828" lon="10.71545">
				<ele>1260.4</ele>
				<time>2026-09-22T15:37:54.222Z</time>
			</trkpt>
			<trkpt lat="47.38285" lon="10.71574">
				<ele>1261.97</ele>
				<time>2026-09-22T15:37:55.258Z</time>
			</trkpt>
			<trkpt lat="47.38285" lon="10.71619">
				<ele>1257.25</ele>
				<time>2026-09-22T15:37:56.819Z</time>
			</trkpt>
			<trkpt lat="47.38257" lon="10.7172">
				<ele>1262.04</ele>
				<time>2026-09-22T15:38:00.614Z</time>
			</trkpt>
			<trkpt lat="47.38255" lon="10.71788">
				<ele>1256.52</ele>
				<time>2026-09-22T15:38:02.988Z</time>
			</trkpt>
			<trkpt lat="47.38259" lon="10.7181">
				<ele>1253.63</ele>
				<time>2026-09-22T15:38:03.784Z</time>
			</trkpt>
			<trkpt lat="47.38268" lon="10.7183">
				<ele>1249.61</ele>
				<time>2026-09-22T15:38:04.624Z</time>
			</trkpt>
			<trkpt lat="47.38281" lon="10.71851">
				<ele>1247.58</ele>
				<time>2026-09-22T15:38:05.620Z</time>
			</trkpt>
			<trkpt lat="47.38296" lon="10.71866">
				<ele>1247.26</ele>
				<time>2026-09-22T15:38:06.557Z</time>
			</trkpt>
			<trkpt lat="47.3831" lon="10.71874">
				<ele>1246.34</ele>
				<time>2026-09-22T15:38:07.334Z</time>
			</trkpt>
			<trkpt lat="47.38326" lon="10.71877">
				<ele>1245.65</ele>
				<time>2026-09-22T15:38:08.170Z</time>
			</trkpt>
			<trkpt lat="47.3834" lon="10.71873">
				<ele>1244.65</ele>
				<time>2026-09-22T15:38:08.909Z</time>
			</trkpt>
			<trkpt lat="47.38359" lon="10.71862">
				<ele>1243.1</ele>
				<time>2026-09-22T15:38:09.969Z</time>
			</trkpt>
			<trkpt lat="47.38373" lon="10.71844">
				<ele>1239.39</ele>
				<time>2026-09-22T15:38:10.933Z</time>
			</trkpt>
			<trkpt lat="47.38385" lon="10.71823">
				<ele>1237.06</ele>
				<time>2026-09-22T15:38:11.901Z</time>
			</trkpt>
			<trkpt lat="47.38407" lon="10.71777">
				<ele>1229.09</ele>
				<time>2026-09-22T15:38:13.887Z</time>
			</trkpt>
			<trkpt lat="47.38414" lon="10.71753">
				<ele>1226.62</ele>
				<time>2026-09-22T15:38:14.810Z</time>
			</trkpt>
			<trkpt lat="47.38417" lon="10.71706">
				<ele>1218.19</ele>
				<time>2026-09-22T15:38:16.480Z</time>
			</trkpt>
			<trkpt lat="47.3842" lon="10.71598">
				<ele>1221.93</ele>
				<time>2026-09-22T15:38:20.314Z</time>
			</trkpt>
			<trkpt lat="47.38423" lon="10.71585">
				<ele>1221.5</ele>
				<time>2026-09-22T15:38:20.802Z</time>
			</trkpt>
			<trkpt lat="47.38427" lon="10.71578">
				<ele>1221.46</ele>
				<time>2026-09-22T15:38:21.128Z</time>
			</trkpt>
			<trkpt lat="47.38432" lon="10.71576">
				<ele>1221.17</ele>
				<time>2026-09-22T15:38:21.400Z</time>
			</trkpt>
			<trkpt lat="47.38437" lon="10.71578">
				<ele>1220.69</ele>
				<time>2026-09-22T15:38:21.672Z</time>
			</trkpt>
			<trkpt lat="47.3844" lon="10.71582">
				<ele>1220.3</ele>
				<time>2026-09-22T15:38:21.884Z</time>
			</trkpt>
			<trkpt lat="47.38442" lon="10.71588">
				<ele>1219.62</ele>
				<time>2026-09-22T15:38:22.122Z</time>
			</trkpt>
			<trkpt lat="47.38442" lon="10.71599">
				<ele>1218.65</ele>
				<time>2026-09-22T15:38:22.514Z</time>
			</trkpt>
			<trkpt lat="47.38436" lon="10.71634">
				<ele>1216.15</ele>
				<time>2026-09-22T15:38:23.801Z</time>
			</trkpt>
			<trkpt lat="47.38437" lon="10.71655">
				<ele>1212.51</ele>
				<time>2026-09-22T15:38:24.552Z</time>
			</trkpt>
			<trkpt lat="47.3845" lon="10.71713">
				<ele>1207.05</ele>
				<time>2026-09-22T15:38:26.735Z</time>
			</trkpt>
			<trkpt lat="47.38457" lon="10.71726">
				<ele>1207.23</ele>
				<time>2026-09-22T15:38:27.329Z</time>
			</trkpt>
			<trkpt lat="47.38468" lon="10.71738">
				<ele>1207.7</ele>
				<time>2026-09-22T15:38:28.052Z</time>
			</trkpt>
			<trkpt lat="47.38481" lon="10.71741">
				<ele>1206.81</ele>
				<time>2026-09-22T15:38:28.748Z</time>
			</trkpt>
			<trkpt lat="47.38494" lon="10.71739">
				<ele>1206.08</ele>
				<time>2026-09-22T15:38:29.440Z</time>
			</trkpt>
			<trkpt lat="47.38503" lon="10.71732">
				<ele>1205.39</ele>
				<time>2026-09-22T15:38:29.979Z</time>
			</trkpt>
			<trkpt lat="47.38521" lon="10.71705">
				<ele>1203.33</ele>
				<time>2026-09-22T15:38:31.340Z</time>
			</trkpt>
			<trkpt lat="47.38528" lon="10.71698">
				<ele>1202.85</ele>
				<time>2026-09-22T15:38:31.789Z</time>
			</trkpt>
			<trkpt lat="47.38545" lon="10.71693">
				<ele>1206.71</ele>
				<time>2026-09-22T15:38:32.710Z</time>
			</trkpt>
			<trkpt lat="47.38568" lon="10.7169">
				<ele>1211.93</ele>
				<time>2026-09-22T15:38:33.938Z</time>
			</trkpt>
			<trkpt lat="47.38604" lon="10.71682">
				<ele>1216.38</ele>
				<time>2026-09-22T15:38:35.877Z</time>
			</trkpt>
			<trkpt lat="47.38651" lon="10.71649">
				<ele>1218.69</ele>
				<time>2026-09-22T15:38:38.656Z</time>
			</trkpt>
			<trkpt lat="47.3867" lon="10.71629">
				<ele>1217.83</ele>
				<time>2026-09-22T15:38:39.904Z</time>
			</trkpt>
			<trkpt lat="47.38678" lon="10.71625">
				<ele>1217.45</ele>
				<time>2026-09-22T15:38:40.357Z</time>
			</trkpt>
			<trkpt lat="47.38686" lon="10.71627">
				<ele>1218.07</ele>
				<time>2026-09-22T15:38:40.791Z</time>
			</trkpt>
			<trkpt lat="47.38693" lon="10.71635">
				<ele>1219.49</ele>
				<time>2026-09-22T15:38:41.266Z</time>
			</trkpt>
			<trkpt lat="47.38695" lon="10.71647">
				<ele>1220.56</ele>
				<time>2026-09-22T15:38:41.715Z</time>
			</trkpt>
			<trkpt lat="47.38694" lon="10.71691">
				<ele>1224.71</ele>
				<time>2026-09-22T15:38:43.315Z</time>
			</trkpt>
			<trkpt lat="47.38698" lon="10.71716">
				<ele>1228.36</ele>
				<time>2026-09-22T15:38:44.250Z</time>
			</trkpt>
			<trkpt lat="47.38705" lon="10.71733">
				<ele>1230.93</ele>
				<time>2026-09-22T15:38:44.974Z</time>
			</trkpt>
			<trkpt lat="47.38722" lon="10.7176">
				<ele>1232.72</ele>
				<time>2026-09-22T15:38:46.319Z</time>
			</trkpt>
			<trkpt lat="47.38731" lon="10.71779">
				<ele>1232.37</ele>
				<time>2026-09-22T15:38:47.166Z</time>
			</trkpt>
			<trkpt lat="47.38739" lon="10.71804">
				<ele>1232.21</ele>
				<time>2026-09-22T15:38:48.176Z</time>
			</trkpt>
			<trkpt lat="47.38747" lon="10.71895">
				<ele>1234.69</ele>
				<time>2026-09-22T15:38:51.537Z</time>
			</trkpt>
			<trkpt lat="47.38749" lon="10.71913">
				<ele>1234.82</ele>
				<time>2026-09-22T15:38:52.206Z</time>
			</trkpt>
			<trkpt lat="47.38754" lon="10.71929">
				<ele>1234.2</ele>
				<time>2026-09-22T15:38:52.853Z</time>
			</trkpt>
			<trkpt lat="47.38761" lon="10.71944">
				<ele>1233.05</ele>
				<time>2026-09-22T15:38:53.523Z</time>
			</trkpt>
			<trkpt lat="47.3877" lon="10.71955">
				<ele>1231.94</ele>
				<time>2026-09-22T15:38:54.157Z</time>
			</trkpt>
			<trkpt lat="47.38782" lon="10.71966">
				<ele>1232.06</ele>
				<time>2026-09-22T15:38:54.925Z</time>
			</trkpt>
			<trkpt lat="47.38796" lon="10.71971">
				<ele>1235.11</ele>
				<time>2026-09-22T15:38:55.709Z</time>
			</trkpt>
			<trkpt lat="47.38806" lon="10.7197">
				<ele>1236.83</ele>
				<time>2026-09-22T15:38:56.254Z</time>
			</trkpt>
			<trkpt lat="47.38821" lon="10.71966">
				<ele>1240.09</ele>
				<time>2026-09-22T15:38:57.084Z</time>
			</trkpt>
			<trkpt lat="47.38835" lon="10.71953">
				<ele>1241.85</ele>
				<time>2026-09-22T15:38:57.986Z</time>
			</trkpt>
			<trkpt lat="47.38845" lon="10.71936">
				<ele>1244.13</ele>
				<time>2026-09-22T15:38:58.818Z</time>
			</trkpt>
			<trkpt lat="47.38852" lon="10.71919">
				<ele>1244.9</ele>
				<time>2026-09-22T15:38:59.554Z</time>
			</trkpt>
			<trkpt lat="47.38858" lon="10.71855">
				<ele>1242.81</ele>
				<time>2026-09-22T15:39:01.947Z</time>
			</trkpt>
			<trkpt lat="47.38863" lon="10.71835">
				<ele>1241.19</ele>
				<time>2026-09-22T15:39:02.738Z</time>
			</trkpt>
			<trkpt lat="47.38872" lon="10.71812">
				<ele>1241.3</ele>
				<time>2026-09-22T15:39:03.724Z</time>
			</trkpt>
			<trkpt lat="47.38889" lon="10.71787">
				<ele>1245.51</ele>
				<time>2026-09-22T15:39:05.042Z</time>
			</trkpt>
			<trkpt lat="47.3891" lon="10.71773">
				<ele>1247.86</ele>
				<time>2026-09-22T15:39:06.309Z</time>
			</trkpt>
			<trkpt lat="47.38931" lon="10.71764">
				<ele>1247.4</ele>
				<time>2026-09-22T15:39:07.512Z</time>
			</trkpt>
			<trkpt lat="47.38953" lon="10.71761">
				<ele>1247.06</ele>
				<time>2026-09-22T15:39:08.730Z</time>
			</trkpt>
			<trkpt lat="47.38974" lon="10.71763">
				<ele>1247.51</ele>
				<time>2026-09-22T15:39:09.892Z</time>
			</trkpt>
			<trkpt lat="47.38993" lon="10.7177">
				<ele>1249.17</ele>
				<time>2026-09-22T15:39:10.974Z</time>
			</trkpt>
			<trkpt lat="47.39042" lon="10.71794">
				<ele>1256.79</ele>
				<time>2026-09-22T15:39:13.832Z</time>
			</trkpt>
			<trkpt lat="47.39064" lon="10.71797">
				<ele>1257.62</ele>
				<time>2026-09-22T15:39:15.058Z</time>
			</trkpt>
			<trkpt lat="47.3912" lon="10.7178">
				<ele>1255.9</ele>
				<time>2026-09-22T15:39:18.238Z</time>
			</trkpt>
			<trkpt lat="47.39186" lon="10.71784">
				<ele>1259.39</ele>
				<time>2026-09-22T15:39:21.925Z</time>
			</trkpt>
			<trkpt lat="47.39203" lon="10.7178">
				<ele>1260.1</ele>
				<time>2026-09-22T15:39:22.888Z</time>
			</trkpt>
			<trkpt lat="47.3922" lon="10.71773">
				<ele>1260.71</ele>
				<time>2026-09-22T15:39:23.876Z</time>
			</trkpt>
			<trkpt lat="47.39258" lon="10.71749">
				<ele>1259.09</ele>
				<time>2026-09-22T15:39:26.195Z</time>
			</trkpt>
			<trkpt lat="47.39283" lon="10.7174">
				<ele>1261.61</ele>
				<time>2026-09-22T15:39:27.642Z</time>
			</trkpt>
			<trkpt lat="47.39307" lon="10.71737">
				<ele>1266.93</ele>
				<time>2026-09-22T15:39:28.998Z</time>
			</trkpt>
			<trkpt lat="47.39326" lon="10.71732">
				<ele>1270.87</ele>
				<time>2026-09-22T15:39:30.085Z</time>
			</trkpt>
			<trkpt lat="47.39352" lon="10.71717">
				<ele>1275</ele>
				<time>2026-09-22T15:39:31.661Z</time>
			</trkpt>
			<trkpt lat="47.39376" lon="10.7169">
				<ele>1276.81</ele>
				<time>2026-09-22T15:39:33.367Z</time>
			</trkpt>
			<trkpt lat="47.39383" lon="10.71685">
				<ele>1277.66</ele>
				<time>2026-09-22T15:39:33.807Z</time>
			</trkpt>
			<trkpt lat="47.39388" lon="10.71686">
				<ele>1279.3</ele>
				<time>2026-09-22T15:39:34.093Z</time>
			</trkpt>
			<trkpt lat="47.39395" lon="10.71692">
				<ele>1281.37</ele>
				<time>2026-09-22T15:39:34.551Z</time>
			</trkpt>
			<trkpt lat="47.39396" lon="10.71703">
				<ele>1283.89</ele>
				<time>2026-09-22T15:39:34.977Z</time>
			</trkpt>
			<trkpt lat="47.39393" lon="10.71712">
				<ele>1285.22</ele>
				<time>2026-09-22T15:39:35.362Z</time>
			</trkpt>
			<trkpt lat="47.39372" lon="10.71738">
				<ele>1283.95</ele>
				<time>2026-09-22T15:39:36.917Z</time>
			</trkpt>
			<trkpt lat="47.39363" lon="10.71754">
				<ele>1283.19</ele>
				<time>2026-09-22T15:39:37.717Z</time>
			</trkpt>
			<trkpt lat="47.39356" lon="10.71776">
				<ele>1284.06</ele>
				<time>2026-09-22T15:39:38.653Z</time>
			</trkpt>
			<trkpt lat="47.39351" lon="10.71806">
				<ele>1286.29</ele>
				<time>2026-09-22T15:39:39.844Z</time>
			</trkpt>
			<trkpt lat="47.39348" lon="10.7183">
				<ele>1287.54</ele>
				<time>2026-09-22T15:39:40.786Z</time>
			</trkpt>
			<trkpt lat="47.3935" lon="10.71841">
				<ele>1289.18</ele>
				<time>2026-09-22T15:39:41.226Z</time>
			</trkpt>
			<trkpt lat="47.39354" lon="10.71848">
				<ele>1291.06</ele>
				<time>2026-09-22T15:39:41.580Z</time>
			</trkpt>
			<trkpt lat="47.39363" lon="10.7185">
				<ele>1294.06</ele>
				<time>2026-09-22T15:39:42.099Z</time>
			</trkpt>
			<trkpt lat="47.3937" lon="10.71841">
				<ele>1294.62</ele>
				<time>2026-09-22T15:39:42.630Z</time>
			</trkpt>
			<trkpt lat="47.39391" lon="10.71774">
				<ele>1294.53</ele>
				<time>2026-09-22T15:39:45.490Z</time>
			</trkpt>
			<trkpt lat="47.39402" lon="10.71758">
				<ele>1296.48</ele>
				<time>2026-09-22T15:39:46.375Z</time>
			</trkpt>
			<trkpt lat="47.39419" lon="10.71741">
				<ele>1298.3</ele>
				<time>2026-09-22T15:39:47.554Z</time>
			</trkpt>
			<trkpt lat="47.39436" lon="10.71733">
				<ele>1298.49</ele>
				<time>2026-09-22T15:39:48.579Z</time>
			</trkpt>
			<trkpt lat="47.39456" lon="10.7173">
				<ele>1300.23</ele>
				<time>2026-09-22T15:39:49.735Z</time>
			</trkpt>
			<trkpt lat="47.39505" lon="10.71731">
				<ele>1306.19</ele>
				<time>2026-09-22T15:39:52.561Z</time>
			</trkpt>
			<trkpt lat="47.39569" lon="10.71734">
				<ele>1304.89</ele>
				<time>2026-09-22T15:39:56.265Z</time>
			</trkpt>
			<trkpt lat="47.39578" lon="10.7174">
				<ele>1307.36</ele>
				<time>2026-09-22T15:39:56.837Z</time>
			</trkpt>
			<trkpt lat="47.39585" lon="10.71751">
				<ele>1312.7</ele>
				<time>2026-09-22T15:39:57.430Z</time>
			</trkpt>
			<trkpt lat="47.39586" lon="10.7176">
				<ele>1317.15</ele>
				<time>2026-09-22T15:39:57.789Z</time>
			</trkpt>
			<trkpt lat="47.39603" lon="10.71765">
				<ele>1318.12</ele>
				<time>2026-09-22T15:39:58.795Z</time>
			</trkpt>
			<trkpt lat="47.39711" lon="10.7178">
				<ele>1309.57</ele>
				<time>2026-09-22T15:40:05.120Z</time>
			</trkpt>
			<trkpt lat="47.39738" lon="10.71774">
				<ele>1307.63</ele>
				<time>2026-09-22T15:40:06.719Z</time>
			</trkpt>
			<trkpt lat="47.39847" lon="10.71743">
				<ele>1290.15</ele>
				<time>2026-09-22T15:40:13.245Z</time>
			</trkpt>
			<trkpt lat="47.3987" lon="10.71741">
				<ele>1287.37</ele>
				<time>2026-09-22T15:40:14.605Z</time>
			</trkpt>
			<trkpt lat="47.39922" lon="10.71743">
				<ele>1279.23</ele>
				<time>2026-09-22T15:40:17.683Z</time>
			</trkpt>
			<trkpt lat="47.39945" lon="10.71751">
				<ele>1275.36</ele>
				<time>2026-09-22T15:40:19.085Z</time>
			</trkpt>
			<trkpt lat="47.39961" lon="10.71752">
				<ele>1275.95</ele>
				<time>2026-09-22T15:40:20.036Z</time>
			</trkpt>
			<trkpt lat="47.39977" lon="10.71747">
				<ele>1272.6</ele>
				<time>2026-09-22T15:40:21.008Z</time>
			</trkpt>
			<trkpt lat="47.39992" lon="10.71737">
				<ele>1269.21</ele>
				<time>2026-09-22T15:40:21.987Z</time>
			</trkpt>
			<trkpt lat="47.40007" lon="10.71724">
				<ele>1264.59</ele>
				<time>2026-09-22T15:40:23.023Z</time>
			</trkpt>
			<trkpt lat="47.40055" lon="10.71699">
				<ele>1253.95</ele>
				<time>2026-09-22T15:40:26.061Z</time>
			</trkpt>
			<trkpt lat="47.40071" lon="10.71695">
				<ele>1252.55</ele>
				<time>2026-09-22T15:40:27.032Z</time>
			</trkpt>
			<trkpt lat="47.40086" lon="10.71694">
				<ele>1252.6</ele>
				<time>2026-09-22T15:40:27.933Z</time>
			</trkpt>
			<trkpt lat="47.40107" lon="10.71701">
				<ele>1257.23</ele>
				<time>2026-09-22T15:40:29.226Z</time>
			</trkpt>
			<trkpt lat="47.40331" lon="10.71824">
				<ele>1260.32</ele>
				<time>2026-09-22T15:40:43.765Z</time>
			</trkpt>
			<trkpt lat="47.40346" lon="10.71828">
				<ele>1261.98</ele>
				<time>2026-09-22T15:40:44.704Z</time>
			</trkpt>
			<trkpt lat="47.40418" lon="10.71808">
				<ele>1268.9</ele>
				<time>2026-09-22T15:40:49.239Z</time>
			</trkpt>
			<trkpt lat="47.40429" lon="10.71808">
				<ele>1267.8</ele>
				<time>2026-09-22T15:40:49.922Z</time>
			</trkpt>
			<trkpt lat="47.40456" lon="10.71817">
				<ele>1265.72</ele>
				<time>2026-09-22T15:40:51.646Z</time>
			</trkpt>
			<trkpt lat="47.40465" lon="10.71822">
				<ele>1265.3</ele>
				<time>2026-09-22T15:40:52.246Z</time>
			</trkpt>
			<trkpt lat="47.40475" lon="10.71835">
				<ele>1266.15</ele>
				<time>2026-09-22T15:40:53.079Z</time>
			</trkpt>
			<trkpt lat="47.40506" lon="10.71913">
				<ele>1266.66</ele>
				<time>2026-09-22T15:40:56.918Z</time>
			</trkpt>
			<trkpt lat="47.4052" lon="10.71965">
				<ele>1267.72</ele>
				<time>2026-09-22T15:40:59.306Z</time>
			</trkpt>
			<trkpt lat="47.40531" lon="10.72022">
				<ele>1268.54</ele>
				<time>2026-09-22T15:41:01.846Z</time>
			</trkpt>
			<trkpt lat="47.40536" lon="10.72056">
				<ele>1275.2</ele>
				<time>2026-09-22T15:41:03.341Z</time>
			</trkpt>
			<trkpt lat="47.40541" lon="10.72119">
				<ele>1284.71</ele>
				<time>2026-09-22T15:41:06.077Z</time>
			</trkpt>
			<trkpt lat="47.40547" lon="10.72167">
				<ele>1282.56</ele>
				<time>2026-09-22T15:41:08.191Z</time>
			</trkpt>
			<trkpt lat="47.40575" lon="10.72308">
				<ele>1287.47</ele>
				<time>2026-09-22T15:41:14.600Z</time>
			</trkpt>
			<trkpt lat="47.40583" lon="10.7239">
				<ele>1292.11</ele>
				<time>2026-09-22T15:41:18.244Z</time>
			</trkpt>
			<trkpt lat="47.406" lon="10.72468">
				<ele>1295.57</ele>
				<time>2026-09-22T15:41:21.869Z</time>
			</trkpt>
			<trkpt lat="47.40609" lon="10.72527">
				<ele>1296.36</ele>
				<time>2026-09-22T15:41:24.559Z</time>
			</trkpt>
			<trkpt lat="47.4061" lon="10.72572">
				<ele>1297.29</ele>
				<time>2026-09-22T15:41:26.569Z</time>
			</trkpt>
			<trkpt lat="47.40605" lon="10.72656">
				<ele>1305.01</ele>
				<time>2026-09-22T15:41:30.351Z</time>
			</trkpt>
			<trkpt lat="47.40615" lon="10.72734">
				<ele>1306.84</ele>
				<time>2026-09-22T15:41:33.934Z</time>
			</trkpt>
			<trkpt lat="47.40632" lon="10.7282">
				<ele>1312.02</ele>
				<time>2026-09-22T15:41:38.003Z</time>
			</trkpt>
			<trkpt lat="47.40638" lon="10.72861">
				<ele>1318.13</ele>
				<time>2026-09-22T15:41:39.917Z</time>
			</trkpt>
			<trkpt lat="47.40636" lon="10.72903">
				<ele>1320.23</ele>
				<time>2026-09-22T15:41:41.845Z</time>
			</trkpt>
			<trkpt lat="47.40627" lon="10.72977">
				<ele>1319.8</ele>
				<time>2026-09-22T15:41:45.302Z</time>
			</trkpt>
			<trkpt lat="47.40628" lon="10.73014">
				<ele>1318.29</ele>
				<time>2026-09-22T15:41:47.012Z</time>
			</trkpt>
			<trkpt lat="47.40651" lon="10.73111">
				<ele>1319.02</ele>
				<time>2026-09-22T15:41:51.784Z</time>
			</trkpt>
			<trkpt lat="47.40681" lon="10.73219">
				<ele>1325</ele>
				<time>2026-09-22T15:41:57.249Z</time>
			</trkpt>
			<trkpt lat="47.40707" lon="10.73345">
				<ele>1312.78</ele>
				<time>2026-09-22T15:42:03.474Z</time>
			</trkpt>
			<trkpt lat="47.40729" lon="10.73584">
				<ele>1318.28</ele>
				<time>2026-09-22T15:42:15.037Z</time>
			</trkpt>
			<trkpt lat="47.40757" lon="10.73728">
				<ele>1320.87</ele>
				<time>2026-09-22T15:42:22.329Z</time>
			</trkpt>
			<trkpt lat="47.40779" lon="10.73804">
				<ele>1319.95</ele>
				<time>2026-09-22T15:42:26.388Z</time>
			</trkpt>
			<trkpt lat="47.40785" lon="10.73846">
				<ele>1321.21</ele>
				<time>2026-09-22T15:42:28.507Z</time>
			</trkpt>
			<trkpt lat="47.40787" lon="10.73877">
				<ele>1323.23</ele>
				<time>2026-09-22T15:42:30.048Z</time>
			</trkpt>
			<trkpt lat="47.40787" lon="10.73906">
				<ele>1324.94</ele>
				<time>2026-09-22T15:42:31.487Z</time>
			</trkpt>
			<trkpt lat="47.40783" lon="10.73954">
				<ele>1326.72</ele>
				<time>2026-09-22T15:42:33.894Z</time>
			</trkpt>
			<trkpt lat="47.40757" lon="10.7411">
				<ele>1334.48</ele>
				<time>2026-09-22T15:42:41.955Z</time>
			</trkpt>
			<trkpt lat="47.40749" lon="10.74174">
				<ele>1338.05</ele>
				<time>2026-09-22T15:42:45.250Z</time>
			</trkpt>
			<trkpt lat="47.40748" lon="10.7422">
				<ele>1339.98</ele>
				<time>2026-09-22T15:42:47.591Z</time>
			</trkpt>
			<trkpt lat="47.4075" lon="10.74266">
				<ele>1341.21</ele>
				<time>2026-09-22T15:42:49.943Z</time>
			</trkpt>
			<trkpt lat="47.40759" lon="10.74374">
				<ele>1347.33</ele>
				<time>2026-09-22T15:42:55.531Z</time>
			</trkpt>
			<trkpt lat="47.40783" lon="10.7462">
				<ele>1342.24</ele>
				<time>2026-09-22T15:43:08.477Z</time>
			</trkpt>
			<trkpt lat="47.40795" lon="10.74694">
				<ele>1340.64</ele>
				<time>2026-09-22T15:43:12.493Z</time>
			</trkpt>
			<trkpt lat="47.4081" lon="10.74747">
				<ele>1338.03</ele>
				<time>2026-09-22T15:43:15.541Z</time>
			</trkpt>
			<trkpt lat="47.40812" lon="10.74751">
				<ele>1337.57</ele>
				<time>2026-09-22T15:43:15.805Z</time>
			</trkpt>
			<trkpt lat="47.40821" lon="10.74752">
				<ele>1337.05</ele>
				<time>2026-09-22T15:43:16.515Z</time>
			</trkpt>
			<trkpt lat="47.40831" lon="10.74747">
				<ele>1337.41</ele>
				<time>2026-09-22T15:43:17.346Z</time>
			</trkpt>
			<trkpt lat="47.40875" lon="10.7469">
				<ele>1340.73</ele>
				<time>2026-09-22T15:43:21.973Z</time>
			</trkpt>
			<trkpt lat="47.40886" lon="10.74682">
				<ele>1340.95</ele>
				<time>2026-09-22T15:43:22.946Z</time>
			</trkpt>
			<trkpt lat="47.40895" lon="10.74679">
				<ele>1340.69</ele>
				<time>2026-09-22T15:43:23.680Z</time>
			</trkpt>
			<trkpt lat="47.40903" lon="10.74679">
				<ele>1340.23</ele>
				<time>2026-09-22T15:43:24.316Z</time>
			</trkpt>
			<trkpt lat="47.40912" lon="10.7469">
				<ele>1339.31</ele>
				<time>2026-09-22T15:43:25.247Z</time>
			</trkpt>
			<trkpt lat="47.40924" lon="10.74717">
				<ele>1335.75</ele>
				<time>2026-09-22T15:43:26.992Z</time>
			</trkpt>
			<trkpt lat="47.40956" lon="10.74792">
				<ele>1325.05</ele>
				<time>2026-09-22T15:43:31.806Z</time>
			</trkpt>
			<trkpt lat="47.40964" lon="10.74825">
				<ele>1324.07</ele>
				<time>2026-09-22T15:43:33.718Z</time>
			</trkpt>
			<trkpt lat="47.40963" lon="10.74881">
				<ele>1321.23</ele>
				<time>2026-09-22T15:43:36.787Z</time>
			</trkpt>
			<trkpt lat="47.40967" lon="10.74923">
				<ele>1318.16</ele>
				<time>2026-09-22T15:43:39.119Z</time>
			</trkpt>
			<trkpt lat="47.40965" lon="10.74928">
				<ele>1317.65</ele>
				<time>2026-09-22T15:43:39.439Z</time>
			</trkpt>
			<trkpt lat="47.40923" lon="10.74962">
				<ele>1312.64</ele>
				<time>2026-09-22T15:43:43.349Z</time>
			</trkpt>
			<trkpt lat="47.40917" lon="10.74971">
				<ele>1311.12</ele>
				<time>2026-09-22T15:43:44.050Z</time>
			</trkpt>
			<trkpt lat="47.40905" lon="10.75055">
				<ele>1307.06</ele>
				<time>2026-09-22T15:43:48.830Z</time>
			</trkpt>
			<trkpt lat="47.40904" lon="10.75079">
				<ele>1306.83</ele>
				<time>2026-09-22T15:43:50.175Z</time>
			</trkpt>
			<trkpt lat="47.40905" lon="10.75102">
				<ele>1305.55</ele>
				<time>2026-09-22T15:43:51.466Z</time>
			</trkpt>
			<trkpt lat="47.40909" lon="10.75129">
				<ele>1303.24</ele>
				<time>2026-09-22T15:43:53.018Z</time>
			</trkpt>
			<trkpt lat="47.40917" lon="10.75154">
				<ele>1301.99</ele>
				<time>2026-09-22T15:43:54.574Z</time>
			</trkpt>
			<trkpt lat="47.40961" lon="10.7526">
				<ele>1299.59</ele>
				<time>2026-09-22T15:44:01.616Z</time>
			</trkpt>
			<trkpt lat="47.40964" lon="10.75284">
				<ele>1301.05</ele>
				<time>2026-09-22T15:44:03.006Z</time>
			</trkpt>
			<trkpt lat="47.40965" lon="10.75315">
				<ele>1303.25</ele>
				<time>2026-09-22T15:44:04.776Z</time>
			</trkpt>
			<trkpt lat="47.4095" lon="10.755">
				<ele>1305.61</ele>
				<time>2026-09-22T15:44:15.373Z</time>
			</trkpt>
			<trkpt lat="47.4094" lon="10.75548">
				<ele>1301.63</ele>
				<time>2026-09-22T15:44:18.222Z</time>
			</trkpt>
			<trkpt lat="47.40911" lon="10.75663">
				<ele>1296.01</ele>
				<time>2026-09-22T15:44:25.173Z</time>
			</trkpt>
			<trkpt lat="47.40833" lon="10.75883">
				<ele>1283.47</ele>
				<time>2026-09-22T15:44:39.226Z</time>
			</trkpt>
			<trkpt lat="47.40803" lon="10.75984">
				<ele>1278.31</ele>
				<time>2026-09-22T15:44:45.473Z</time>
			</trkpt>
			<trkpt lat="47.40785" lon="10.76054">
				<ele>1271.35</ele>
				<time>2026-09-22T15:44:49.719Z</time>
			</trkpt>
			<trkpt lat="47.40787" lon="10.76123">
				<ele>1267.68</ele>
				<time>2026-09-22T15:44:53.640Z</time>
			</trkpt>
			<trkpt lat="47.40782" lon="10.76157">
				<ele>1264.96</ele>
				<time>2026-09-22T15:44:55.618Z</time>
			</trkpt>
			<trkpt lat="47.40733" lon="10.76277">
				<ele>1254.69</ele>
				<time>2026-09-22T15:45:03.606Z</time>
			</trkpt>
			<trkpt lat="47.40721" lon="10.7632">
				<ele>1246.06</ele>
				<time>2026-09-22T15:45:06.265Z</time>
			</trkpt>
			<trkpt lat="47.4071" lon="10.76367">
				<ele>1241.71</ele>
				<time>2026-09-22T15:45:09.113Z</time>
			</trkpt>
			<trkpt lat="47.40701" lon="10.76436">
				<ele>1237.33</ele>
				<time>2026-09-22T15:45:13.148Z</time>
			</trkpt>
			<trkpt lat="47.40703" lon="10.76631">
				<ele>1235.52</ele>
				<time>2026-09-22T15:45:24.417Z</time>
			</trkpt>
			<trkpt lat="47.40701" lon="10.76813">
				<ele>1216.43</ele>
				<time>2026-09-22T15:45:35.050Z</time>
			</trkpt>
			<trkpt lat="47.40698" lon="10.76882">
				<ele>1216.03</ele>
				<time>2026-09-22T15:45:39.122Z</time>
			</trkpt>
			<trkpt lat="47.40692" lon="10.76924">
				<ele>1211.16</ele>
				<time>2026-09-22T15:45:41.661Z</time>
			</trkpt>
			<trkpt lat="47.40635" lon="10.77101">
				<ele>1195.49</ele>
				<time>2026-09-22T15:45:53.360Z</time>
			</trkpt>
			<trkpt lat="47.40636" lon="10.77169">
				<ele>1200.45</ele>
				<time>2026-09-22T15:45:57.465Z</time>
			</trkpt>
			<trkpt lat="47.40632" lon="10.77242">
				<ele>1200.15</ele>
				<time>2026-09-22T15:46:01.913Z</time>
			</trkpt>
			<trkpt lat="47.40641" lon="10.77297">
				<ele>1185.51</ele>
				<time>2026-09-22T15:46:05.370Z</time>
			</trkpt>
			<trkpt lat="47.40688" lon="10.77376">
				<ele>1187.47</ele>
				<time>2026-09-22T15:46:11.847Z</time>
			</trkpt>
			<trkpt lat="47.40698" lon="10.77416">
				<ele>1181.55</ele>
				<time>2026-09-22T15:46:14.492Z</time>
			</trkpt>
			<trkpt lat="47.40705" lon="10.77478">
				<ele>1164.95</ele>
				<time>2026-09-22T15:46:18.413Z</time>
			</trkpt>
			<trkpt lat="47.40717" lon="10.7752">
				<ele>1162.35</ele>
				<time>2026-09-22T15:46:21.273Z</time>
			</trkpt>
			<trkpt lat="47.40755" lon="10.77596">
				<ele>1156.25</ele>
				<time>2026-09-22T15:46:27.246Z</time>
			</trkpt>
			<trkpt lat="47.40777" lon="10.77686">
				<ele>1150.3</ele>
				<time>2026-09-22T15:46:33.361Z</time>
			</trkpt>
			<trkpt lat="47.40799" lon="10.77747">
				<ele>1145.3</ele>
				<time>2026-09-22T15:46:37.820Z</time>
			</trkpt>
			<trkpt lat="47.4085" lon="10.77824">
				<ele>1140.63</ele>
				<time>2026-09-22T15:46:44.845Z</time>
			</trkpt>
			<trkpt lat="47.40884" lon="10.77872">
				<ele>1139.65</ele>
				<time>2026-09-22T15:46:49.426Z</time>
			</trkpt>
			<trkpt lat="47.40897" lon="10.77894">
				<ele>1137.68</ele>
				<time>2026-09-22T15:46:51.364Z</time>
			</trkpt>
			<trkpt lat="47.40916" lon="10.77935">
				<ele>1133.94</ele>
				<time>2026-09-22T15:46:54.677Z</time>
			</trkpt>
			<trkpt lat="47.4093" lon="10.77971">
				<ele>1132.1</ele>
				<time>2026-09-22T15:46:57.462Z</time>
			</trkpt>
			<trkpt lat="47.41058" lon="10.78332">
				<ele>1119.78</ele>
				<time>2026-09-22T15:47:25.652Z</time>
			</trkpt>
			<trkpt lat="47.41083" lon="10.784">
				<ele>1117.48</ele>
				<time>2026-09-22T15:47:31.192Z</time>
			</trkpt>
			<trkpt lat="47.41102" lon="10.78439">
				<ele>1117.37</ele>
				<time>2026-09-22T15:47:34.664Z</time>
			</trkpt>
			<trkpt lat="47.4112" lon="10.78469">
				<ele>1119.48</ele>
				<time>2026-09-22T15:47:37.581Z</time>
			</trkpt>
			<trkpt lat="47.4114" lon="10.78494">
				<ele>1117.92</ele>
				<time>2026-09-22T15:47:40.413Z</time>
			</trkpt>
			<trkpt lat="47.41167" lon="10.78523">
				<ele>1121.11</ele>
				<time>2026-09-22T15:47:44.046Z</time>
			</trkpt>
			<trkpt lat="47.4133" lon="10.78679">
				<ele>1111.61</ele>
				<time>2026-09-22T15:48:05.743Z</time>
			</trkpt>
			<trkpt lat="47.4136" lon="10.78719">
				<ele>1106.41</ele>
				<time>2026-09-22T15:48:10.383Z</time>
			</trkpt>
			<trkpt lat="47.41384" lon="10.78757">
				<ele>1107.56</ele>
				<time>2026-09-22T15:48:14.458Z</time>
			</trkpt>
			<trkpt lat="47.41398" lon="10.78789">
				<ele>1107.1</ele>
				<time>2026-09-22T15:48:17.467Z</time>
			</trkpt>
			<trkpt lat="47.41414" lon="10.78821">
				<ele>1107.3</ele>
				<time>2026-09-22T15:48:20.630Z</time>
			</trkpt>
			<trkpt lat="47.41426" lon="10.78841">
				<ele>1106.1</ele>
				<time>2026-09-22T15:48:22.766Z</time>
			</trkpt>
			<trkpt lat="47.41447" lon="10.78864">
				<ele>1106.38</ele>
				<time>2026-09-22T15:48:25.870Z</time>
			</trkpt>
			<trkpt lat="47.41463" lon="10.78877">
				<ele>1106.68</ele>
				<time>2026-09-22T15:48:28.049Z</time>
			</trkpt>
			<trkpt lat="47.41491" lon="10.7889">
				<ele>1100.77</ele>
				<time>2026-09-22T15:48:31.574Z</time>
			</trkpt>
			<trkpt lat="47.41535" lon="10.78894">
				<ele>1096.11</ele>
				<time>2026-09-22T15:48:36.915Z</time>
			</trkpt>
			<trkpt lat="47.41576" lon="10.78895">
				<ele>1097.86</ele>
				<time>2026-09-22T15:48:41.937Z</time>
			</trkpt>
			<trkpt lat="47.41697" lon="10.78895">
				<ele>1100.87</ele>
				<time>2026-09-22T15:48:57.057Z</time>
			</trkpt>
			<trkpt lat="47.41756" lon="10.78879">
				<ele>1095.62</ele>
				<time>2026-09-22T15:49:04.726Z</time>
			</trkpt>
			<trkpt lat="47.41917" lon="10.78819">
				<ele>1081.03</ele>
				<time>2026-09-22T15:49:26.577Z</time>
			</trkpt>
			<trkpt lat="47.41932" lon="10.78818">
				<ele>1081.58</ele>
				<time>2026-09-22T15:49:28.600Z</time>
			</trkpt>
			<trkpt lat="47.41961" lon="10.7882">
				<ele>1082.33</ele>
				<time>2026-09-22T15:49:32.532Z</time>
			</trkpt>
			<trkpt lat="47.42008" lon="10.7883">
				<ele>1081.03</ele>
				<time>2026-09-22T15:49:39.029Z</time>
			</trkpt>
			<trkpt lat="47.42017" lon="10.78825">
				<ele>1081.26</ele>
				<time>2026-09-22T15:49:40.355Z</time>
			</trkpt>
			<trkpt lat="47.42023" lon="10.78846">
				<ele>1081.06</ele>
				<time>2026-09-22T15:49:42.488Z</time>
			</trkpt>
			<trkpt lat="47.42026" lon="10.7894">
				<ele>1080.95</ele>
				<time>2026-09-22T15:49:51.385Z</time>
			</trkpt>
			<trkpt lat="47.4203" lon="10.78959">
				<ele>1080.91</ele>
				<time>2026-09-22T15:49:53.285Z</time>
			</trkpt>
			<trkpt lat="47.42032" lon="10.78986">
				<ele>1080.84</ele>
				<time>2026-09-22T15:49:55.890Z</time>
			</trkpt>
			<trkpt lat="47.42022" lon="10.79061">
				<ele>1080.83</ele>
				<time>2026-09-22T15:50:03.289Z</time>
			</trkpt>
			<trkpt lat="47.42009" lon="10.79099">
				<ele>1080.27</ele>
				<time>2026-09-22T15:50:07.454Z</time>
			</trkpt>
			<trkpt lat="47.41996" lon="10.79116">
				<ele>1080.1</ele>
				<time>2026-09-22T15:50:09.979Z</time>
			</trkpt>
			<trkpt lat="47.41983" lon="10.7913">
				<ele>1080.6</ele>
				<time>2026-09-22T15:50:12.329Z</time>
			</trkpt>
			<trkpt lat="47.41939" lon="10.79167">
				<ele>1081.83</ele>
				<time>2026-09-22T15:50:19.791Z</time>
			</trkpt>
			<trkpt lat="47.41922" lon="10.79182">
				<ele>1081.3</ele>
				<time>2026-09-22T15:50:22.737Z</time>
			</trkpt>
			<trkpt lat="47.41892" lon="10.79222">
				<ele>1081.12</ele>
				<time>2026-09-22T15:50:28.796Z</time>
			</trkpt>
			<trkpt lat="47.41881" lon="10.79241">
				<ele>1082.03</ele>
				<time>2026-09-22T15:50:31.353Z</time>
			</trkpt>
			<trkpt lat="47.41831" lon="10.79352">
				<ele>1083.35</ele>
				<time>2026-09-22T15:50:45.183Z</time>
			</trkpt>
			<trkpt lat="47.41814" lon="10.79396">
				<ele>1081.72</ele>
				<time>2026-09-22T15:50:50.525Z</time>
			</trkpt>
			<trkpt lat="47.41791" lon="10.79464">
				<ele>1080.86</ele>
				<time>2026-09-22T15:50:58.964Z</time>
			</trkpt>
			<trkpt lat="47.41727" lon="10.79657">
				<ele>1077.86</ele>
				<time>2026-09-22T15:51:29.903Z</time>
			</trkpt>
			<trkpt lat="47.41716" lon="10.79705">
				<ele>1076.4</ele>
				<time>2026-09-22T15:51:38.414Z</time>
			</trkpt>
			<trkpt lat="47.4171" lon="10.79762">
				<ele>1073.8</ele>
				<time>2026-09-22T15:51:48.509Z</time>
			</trkpt>
			<trkpt lat="47.41708" lon="10.79819">
				<ele>1073.51</ele>
				<time>2026-09-22T15:51:58.839Z</time>
			</trkpt>
			<trkpt lat="47.41709" lon="10.79922">
				<ele>1071.45</ele>
				<time>2026-09-22T15:52:18.064Z</time>
			</trkpt>
			<trkpt lat="47.41711" lon="10.79934">
				<ele>1071.37</ele>
				<time>2026-09-22T15:52:20.401Z</time>
			</trkpt>
			<trkpt lat="47.41717" lon="10.79943">
				<ele>1071.18</ele>
				<time>2026-09-22T15:52:22.795Z</time>
			</trkpt>
			<trkpt lat="47.41729" lon="10.79954">
				<ele>1071.09</ele>
				<time>2026-09-22T15:52:26.754Z</time>
			</trkpt>
			<trkpt lat="47.41716" lon="10.80005">
				<ele>1073.1</ele>
				<time>2026-09-22T15:52:37.100Z</time>
			</trkpt>
			<trkpt lat="47.41704" lon="10.80076">
				<ele>1073.79</ele>
				<time>2026-09-22T15:52:50.898Z</time>
			</trkpt>
			<trkpt lat="47.41698" lon="10.80151">
				<ele>1073.55</ele>
				<time>2026-09-22T15:53:04.846Z</time>
			</trkpt>
			<trkpt lat="47.41699" lon="10.80207">
				<ele>1076.18</ele>
				<time>2026-09-22T15:53:14.883Z</time>
			</trkpt>
			<trkpt lat="47.41704" lon="10.80253">
				<ele>1078.83</ele>
				<time>2026-09-22T15:53:22.964Z</time>
			</trkpt>
			<trkpt lat="47.41713" lon="10.80317">
				<ele>1080.01</ele>
				<time>2026-09-22T15:53:33.798Z</time>
			</trkpt>
			<trkpt lat="47.41764" lon="10.80531">
				<ele>1085.97</ele>
				<time>2026-09-22T15:54:05.086Z</time>
			</trkpt>
			<trkpt lat="47.41784" lon="10.8064">
				<ele>1086.1</ele>
				<time>2026-09-22T15:54:15.794Z</time>
			</trkpt>
			<trkpt lat="47.41792" lon="10.807">
				<ele>1089</ele>
				<time>2026-09-22T15:54:20.194Z</time>
			</trkpt>
			<trkpt lat="47.41797" lon="10.80757">
				<ele>1089.77</ele>
				<time>2026-09-22T15:54:24.193Z</time>
			</trkpt>
			<trkpt lat="47.41799" lon="10.80819">
				<ele>1091.59</ele>
				<time>2026-09-22T15:54:28.419Z</time>
			</trkpt>
			<trkpt lat="47.41797" lon="10.80933">
				<ele>1092.91</ele>
				<time>2026-09-22T15:54:35.938Z</time>
			</trkpt>
			<trkpt lat="47.41778" lon="10.81244">
				<ele>1086.7</ele>
				<time>2026-09-22T15:54:54.977Z</time>
			</trkpt>
			<trkpt lat="47.41777" lon="10.81299">
				<ele>1089.63</ele>
				<time>2026-09-22T15:54:58.108Z</time>
			</trkpt>
			<trkpt lat="47.4178" lon="10.81395">
				<ele>1081.35</ele>
				<time>2026-09-22T15:55:03.425Z</time>
			</trkpt>
			<trkpt lat="47.41789" lon="10.81493">
				<ele>1080.36</ele>
				<time>2026-09-22T15:55:08.698Z</time>
			</trkpt>
			<trkpt lat="47.41834" lon="10.81768">
				<ele>1084.42</ele>
				<time>2026-09-22T15:55:22.742Z</time>
			</trkpt>
			<trkpt lat="47.41841" lon="10.81824">
				<ele>1080.21</ele>
				<time>2026-09-22T15:55:25.392Z</time>
			</trkpt>
			<trkpt lat="47.4185" lon="10.81927">
				<ele>1078.23</ele>
				<time>2026-09-22T15:55:30.081Z</time>
			</trkpt>
			<trkpt lat="47.4185" lon="10.82037">
				<ele>1078.67</ele>
				<time>2026-09-22T15:55:34.853Z</time>
			</trkpt>
			<trkpt lat="47.41834" lon="10.82367">
				<ele>1087.05</ele>
				<time>2026-09-22T15:55:48.088Z</time>
			</trkpt>
			<trkpt lat="47.41828" lon="10.82511">
				<ele>1090.53</ele>
				<time>2026-09-22T15:55:53.384Z</time>
			</trkpt>
			<trkpt lat="47.41823" lon="10.82827">
				<ele>1095.26</ele>
				<time>2026-09-22T15:56:04.110Z</time>
			</trkpt>
			<trkpt lat="47.41818" lon="10.82977">
				<ele>1100.12</ele>
				<time>2026-09-22T15:56:08.836Z</time>
			</trkpt>
			<trkpt lat="47.41815" lon="10.83009">
				<ele>1101.26</ele>
				<time>2026-09-22T15:56:09.825Z</time>
			</trkpt>
			<trkpt lat="47.41794" lon="10.83164">
				<ele>1105.3</ele>
				<time>2026-09-22T15:56:14.534Z</time>
			</trkpt>
			<trkpt lat="47.41787" lon="10.8327">
				<ele>1111</ele>
				<time>2026-09-22T15:56:17.596Z</time>
			</trkpt>
			<trkpt lat="47.41786" lon="10.83346">
				<ele>1113.01</ele>
				<time>2026-09-22T15:56:19.732Z</time>
			</trkpt>
			<trkpt lat="47.41794" lon="10.83552">
				<ele>1115.23</ele>
				<time>2026-09-22T15:56:25.352Z</time>
			</trkpt>
			<trkpt lat="47.41795" lon="10.83636">
				<ele>1117.84</ele>
				<time>2026-09-22T15:56:27.575Z</time>
			</trkpt>
			<trkpt lat="47.41792" lon="10.83908">
				<ele>1112.62</ele>
				<time>2026-09-22T15:56:34.582Z</time>
			</trkpt>
			<trkpt lat="47.41787" lon="10.83996">
				<ele>1107.7</ele>
				<time>2026-09-22T15:56:36.811Z</time>
			</trkpt>
			<trkpt lat="47.4177" lon="10.84153">
				<ele>1103.99</ele>
				<time>2026-09-22T15:56:40.790Z</time>
			</trkpt>
			<trkpt lat="47.41758" lon="10.84249">
				<ele>1102.11</ele>
				<time>2026-09-22T15:56:43.222Z</time>
			</trkpt>
			<trkpt lat="47.41746" lon="10.84312">
				<ele>1102.55</ele>
				<time>2026-09-22T15:56:44.852Z</time>
			</trkpt>
			<trkpt lat="47.41727" lon="10.84382">
				<ele>1101.17</ele>
				<time>2026-09-22T15:56:46.733Z</time>
			</trkpt>
			<trkpt lat="47.41698" lon="10.84469">
				<ele>1102.63</ele>
				<time>2026-09-22T15:56:49.161Z</time>
			</trkpt>
			<trkpt lat="47.41681" lon="10.8453">
				<ele>1098.85</ele>
				<time>2026-09-22T15:56:50.821Z</time>
			</trkpt>
			<trkpt lat="47.41673" lon="10.84583">
				<ele>1096.19</ele>
				<time>2026-09-22T15:56:52.194Z</time>
			</trkpt>
			<trkpt lat="47.41668" lon="10.84627">
				<ele>1092.26</ele>
				<time>2026-09-22T15:56:53.328Z</time>
			</trkpt>
			<trkpt lat="47.41663" lon="10.8465">
				<ele>1090.37</ele>
				<time>2026-09-22T15:56:53.944Z</time>
			</trkpt>
			<trkpt lat="47.41653" lon="10.8469">
				<ele>1088.63</ele>
				<time>2026-09-22T15:56:55.036Z</time>
			</trkpt>
			<trkpt lat="47.41647" lon="10.84706">
				<ele>1088.39</ele>
				<time>2026-09-22T15:56:55.506Z</time>
			</trkpt>
			<trkpt lat="47.41631" lon="10.84741">
				<ele>1086.23</ele>
				<time>2026-09-22T15:56:56.597Z</time>
			</trkpt>
			<trkpt lat="47.41578" lon="10.84857">
				<ele>1078.71</ele>
				<time>2026-09-22T15:57:00.260Z</time>
			</trkpt>
			<trkpt lat="47.41557" lon="10.84927">
				<ele>1077.37</ele>
				<time>2026-09-22T15:57:02.303Z</time>
			</trkpt>
			<trkpt lat="47.41539" lon="10.85019">
				<ele>1071.48</ele>
				<time>2026-09-22T15:57:04.901Z</time>
			</trkpt>
			<trkpt lat="47.41513" lon="10.85184">
				<ele>1057.01</ele>
				<time>2026-09-22T15:57:09.636Z</time>
			</trkpt>
			<trkpt lat="47.41501" lon="10.85256">
				<ele>1057.74</ele>
				<time>2026-09-22T15:57:11.771Z</time>
			</trkpt>
			<trkpt lat="47.41488" lon="10.8531">
				<ele>1066.11</ele>
				<time>2026-09-22T15:57:13.450Z</time>
			</trkpt>
			<trkpt lat="47.41478" lon="10.85339">
				<ele>1068</ele>
				<time>2026-09-22T15:57:14.415Z</time>
			</trkpt>
			<trkpt lat="47.41452" lon="10.85395">
				<ele>1064.42</ele>
				<time>2026-09-22T15:57:16.458Z</time>
			</trkpt>
			<trkpt lat="47.4143" lon="10.85431">
				<ele>1061.49</ele>
				<time>2026-09-22T15:57:17.942Z</time>
			</trkpt>
			<trkpt lat="47.41373" lon="10.85496">
				<ele>1055.46</ele>
				<time>2026-09-22T15:57:21.274Z</time>
			</trkpt>
			<trkpt lat="47.41345" lon="10.85534">
				<ele>1056.16</ele>
				<time>2026-09-22T15:57:23.078Z</time>
			</trkpt>
			<trkpt lat="47.4132" lon="10.85579">
				<ele>1055.96</ele>
				<time>2026-09-22T15:57:24.981Z</time>
			</trkpt>
			<trkpt lat="47.41297" lon="10.85637">
				<ele>1052.05</ele>
				<time>2026-09-22T15:57:27.225Z</time>
			</trkpt>
			<trkpt lat="47.41284" lon="10.85675">
				<ele>1051.19</ele>
				<time>2026-09-22T15:57:28.672Z</time>
			</trkpt>
			<trkpt lat="47.41159" lon="10.86066">
				<ele>1046.42</ele>
				<time>2026-09-22T15:57:44.647Z</time>
			</trkpt>
			<trkpt lat="47.41143" lon="10.86108">
				<ele>1043.45</ele>
				<time>2026-09-22T15:57:46.586Z</time>
			</trkpt>
			<trkpt lat="47.41124" lon="10.86145">
				<ele>1044.1</ele>
				<time>2026-09-22T15:57:48.487Z</time>
			</trkpt>
			<trkpt lat="47.41092" lon="10.86192">
				<ele>1041.05</ele>
				<time>2026-09-22T15:57:51.274Z</time>
			</trkpt>
			<trkpt lat="47.41072" lon="10.86213">
				<ele>1039.8</ele>
				<time>2026-09-22T15:57:52.819Z</time>
			</trkpt>
			<trkpt lat="47.4101" lon="10.86263">
				<ele>1031.61</ele>
				<time>2026-09-22T15:57:57.385Z</time>
			</trkpt>
			<trkpt lat="47.40977" lon="10.86276">
				<ele>1027.75</ele>
				<time>2026-09-22T15:57:59.657Z</time>
			</trkpt>
			<trkpt lat="47.40933" lon="10.86301">
				<ele>1024.27</ele>
				<time>2026-09-22T15:58:02.865Z</time>
			</trkpt>
			<trkpt lat="47.40894" lon="10.86326">
				<ele>1022.67</ele>
				<time>2026-09-22T15:58:05.832Z</time>
			</trkpt>
			<trkpt lat="47.40873" lon="10.86344">
				<ele>1025.55</ele>
				<time>2026-09-22T15:58:07.558Z</time>
			</trkpt>
			<trkpt lat="47.4085" lon="10.86369">
				<ele>1028.96</ele>
				<time>2026-09-22T15:58:09.618Z</time>
			</trkpt>
			<trkpt lat="47.40824" lon="10.86407">
				<ele>1028.37</ele>
				<time>2026-09-22T15:58:12.305Z</time>
			</trkpt>
			<trkpt lat="47.4081" lon="10.86431">
				<ele>1026.19</ele>
				<time>2026-09-22T15:58:13.906Z</time>
			</trkpt>
			<trkpt lat="47.40792" lon="10.86472">
				<ele>1022.52</ele>
				<time>2026-09-22T15:58:16.413Z</time>
			</trkpt>
			<trkpt lat="47.40782" lon="10.86503">
				<ele>1021.15</ele>
				<time>2026-09-22T15:58:18.203Z</time>
			</trkpt>
			<trkpt lat="47.40779" lon="10.86522">
				<ele>1021.06</ele>
				<time>2026-09-22T15:58:19.231Z</time>
			</trkpt>
			<trkpt lat="47.4078" lon="10.86539">
				<ele>1021.1</ele>
				<time>2026-09-22T15:58:20.135Z</time>
			</trkpt>
			<trkpt lat="47.40784" lon="10.86553">
				<ele>1021.25</ele>
				<time>2026-09-22T15:58:20.946Z</time>
			</trkpt>
			<trkpt lat="47.40791" lon="10.86566">
				<ele>1021.5</ele>
				<time>2026-09-22T15:58:21.837Z</time>
			</trkpt>
			<trkpt lat="47.40799" lon="10.86575">
				<ele>1021.79</ele>
				<time>2026-09-22T15:58:22.639Z</time>
			</trkpt>
			<trkpt lat="47.40811" lon="10.8658">
				<ele>1022.41</ele>
				<time>2026-09-22T15:58:23.640Z</time>
			</trkpt>
			<trkpt lat="47.40826" lon="10.86576">
				<ele>1023.65</ele>
				<time>2026-09-22T15:58:24.873Z</time>
			</trkpt>
			<trkpt lat="47.40844" lon="10.86567">
				<ele>1025.27</ele>
				<time>2026-09-22T15:58:26.425Z</time>
			</trkpt>
			<trkpt lat="47.40865" lon="10.86553">
				<ele>1025.73</ele>
				<time>2026-09-22T15:58:28.328Z</time>
			</trkpt>
			<trkpt lat="47.4087" lon="10.86554">
				<ele>1026.94</ele>
				<time>2026-09-22T15:58:28.748Z</time>
			</trkpt>
			<trkpt lat="47.40879" lon="10.86563">
				<ele>1030.22</ele>
				<time>2026-09-22T15:58:29.657Z</time>
			</trkpt>
			<trkpt lat="47.40879" lon="10.86568">
				<ele>1031.06</ele>
				<time>2026-09-22T15:58:29.941Z</time>
			</trkpt>
			<trkpt lat="47.40875" lon="10.86584">
				<ele>1032.19</ele>
				<time>2026-09-22T15:58:30.914Z</time>
			</trkpt>
			<trkpt lat="47.40816" lon="10.86668">
				<ele>1022.71</ele>
				<time>2026-09-22T15:58:38.120Z</time>
			</trkpt>
			<trkpt lat="47.40768" lon="10.86723">
				<ele>1018.68</ele>
				<time>2026-09-22T15:58:44.496Z</time>
			</trkpt>
			<trkpt lat="47.40745" lon="10.86754">
				<ele>1018.56</ele>
				<time>2026-09-22T15:58:48.117Z</time>
			</trkpt>
			<trkpt lat="47.40721" lon="10.86797">
				<ele>1016.94</ele>
				<time>2026-09-22T15:58:52.763Z</time>
			</trkpt>
			<trkpt lat="47.4069" lon="10.86863">
				<ele>1014.53</ele>
				<time>2026-09-22T15:58:59.840Z</time>
			</trkpt>
			<trkpt lat="47.4064" lon="10.86983">
				<ele>1012.96</ele>
				<time>2026-09-22T15:59:12.827Z</time>
			</trkpt>
			<trkpt lat="47.40561" lon="10.87176">
				<ele>1013.96</ele>
				<time>2026-09-22T15:59:33.029Z</time>
			</trkpt>
			<trkpt lat="47.4055" lon="10.87207">
				<ele>1014.87</ele>
				<time>2026-09-22T15:59:36.034Z</time>
			</trkpt>
			<trkpt lat="47.40543" lon="10.87232">
				<ele>1016.71</ele>
				<time>2026-09-22T15:59:38.358Z</time>
			</trkpt>
			<trkpt lat="47.40535" lon="10.87282">
				<ele>1015.37</ele>
				<time>2026-09-22T15:59:42.773Z</time>
			</trkpt>
			<trkpt lat="47.40533" lon="10.87363">
				<ele>1010.22</ele>
				<time>2026-09-22T15:59:49.746Z</time>
			</trkpt>
			<trkpt lat="47.40535" lon="10.87417">
				<ele>1006.21</ele>
				<time>2026-09-22T15:59:54.404Z</time>
			</trkpt>
			<trkpt lat="47.40536" lon="10.87543">
				<ele>1000.76</ele>
				<time>2026-09-22T16:00:05.272Z</time>
			</trkpt>
			<trkpt lat="47.40533" lon="10.87581">
				<ele>998.25</ele>
				<time>2026-09-22T16:00:08.577Z</time>
			</trkpt>
			<trkpt lat="47.40529" lon="10.87604">
				<ele>997.36</ele>
				<time>2026-09-22T16:00:10.629Z</time>
			</trkpt>
			<trkpt lat="47.40522" lon="10.87639">
				<ele>996.39</ele>
				<time>2026-09-22T16:00:13.785Z</time>
			</trkpt>
			<trkpt lat="47.4051" lon="10.87677">
				<ele>994.66</ele>
				<time>2026-09-22T16:00:17.414Z</time>
			</trkpt>
			<trkpt lat="47.40491" lon="10.87722">
				<ele>993.08</ele>
				<time>2026-09-22T16:00:22.008Z</time>
			</trkpt>
			<trkpt lat="47.40467" lon="10.87759">
				<ele>990.96</ele>
				<time>2026-09-22T16:00:26.451Z</time>
			</trkpt>
			<trkpt lat="47.40435" lon="10.878">
				<ele>989.25</ele>
				<time>2026-09-22T16:00:31.883Z</time>
			</trkpt>
			<trkpt lat="47.40337" lon="10.8791">
				<ele>985.96</ele>
				<time>2026-09-22T16:00:47.705Z</time>
			</trkpt>
			<trkpt lat="47.40224" lon="10.8804">
				<ele>980.09</ele>
				<time>2026-09-22T16:01:06.194Z</time>
			</trkpt>
			<trkpt lat="47.40207" lon="10.8806">
				<ele>979.46</ele>
				<time>2026-09-22T16:01:09.007Z</time>
			</trkpt>
			<trkpt lat="47.40191" lon="10.88086">
				<ele>979.02</ele>
				<time>2026-09-22T16:01:12.089Z</time>
			</trkpt>
			<trkpt lat="47.40149" lon="10.88218">
				<ele>977.78</ele>
				<time>2026-09-22T16:01:24.906Z</time>
			</trkpt>
			<trkpt lat="47.40111" lon="10.88318">
				<ele>977.63</ele>
				<time>2026-09-22T16:01:35.016Z</time>
			</trkpt>
			<trkpt lat="47.40091" lon="10.88378">
				<ele>974.18</ele>
				<time>2026-09-22T16:01:40.925Z</time>
			</trkpt>
			<trkpt lat="47.40089" lon="10.88399">
				<ele>973.77</ele>
				<time>2026-09-22T16:01:42.801Z</time>
			</trkpt>
			<trkpt lat="47.4009" lon="10.88405">
				<ele>973.75</ele>
				<time>2026-09-22T16:01:43.348Z</time>
			</trkpt>
		</trkseg>
	</trk>
</gpx>